{"type": "FeatureCollection", "name": "type=building", "crs": {"type": "name", "properties": {"name": "urn:ogc:def:crs:OGC:1.3:CRS84"}}, "features": [{"type": "Feature", "properties": {"height": 3.0, "num_floors": null, "subtype": null, "class": null, "roof_height": null, "height_source": "floored"}, "geometry": {"type": "Polygon", "coordinates": [[[35.583954, 33.1845168], [35.5839903, 33.1845068], [35.5840054, 33.1845453], [35.5839691, 33.1845553], [35.583954, 33.1845168]]]}}, {"type": "Feature", "properties": {"height": 3.0, "num_floors": null, "subtype": null, "class": null, "roof_height": null, "height_source": "floored"}, "geometry": {"type": "Polygon", "coordinates": [[[35.5850905, 33.1916841], [35.5851003, 33.1917413], [35.5853315, 33.1917133], [35.5853509, 33.1918254], [35.585301, 33.1918315], [35.5853059, 33.1918601], [35.585235, 33.1918686], [35.5852299, 33.1918392], [35.5851212, 33.1918524], [35.5851118, 33.1917983], [35.5850209, 33.1918093], [35.5850011, 33.1916949], [35.5850905, 33.1916841]]]}}, {"type": "Feature", "properties": {"height": 3.0, "num_floors": null, "subtype": null, "class": null, "roof_height": null, "height_source": "floored"}, "geometry": {"type": "Polygon", "coordinates": [[[35.58521, 33.1916201], [35.5852713, 33.1916159], [35.5852745, 33.1916494], [35.5852132, 33.1916535], [35.58521, 33.1916201]]]}}, {"type": "Feature", "properties": {"height": 3.0, "num_floors": null, "subtype": null, "class": null, "roof_height": null, "height_source": "floored"}, "geometry": {"type": "Polygon", "coordinates": [[[35.5849232, 33.1915703], [35.5849353, 33.1916369], [35.5848225, 33.1916512], [35.5848104, 33.1915846], [35.5849232, 33.1915703]]]}}, {"type": "Feature", "properties": {"height": 3.0, "num_floors": null, "subtype": null, "class": null, "roof_height": null, "height_source": "floored"}, "geometry": {"type": "Polygon", "coordinates": [[[35.5850992, 33.1919998], [35.584768, 33.192088], [35.5847305, 33.1919894], [35.5850618, 33.1919012], [35.5850992, 33.1919998]]]}}, {"type": "Feature", "properties": {"height": 3.0, "num_floors": null, "subtype": null, "class": null, "roof_height": null, "height_source": "floored"}, "geometry": {"type": "Polygon", "coordinates": [[[35.5845803, 33.1920069], [35.5846343, 33.1919847], [35.5846662, 33.1920389], [35.5846122, 33.1920611], [35.5845803, 33.1920069]]]}}, {"type": "Feature", "properties": {"height": 3.0, "num_floors": null, "subtype": null, "class": null, "roof_height": null, "height_source": "floored"}, "geometry": {"type": "Polygon", "coordinates": [[[35.5844285, 33.1916507], [35.584426, 33.1915901], [35.5845134, 33.1915876], [35.5845159, 33.1916482], [35.5844285, 33.1916507]]]}}, {"type": "Feature", "properties": {"height": 3.0, "num_floors": null, "subtype": null, "class": null, "roof_height": null, "height_source": "floored"}, "geometry": {"type": "Polygon", "coordinates": [[[35.587806, 33.2020691], [35.5877956, 33.2020052], [35.5879141, 33.2019917], [35.5879245, 33.2020555], [35.587806, 33.2020691]]]}}, {"type": "Feature", "properties": {"height": 3.0, "num_floors": null, "subtype": null, "class": null, "roof_height": null, "height_source": "floored"}, "geometry": {"type": "Polygon", "coordinates": [[[35.5877994, 33.2020541], [35.5878052, 33.2020801], [35.5877621, 33.2020869], [35.5877563, 33.2020609], [35.5877994, 33.2020541]]]}}, {"type": "Feature", "properties": {"height": 3.0, "num_floors": null, "subtype": null, "class": null, "roof_height": null, "height_source": "floored"}, "geometry": {"type": "Polygon", "coordinates": [[[35.5914074, 33.2012505], [35.5914477, 33.2014433], [35.5913697, 33.2014547], [35.5913293, 33.2012619], [35.5914074, 33.2012505]]]}}, {"type": "Feature", "properties": {"height": 3.0, "num_floors": null, "subtype": null, "class": null, "roof_height": null, "height_source": "floored"}, "geometry": {"type": "Polygon", "coordinates": [[[35.5914608, 33.2012835], [35.5914619, 33.2012263], [35.5915825, 33.2012279], [35.5915815, 33.201285], [35.5914608, 33.2012835]]]}}, {"type": "Feature", "properties": {"height": 3.0, "num_floors": null, "subtype": null, "class": null, "roof_height": null, "height_source": "floored"}, "geometry": {"type": "Polygon", "coordinates": [[[35.5900919, 33.1828438], [35.5900544, 33.182794], [35.5900985, 33.1827707], [35.590136, 33.1828204], [35.5900919, 33.1828438]]]}}, {"type": "Feature", "properties": {"height": 3.0, "num_floors": null, "subtype": null, "class": null, "roof_height": null, "height_source": "floored"}, "geometry": {"type": "Polygon", "coordinates": [[[35.5861145, 33.1785756], [35.5861214, 33.1786073], [35.5860668, 33.1786156], [35.58606, 33.1785839], [35.5861145, 33.1785756]]]}}, {"type": "Feature", "properties": {"height": 3.0, "num_floors": null, "subtype": null, "class": null, "roof_height": null, "height_source": "floored"}, "geometry": {"type": "Polygon", "coordinates": [[[35.6051567, 33.1761456], [35.6050889, 33.1761802], [35.6050074, 33.1760684], [35.6051455, 33.1759979], [35.6052007, 33.1760737], [35.6051305, 33.1761095], [35.6051567, 33.1761456]]]}}, {"type": "Feature", "properties": {"height": 3.0, "num_floors": null, "subtype": null, "class": null, "roof_height": null, "height_source": "floored"}, "geometry": {"type": "Polygon", "coordinates": [[[35.6049957, 33.176245], [35.6049607, 33.1762069], [35.6050078, 33.1761766], [35.6050429, 33.1762146], [35.6049957, 33.176245]]]}}, {"type": "Feature", "properties": {"height": 3.0, "num_floors": null, "subtype": null, "class": null, "roof_height": null, "height_source": "floored"}, "geometry": {"type": "Polygon", "coordinates": [[[35.6048368, 33.1763116], [35.6047673, 33.1763491], [35.6047173, 33.1762841], [35.6047531, 33.1762648], [35.6047063, 33.1762041], [35.6048485, 33.1761274], [35.6048921, 33.176184], [35.6048449, 33.1762095], [35.60491, 33.176294], [35.6048487, 33.1763271], [35.6048368, 33.1763116]]]}}, {"type": "Feature", "properties": {"height": 3.0, "num_floors": null, "subtype": null, "class": null, "roof_height": null, "height_source": "floored"}, "geometry": {"type": "Polygon", "coordinates": [[[35.6047808, 33.1771229], [35.6047616, 33.1771374], [35.6047248, 33.1771032], [35.6047884, 33.1770552], [35.6048572, 33.1771191], [35.6048128, 33.1771526], [35.6047808, 33.1771229]]]}}, {"type": "Feature", "properties": {"height": 3.0, "num_floors": null, "subtype": null, "class": null, "roof_height": null, "height_source": "floored"}, "geometry": {"type": "Polygon", "coordinates": [[[35.6048666, 33.1769458], [35.6048043, 33.176989], [35.6047151, 33.1768987], [35.6048627, 33.1767965], [35.6049182, 33.1768527], [35.6048957, 33.1768683], [35.6049544, 33.1769277], [35.6048916, 33.1769711], [35.6048666, 33.1769458]]]}}, {"type": "Feature", "properties": {"height": 3.0, "num_floors": null, "subtype": null, "class": null, "roof_height": null, "height_source": "floored"}, "geometry": {"type": "Polygon", "coordinates": [[[35.6051479, 33.1770555], [35.6050163, 33.1771645], [35.6049106, 33.177075], [35.6049341, 33.1770555], [35.604911, 33.1770359], [35.6050027, 33.17696], [35.6050626, 33.1770107], [35.6050789, 33.1769971], [35.6051479, 33.1770555]]]}}, {"type": "Feature", "properties": {"height": 3.0, "num_floors": null, "subtype": null, "class": null, "roof_height": null, "height_source": "floored"}, "geometry": {"type": "Polygon", "coordinates": [[[35.6052065, 33.1765699], [35.6050714, 33.1766648], [35.6049765, 33.1765702], [35.6051116, 33.1764753], [35.6052065, 33.1765699]]]}}, {"type": "Feature", "properties": {"height": 3.0, "num_floors": null, "subtype": null, "class": null, "roof_height": null, "height_source": "floored"}, "geometry": {"type": "Polygon", "coordinates": [[[35.6050559, 33.1764482], [35.604912, 33.1765267], [35.6048176, 33.1764054], [35.6049615, 33.1763269], [35.6050559, 33.1764482]]]}}, {"type": "Feature", "properties": {"height": 3.0, "num_floors": null, "subtype": null, "class": null, "roof_height": null, "height_source": "floored"}, "geometry": {"type": "Polygon", "coordinates": [[[35.6051892, 33.1768153], [35.6051105, 33.1767441], [35.605266, 33.1766237], [35.6053088, 33.1766624], [35.6053297, 33.1766462], [35.6054106, 33.1767192], [35.6053113, 33.1767962], [35.6052664, 33.1767556], [35.6051892, 33.1768153]]]}}, {"type": "Feature", "properties": {"height": 3.0, "num_floors": null, "subtype": null, "class": null, "roof_height": null, "height_source": "floored"}, "geometry": {"type": "Polygon", "coordinates": [[[35.6054734, 33.1769082], [35.605401, 33.1769712], [35.6053032, 33.1768925], [35.6054622, 33.176754], [35.6055404, 33.1768169], [35.6054538, 33.1768924], [35.6054734, 33.1769082]]]}}, {"type": "Feature", "properties": {"height": 3.0, "num_floors": null, "subtype": null, "class": null, "roof_height": null, "height_source": "floored"}, "geometry": {"type": "Polygon", "coordinates": [[[35.6053594, 33.1765605], [35.6053838, 33.1765958], [35.6053445, 33.1766149], [35.6053201, 33.1765796], [35.6053594, 33.1765605]]]}}, {"type": "Feature", "properties": {"height": 3.0, "num_floors": null, "subtype": null, "class": null, "roof_height": null, "height_source": "floored"}, "geometry": {"type": "Polygon", "coordinates": [[[35.6055389, 33.1764124], [35.6053919, 33.1765045], [35.60535, 33.1764577], [35.605378, 33.1764402], [35.6053216, 33.1763772], [35.6054202, 33.1763154], [35.6054692, 33.1763702], [35.6054897, 33.1763574], [35.6055389, 33.1764124]]]}}, {"type": "Feature", "properties": {"height": 3.0, "num_floors": null, "subtype": null, "class": null, "roof_height": null, "height_source": "floored"}, "geometry": {"type": "Polygon", "coordinates": [[[35.6052606, 33.1763013], [35.6052208, 33.1763368], [35.6051408, 33.1762269], [35.6052662, 33.176163], [35.6053109, 33.1762245], [35.6052335, 33.1762639], [35.6052606, 33.1763013]]]}}, {"type": "Feature", "properties": {"height": 3.0, "num_floors": null, "subtype": null, "class": null, "roof_height": null, "height_source": "floored"}, "geometry": {"type": "Polygon", "coordinates": [[[35.6057245, 33.1761012], [35.6056485, 33.1761565], [35.6055985, 33.1761083], [35.6056264, 33.1760881], [35.6055722, 33.1760359], [35.6056571, 33.1759742], [35.6057359, 33.1760501], [35.6056992, 33.1760768], [35.6057245, 33.1761012]]]}}, {"type": "Feature", "properties": {"height": 3.0, "num_floors": null, "subtype": null, "class": null, "roof_height": null, "height_source": "floored"}, "geometry": {"type": "Polygon", "coordinates": [[[35.6059111, 33.1762475], [35.6058103, 33.176324], [35.6057446, 33.1762633], [35.6057708, 33.1762434], [35.6057276, 33.1762035], [35.6058022, 33.1761469], [35.6059111, 33.1762475]]]}}, {"type": "Feature", "properties": {"height": 3.0, "num_floors": null, "subtype": null, "class": null, "roof_height": null, "height_source": "floored"}, "geometry": {"type": "Polygon", "coordinates": [[[35.6059194, 33.1761427], [35.6059621, 33.1761819], [35.6058962, 33.1762322], [35.6058534, 33.176193], [35.6059194, 33.1761427]]]}}, {"type": "Feature", "properties": {"height": 3.0, "num_floors": null, "subtype": null, "class": null, "roof_height": null, "height_source": "floored"}, "geometry": {"type": "Polygon", "coordinates": [[[35.6063559, 33.1763053], [35.6062615, 33.176241], [35.6063304, 33.1761702], [35.6063068, 33.1761541], [35.6063571, 33.1761025], [35.6064751, 33.176183], [35.6063559, 33.1763053]]]}}, {"type": "Feature", "properties": {"height": 3.0, "num_floors": null, "subtype": null, "class": null, "roof_height": null, "height_source": "floored"}, "geometry": {"type": "Polygon", "coordinates": [[[35.6062092, 33.1761557], [35.6060659, 33.1760475], [35.6061556, 33.1759642], [35.6062989, 33.1760724], [35.6062092, 33.1761557]]]}}, {"type": "Feature", "properties": {"height": 3.0, "num_floors": null, "subtype": null, "class": null, "roof_height": null, "height_source": "floored"}, "geometry": {"type": "Polygon", "coordinates": [[[35.6061095, 33.1759414], [35.6059883, 33.1760251], [35.6058967, 33.1759322], [35.6059354, 33.1759054], [35.6059048, 33.1758745], [35.6059873, 33.1758175], [35.6061095, 33.1759414]]]}}, {"type": "Feature", "properties": {"height": 3.0, "num_floors": null, "subtype": null, "class": null, "roof_height": null, "height_source": "floored"}, "geometry": {"type": "Polygon", "coordinates": [[[35.6063004, 33.1765385], [35.6062026, 33.1766412], [35.6060814, 33.1765604], [35.6061173, 33.1765228], [35.6060752, 33.1764947], [35.6061372, 33.1764296], [35.6063004, 33.1765385]]]}}, {"type": "Feature", "properties": {"height": 3.0, "num_floors": null, "subtype": null, "class": null, "roof_height": null, "height_source": "floored"}, "geometry": {"type": "Polygon", "coordinates": [[[35.6060814, 33.1770846], [35.6060046, 33.1770396], [35.6060911, 33.1769363], [35.6062085, 33.1770052], [35.6061481, 33.1770773], [35.6061075, 33.1770535], [35.6060814, 33.1770846]]]}}, {"type": "Feature", "properties": {"height": 3.0, "num_floors": null, "subtype": null, "class": null, "roof_height": null, "height_source": "floored"}, "geometry": {"type": "Polygon", "coordinates": [[[35.606002, 33.1769156], [35.605884, 33.1769065], [35.6058899, 33.1768531], [35.6059482, 33.1768576], [35.6059584, 33.1767662], [35.6060429, 33.1767728], [35.6060324, 33.1768676], [35.6060075, 33.1768656], [35.606002, 33.1769156]]]}}, {"type": "Feature", "properties": {"height": 3.0, "num_floors": null, "subtype": null, "class": null, "roof_height": null, "height_source": "floored"}, "geometry": {"type": "Polygon", "coordinates": [[[35.6059375, 33.1764117], [35.605919, 33.1764293], [35.6058472, 33.1763766], [35.6059166, 33.1763105], [35.60598, 33.1763571], [35.6059959, 33.1763419], [35.6060701, 33.1763964], [35.6060034, 33.17646], [35.6059375, 33.1764117]]]}}, {"type": "Feature", "properties": {"height": 3.0, "num_floors": null, "subtype": null, "class": null, "roof_height": null, "height_source": "floored"}, "geometry": {"type": "Polygon", "coordinates": [[[35.6057784, 33.1767975], [35.6056322, 33.1766955], [35.6057355, 33.1765917], [35.6058818, 33.1766937], [35.6057784, 33.1767975]]]}}, {"type": "Feature", "properties": {"height": 3.0, "num_floors": null, "subtype": null, "class": null, "roof_height": null, "height_source": "floored"}, "geometry": {"type": "Polygon", "coordinates": [[[35.605537, 33.1766303], [35.6054563, 33.1765592], [35.6055795, 33.1764614], [35.6056602, 33.1765325], [35.605537, 33.1766303]]]}}, {"type": "Feature", "properties": {"height": 3.0, "num_floors": null, "subtype": null, "class": null, "roof_height": null, "height_source": "floored"}, "geometry": {"type": "Polygon", "coordinates": [[[35.6057774, 33.1769704], [35.6055948, 33.1771468], [35.6054684, 33.1770551], [35.6056509, 33.1768787], [35.6057774, 33.1769704]]]}}, {"type": "Feature", "properties": {"height": 3.0, "num_floors": null, "subtype": null, "class": null, "roof_height": null, "height_source": "floored"}, "geometry": {"type": "Polygon", "coordinates": [[[35.6057335, 33.1776109], [35.6056492, 33.1775594], [35.6057114, 33.1774881], [35.6057733, 33.1775259], [35.6057432, 33.1775604], [35.6057656, 33.1775741], [35.6057335, 33.1776109]]]}}, {"type": "Feature", "properties": {"height": 3.0, "num_floors": null, "subtype": null, "class": null, "roof_height": null, "height_source": "floored"}, "geometry": {"type": "Polygon", "coordinates": [[[35.6057419, 33.1777865], [35.6056419, 33.1777297], [35.6056806, 33.177682], [35.6057806, 33.1777388], [35.6057419, 33.1777865]]]}}, {"type": "Feature", "properties": {"height": 3.0, "num_floors": null, "subtype": null, "class": null, "roof_height": null, "height_source": "floored"}, "geometry": {"type": "Polygon", "coordinates": [[[35.6058991, 33.1771624], [35.6058212, 33.1772556], [35.6056769, 33.1771711], [35.6057854, 33.1770414], [35.6058388, 33.1770727], [35.6058083, 33.1771092], [35.6058991, 33.1771624]]]}}, {"type": "Feature", "properties": {"height": 3.0, "num_floors": null, "subtype": null, "class": null, "roof_height": null, "height_source": "floored"}, "geometry": {"type": "Polygon", "coordinates": [[[35.6059562, 33.1772815], [35.6059151, 33.1772576], [35.6060252, 33.1771248], [35.6061255, 33.177183], [35.6060026, 33.1773313], [35.6059434, 33.177297], [35.6059562, 33.1772815]]]}}, {"type": "Feature", "properties": {"height": 3.0, "num_floors": null, "subtype": null, "class": null, "roof_height": null, "height_source": "floored"}, "geometry": {"type": "Polygon", "coordinates": [[[35.6054665, 33.1775731], [35.6053907, 33.177526], [35.6054684, 33.1774385], [35.6055442, 33.1774857], [35.6054665, 33.1775731]]]}}, {"type": "Feature", "properties": {"height": 3.0, "num_floors": null, "subtype": null, "class": null, "roof_height": null, "height_source": "floored"}, "geometry": {"type": "Polygon", "coordinates": [[[35.6052912, 33.1772022], [35.6053307, 33.1771654], [35.6053804, 33.1772027], [35.6053409, 33.1772395], [35.6052912, 33.1772022]]]}}, {"type": "Feature", "properties": {"height": 3.0, "num_floors": null, "subtype": null, "class": null, "roof_height": null, "height_source": "floored"}, "geometry": {"type": "Polygon", "coordinates": [[[35.6054749, 33.1773587], [35.6053332, 33.1775008], [35.6052664, 33.1774541], [35.6053052, 33.1774153], [35.6052278, 33.1773612], [35.6053308, 33.177258], [35.6054749, 33.1773587]]]}}, {"type": "Feature", "properties": {"height": 3.0, "num_floors": null, "subtype": null, "class": null, "roof_height": null, "height_source": "floored"}, "geometry": {"type": "Polygon", "coordinates": [[[35.6051365, 33.177293], [35.6050915, 33.177333], [35.6050434, 33.1772952], [35.6050933, 33.1772508], [35.6050541, 33.1772199], [35.6051172, 33.1771639], [35.6050923, 33.1771443], [35.6051713, 33.1770743], [35.6052503, 33.1771366], [35.6052135, 33.1771693], [35.6052749, 33.1772177], [35.605165, 33.1773155], [35.6051365, 33.177293]]]}}, {"type": "Feature", "properties": {"height": 3.0, "num_floors": null, "subtype": null, "class": null, "roof_height": null, "height_source": "floored"}, "geometry": {"type": "Polygon", "coordinates": [[[35.6047939, 33.1767734], [35.604658, 33.1768627], [35.6045451, 33.1767423], [35.6046809, 33.176653], [35.6047939, 33.1767734]]]}}, {"type": "Feature", "properties": {"height": 3.0, "num_floors": null, "subtype": null, "class": null, "roof_height": null, "height_source": "floored"}, "geometry": {"type": "Polygon", "coordinates": [[[35.6043895, 33.1764671], [35.6042834, 33.1765274], [35.6042169, 33.1764452], [35.604387, 33.1763487], [35.6044649, 33.1764449], [35.6044009, 33.1764812], [35.6043895, 33.1764671]]]}}, {"type": "Feature", "properties": {"height": 3.0, "num_floors": null, "subtype": null, "class": null, "roof_height": null, "height_source": "floored"}, "geometry": {"type": "Polygon", "coordinates": [[[35.6046221, 33.1766449], [35.6044949, 33.1767197], [35.6043956, 33.1766013], [35.604562, 33.1765035], [35.6046299, 33.1765845], [35.6045908, 33.1766075], [35.6046221, 33.1766449]]]}}, {"type": "Feature", "properties": {"height": 3.0, "num_floors": null, "subtype": null, "class": null, "roof_height": null, "height_source": "floored"}, "geometry": {"type": "Polygon", "coordinates": [[[35.6040889, 33.176138], [35.6040275, 33.1761621], [35.6039905, 33.1760963], [35.6041779, 33.1760225], [35.6042506, 33.1761517], [35.6041246, 33.1762014], [35.6040889, 33.176138]]]}}, {"type": "Feature", "properties": {"height": 3.0, "num_floors": null, "subtype": null, "class": null, "roof_height": null, "height_source": "floored"}, "geometry": {"type": "Polygon", "coordinates": [[[35.6037761, 33.1762513], [35.6037623, 33.1762134], [35.6038164, 33.1761997], [35.6038301, 33.1762376], [35.6037761, 33.1762513]]]}}, {"type": "Feature", "properties": {"height": 3.0, "num_floors": null, "subtype": null, "class": null, "roof_height": null, "height_source": "floored"}, "geometry": {"type": "Polygon", "coordinates": [[[35.5962685, 33.1910244], [35.5962654, 33.1911973], [35.596118, 33.1911954], [35.5961211, 33.1910225], [35.5962685, 33.1910244]]]}}, {"type": "Feature", "properties": {"height": 3.0, "num_floors": null, "subtype": null, "class": null, "roof_height": null, "height_source": "floored"}, "geometry": {"type": "Polygon", "coordinates": [[[35.5932739, 33.1926859], [35.5932888, 33.1927415], [35.5932582, 33.1927472], [35.5932433, 33.1926917], [35.5932739, 33.1926859]]]}}, {"type": "Feature", "properties": {"height": 3.0, "num_floors": null, "subtype": null, "class": null, "roof_height": null, "height_source": "floored"}, "geometry": {"type": "Polygon", "coordinates": [[[35.5930688, 33.2011598], [35.59307, 33.2012226], [35.5929413, 33.2012244], [35.5929401, 33.2011615], [35.5930688, 33.2011598]]]}}, {"type": "Feature", "properties": {"height": 3.3, "num_floors": null, "subtype": null, "class": null, "roof_height": null, "height_source": "ndsm"}, "geometry": {"type": "Polygon", "coordinates": [[[35.596691, 33.2007707], [35.5966715, 33.2006747], [35.5967392, 33.2006651], [35.5967587, 33.2007611], [35.596691, 33.2007707]]]}}, {"type": "Feature", "properties": {"height": 3.0, "num_floors": null, "subtype": null, "class": null, "roof_height": null, "height_source": "floored"}, "geometry": {"type": "Polygon", "coordinates": [[[35.5971297, 33.1922529], [35.5971078, 33.1922106], [35.597144, 33.1921975], [35.5971659, 33.1922398], [35.5971297, 33.1922529]]]}}, {"type": "Feature", "properties": {"height": 3.0, "num_floors": null, "subtype": null, "class": null, "roof_height": null, "height_source": "floored"}, "geometry": {"type": "Polygon", "coordinates": [[[35.5971864, 33.1923026], [35.5971457, 33.1922486], [35.5971784, 33.1922314], [35.597219, 33.1922854], [35.5971864, 33.1923026]]]}}, {"type": "Feature", "properties": {"height": 3.0, "num_floors": null, "subtype": null, "class": null, "roof_height": null, "height_source": "floored"}, "geometry": {"type": "Polygon", "coordinates": [[[35.5979401, 33.1937923], [35.5979985, 33.1938725], [35.5978174, 33.1939649], [35.597759, 33.1938847], [35.5979401, 33.1937923]]]}}, {"type": "Feature", "properties": {"height": 3.0, "num_floors": null, "subtype": null, "class": null, "roof_height": null, "height_source": "floored"}, "geometry": {"type": "Polygon", "coordinates": [[[35.5980122, 33.1941101], [35.5979476, 33.1940087], [35.5980717, 33.1939534], [35.5981363, 33.1940548], [35.5980122, 33.1941101]]]}}, {"type": "Feature", "properties": {"height": 3.0, "num_floors": null, "subtype": null, "class": null, "roof_height": null, "height_source": "floored"}, "geometry": {"type": "Polygon", "coordinates": [[[35.598601, 33.1946429], [35.5986129, 33.1946758], [35.5985736, 33.1946857], [35.5985617, 33.1946528], [35.598601, 33.1946429]]]}}, {"type": "Feature", "properties": {"height": 3.0, "num_floors": null, "subtype": null, "class": null, "roof_height": null, "height_source": "floored"}, "geometry": {"type": "Polygon", "coordinates": [[[35.5985408, 33.1946633], [35.5985594, 33.1947035], [35.5985197, 33.1947163], [35.5985011, 33.1946761], [35.5985408, 33.1946633]]]}}, {"type": "Feature", "properties": {"height": 3.0, "num_floors": null, "subtype": null, "class": null, "roof_height": null, "height_source": "floored"}, "geometry": {"type": "Polygon", "coordinates": [[[35.5984641, 33.1944581], [35.5984918, 33.1945063], [35.5984496, 33.1945233], [35.5984218, 33.1944751], [35.5984641, 33.1944581]]]}}, {"type": "Feature", "properties": {"height": 3.0, "num_floors": null, "subtype": null, "class": null, "roof_height": null, "height_source": "floored"}, "geometry": {"type": "Polygon", "coordinates": [[[35.5986614, 33.1944671], [35.5986881, 33.1945151], [35.5986441, 33.1945323], [35.5986174, 33.1944843], [35.5986614, 33.1944671]]]}}, {"type": "Feature", "properties": {"height": 3.0, "num_floors": null, "subtype": null, "class": null, "roof_height": null, "height_source": "floored"}, "geometry": {"type": "Polygon", "coordinates": [[[35.601328, 33.1982273], [35.601323, 33.198201], [35.6014513, 33.1981843], [35.6014563, 33.1982106], [35.601328, 33.1982273]]]}}, {"type": "Feature", "properties": {"height": 3.0, "num_floors": null, "subtype": null, "class": null, "roof_height": null, "height_source": "floored"}, "geometry": {"type": "Polygon", "coordinates": [[[35.6011832, 33.1980713], [35.6012089, 33.1981519], [35.6011413, 33.1981671], [35.6011156, 33.1980864], [35.6011832, 33.1980713]]]}}, {"type": "Feature", "properties": {"height": 3.0, "num_floors": null, "subtype": null, "class": null, "roof_height": null, "height_source": "floored"}, "geometry": {"type": "Polygon", "coordinates": [[[35.6022939, 33.2035094], [35.6023716, 33.2030794], [35.6024581, 33.2030903], [35.6023805, 33.2035204], [35.6022939, 33.2035094]]]}}, {"type": "Feature", "properties": {"height": 3.0, "num_floors": null, "subtype": null, "class": null, "roof_height": null, "height_source": "floored"}, "geometry": {"type": "Polygon", "coordinates": [[[35.6026999, 33.2009269], [35.6027122, 33.2008429], [35.6028311, 33.2008551], [35.6028188, 33.2009391], [35.6026999, 33.2009269]]]}}, {"type": "Feature", "properties": {"height": 3.0, "num_floors": null, "subtype": null, "class": null, "roof_height": null, "height_source": "floored"}, "geometry": {"type": "Polygon", "coordinates": [[[35.6026138, 33.20078], [35.6024153, 33.2007801], [35.6024152, 33.2006577], [35.6026137, 33.2006575], [35.6026138, 33.20078]]]}}, {"type": "Feature", "properties": {"height": 3.0, "num_floors": null, "subtype": null, "class": null, "roof_height": null, "height_source": "floored"}, "geometry": {"type": "Polygon", "coordinates": [[[35.6024492, 33.2007818], [35.6024861, 33.2007778], [35.6024909, 33.2008087], [35.602454, 33.2008127], [35.6024492, 33.2007818]]]}}, {"type": "Feature", "properties": {"height": 3.0, "num_floors": null, "subtype": null, "class": null, "roof_height": null, "height_source": "floored"}, "geometry": {"type": "Polygon", "coordinates": [[[35.6022739, 33.2009449], [35.602153, 33.2009165], [35.6021767, 33.2008457], [35.6022976, 33.2008741], [35.6022739, 33.2009449]]]}}, {"type": "Feature", "properties": {"height": 3.0, "num_floors": null, "subtype": null, "class": null, "roof_height": null, "height_source": "floored"}, "geometry": {"type": "Polygon", "coordinates": [[[35.6019527, 33.2006472], [35.6020761, 33.2006472], [35.6020761, 33.2007246], [35.6018695, 33.2007246], [35.6018695, 33.2005888], [35.6019527, 33.2005888], [35.6019527, 33.2006472]]]}}, {"type": "Feature", "properties": {"height": 3.0, "num_floors": null, "subtype": null, "class": null, "roof_height": null, "height_source": "floored"}, "geometry": {"type": "Polygon", "coordinates": [[[35.6019417, 33.200323], [35.6018777, 33.2003282], [35.6018709, 33.2002703], [35.6019349, 33.200265], [35.6019417, 33.200323]]]}}, {"type": "Feature", "properties": {"height": 3.0, "num_floors": null, "subtype": null, "class": null, "roof_height": null, "height_source": "floored"}, "geometry": {"type": "Polygon", "coordinates": [[[35.6020415, 33.2001881], [35.6019695, 33.200187], [35.6019711, 33.2001161], [35.6019477, 33.2001157], [35.6019485, 33.2000767], [35.602044, 33.2000782], [35.6020415, 33.2001881]]]}}, {"type": "Feature", "properties": {"height": 3.0, "num_floors": null, "subtype": null, "class": null, "roof_height": null, "height_source": "floored"}, "geometry": {"type": "Polygon", "coordinates": [[[35.6017901, 33.2001438], [35.6017177, 33.2001639], [35.6016831, 33.2000771], [35.6017352, 33.2000626], [35.6017527, 33.2001067], [35.6017731, 33.200101], [35.6017901, 33.2001438]]]}}, {"type": "Feature", "properties": {"height": 3.0, "num_floors": null, "subtype": null, "class": null, "roof_height": null, "height_source": "floored"}, "geometry": {"type": "Polygon", "coordinates": [[[35.6017203, 33.2002145], [35.6016367, 33.2002212], [35.6016316, 33.2001778], [35.6017153, 33.200171], [35.6017203, 33.2002145]]]}}, {"type": "Feature", "properties": {"height": 3.0, "num_floors": null, "subtype": null, "class": null, "roof_height": null, "height_source": "floored"}, "geometry": {"type": "Polygon", "coordinates": [[[35.6016889, 33.2003043], [35.6016107, 33.2003127], [35.6016022, 33.200257], [35.6016804, 33.2002486], [35.6016889, 33.2003043]]]}}, {"type": "Feature", "properties": {"height": 3.0, "num_floors": null, "subtype": null, "class": null, "roof_height": null, "height_source": "floored"}, "geometry": {"type": "Polygon", "coordinates": [[[35.6018116, 33.2003489], [35.6017414, 33.2003552], [35.6017332, 33.2002918], [35.6018034, 33.2002855], [35.6018116, 33.2003489]]]}}, {"type": "Feature", "properties": {"height": 3.0, "num_floors": null, "subtype": null, "class": null, "roof_height": null, "height_source": "floored"}, "geometry": {"type": "Polygon", "coordinates": [[[35.6018507, 33.1993523], [35.601852, 33.1993041], [35.601947, 33.1993059], [35.6019457, 33.1993541], [35.6018507, 33.1993523]]]}}, {"type": "Feature", "properties": {"height": 3.0, "num_floors": null, "subtype": null, "class": null, "roof_height": null, "height_source": "floored"}, "geometry": {"type": "Polygon", "coordinates": [[[35.6021796, 33.2002545], [35.6020124, 33.2002527], [35.6020133, 33.2001942], [35.6022002, 33.2001963], [35.6022597, 33.2002266], [35.6022586, 33.200297], [35.602179, 33.2002961], [35.6021796, 33.2002545]]]}}, {"type": "Feature", "properties": {"height": 3.0, "num_floors": null, "subtype": null, "class": null, "roof_height": null, "height_source": "floored"}, "geometry": {"type": "Polygon", "coordinates": [[[35.6023348, 33.2001856], [35.6023367, 33.2001509], [35.602394, 33.2001531], [35.6023921, 33.2001878], [35.6023348, 33.2001856]]]}}, {"type": "Feature", "properties": {"height": 3.0, "num_floors": null, "subtype": null, "class": null, "roof_height": null, "height_source": "floored"}, "geometry": {"type": "Polygon", "coordinates": [[[35.6024245, 33.2000597], [35.6022535, 33.2000602], [35.6022532, 33.1999687], [35.602184, 33.1999689], [35.6021836, 33.1998718], [35.6022558, 33.1998716], [35.6022556, 33.1998266], [35.6023591, 33.1998263], [35.6023592, 33.1998642], [35.6024237, 33.1998641], [35.6024245, 33.2000597]]]}}, {"type": "Feature", "properties": {"height": 3.0, "num_floors": null, "subtype": null, "class": null, "roof_height": null, "height_source": "floored"}, "geometry": {"type": "Polygon", "coordinates": [[[35.6030618, 33.1999156], [35.6031143, 33.1999144], [35.6031165, 33.1999862], [35.603064, 33.1999874], [35.6030618, 33.1999156]]]}}, {"type": "Feature", "properties": {"height": 3.0, "num_floors": null, "subtype": null, "class": null, "roof_height": null, "height_source": "floored"}, "geometry": {"type": "Polygon", "coordinates": [[[35.602921, 33.2003225], [35.6029166, 33.2001745], [35.6030828, 33.200171], [35.6030872, 33.200319], [35.602921, 33.2003225]]]}}, {"type": "Feature", "properties": {"height": 3.0, "num_floors": null, "subtype": null, "class": null, "roof_height": null, "height_source": "floored"}, "geometry": {"type": "Polygon", "coordinates": [[[35.6032988, 33.1999255], [35.6034382, 33.1999265], [35.6034357, 33.2001791], [35.6032963, 33.2001781], [35.6032988, 33.1999255]]]}}, {"type": "Feature", "properties": {"height": 3.0, "num_floors": null, "subtype": null, "class": null, "roof_height": null, "height_source": "floored"}, "geometry": {"type": "Polygon", "coordinates": [[[35.6031194, 33.1999902], [35.6031131, 33.1997704], [35.6032551, 33.1997675], [35.6032614, 33.1999874], [35.6031194, 33.1999902]]]}}, {"type": "Feature", "properties": {"height": 3.0, "num_floors": null, "subtype": null, "class": null, "roof_height": null, "height_source": "floored"}, "geometry": {"type": "Polygon", "coordinates": [[[35.6035709, 33.200042], [35.6036473, 33.2000383], [35.6036515, 33.2000987], [35.6035751, 33.2001024], [35.6035709, 33.200042]]]}}, {"type": "Feature", "properties": {"height": 4.5, "num_floors": null, "subtype": null, "class": null, "roof_height": null, "height_source": "ndsm"}, "geometry": {"type": "Polygon", "coordinates": [[[35.6045317, 33.1999638], [35.6045466, 33.2000427], [35.6044734, 33.2000524], [35.6044584, 33.1999736], [35.6045317, 33.1999638]]]}}, {"type": "Feature", "properties": {"height": 3.0, "num_floors": null, "subtype": null, "class": null, "roof_height": null, "height_source": "floored"}, "geometry": {"type": "Polygon", "coordinates": [[[35.6040166, 33.1998611], [35.6040862, 33.1998636], [35.6040841, 33.1999049], [35.6040145, 33.1999024], [35.6040166, 33.1998611]]]}}, {"type": "Feature", "properties": {"height": 3.0, "num_floors": null, "subtype": null, "class": null, "roof_height": null, "height_source": "floored"}, "geometry": {"type": "Polygon", "coordinates": [[[35.6041632, 33.1999663], [35.6041658, 33.2000304], [35.6040265, 33.2000344], [35.6040239, 33.1999703], [35.6041632, 33.1999663]]]}}, {"type": "Feature", "properties": {"height": 3.0, "num_floors": null, "subtype": null, "class": null, "roof_height": null, "height_source": "floored"}, "geometry": {"type": "Polygon", "coordinates": [[[35.6039004, 33.2002239], [35.6039021, 33.2001589], [35.6039852, 33.2001605], [35.6039835, 33.2002255], [35.6039004, 33.2002239]]]}}, {"type": "Feature", "properties": {"height": 3.0, "num_floors": null, "subtype": null, "class": null, "roof_height": null, "height_source": "floored"}, "geometry": {"type": "Polygon", "coordinates": [[[35.6044489, 33.2016114], [35.6045133, 33.2016104], [35.6045145, 33.2016687], [35.6044501, 33.2016697], [35.6044489, 33.2016114]]]}}, {"type": "Feature", "properties": {"height": 3.0, "num_floors": null, "subtype": null, "class": null, "roof_height": null, "height_source": "floored"}, "geometry": {"type": "Polygon", "coordinates": [[[35.603342, 33.2025697], [35.603344, 33.2025988], [35.6032184, 33.2026049], [35.6032164, 33.2025758], [35.603342, 33.2025697]]]}}, {"type": "Feature", "properties": {"height": 3.0, "num_floors": null, "subtype": null, "class": null, "roof_height": null, "height_source": "floored"}, "geometry": {"type": "Polygon", "coordinates": [[[35.6036908, 33.2026001], [35.6036833, 33.2025737], [35.603739, 33.2025625], [35.6037466, 33.2025889], [35.6036908, 33.2026001]]]}}, {"type": "Feature", "properties": {"height": 3.0, "num_floors": null, "subtype": null, "class": null, "roof_height": null, "height_source": "floored"}, "geometry": {"type": "Polygon", "coordinates": [[[35.6037747, 33.2031974], [35.603657, 33.2031978], [35.6036566, 33.2031016], [35.6037743, 33.2031012], [35.6037747, 33.2031974]]]}}, {"type": "Feature", "properties": {"height": 3.0, "num_floors": null, "subtype": null, "class": null, "roof_height": null, "height_source": "floored"}, "geometry": {"type": "Polygon", "coordinates": [[[35.6038884, 33.203488], [35.603592, 33.2034861], [35.6035933, 33.2033536], [35.6038897, 33.2033555], [35.6038884, 33.203488]]]}}, {"type": "Feature", "properties": {"height": 3.0, "num_floors": null, "subtype": null, "class": null, "roof_height": null, "height_source": "floored"}, "geometry": {"type": "Polygon", "coordinates": [[[35.6034353, 33.20346], [35.602619, 33.2034682], [35.6026185, 33.20343], [35.6025254, 33.203431], [35.6025237, 33.2033131], [35.602618, 33.2033121], [35.6026154, 33.2031321], [35.6034305, 33.203124], [35.6034353, 33.20346]]]}}, {"type": "Feature", "properties": {"height": 7.1, "num_floors": null, "subtype": null, "class": null, "roof_height": null, "height_source": "ndsm"}, "geometry": {"type": "Polygon", "coordinates": [[[35.6039128, 33.2055878], [35.6039105, 33.2055295], [35.603964, 33.205528], [35.6039664, 33.2055862], [35.6039128, 33.2055878]]]}}, {"type": "Feature", "properties": {"height": 7.1, "num_floors": null, "subtype": null, "class": null, "roof_height": null, "height_source": "ndsm"}, "geometry": {"type": "Polygon", "coordinates": [[[35.6040325, 33.2053804], [35.6040944, 33.2053729], [35.6041046, 33.2054323], [35.6040428, 33.2054397], [35.6040325, 33.2053804]]]}}, {"type": "Feature", "properties": {"height": 7.1, "num_floors": null, "subtype": null, "class": null, "roof_height": null, "height_source": "ndsm"}, "geometry": {"type": "Polygon", "coordinates": [[[35.6042485, 33.20526], [35.6042464, 33.2053237], [35.6040641, 33.2053194], [35.6040663, 33.2052556], [35.6042485, 33.20526]]]}}, {"type": "Feature", "properties": {"height": 7.1, "num_floors": null, "subtype": null, "class": null, "roof_height": null, "height_source": "ndsm"}, "geometry": {"type": "Polygon", "coordinates": [[[35.6044541, 33.2054221], [35.6045664, 33.2054107], [35.6045841, 33.2055333], [35.6044719, 33.2055447], [35.6044541, 33.2054221]]]}}, {"type": "Feature", "properties": {"height": 3.0, "num_floors": null, "subtype": null, "class": null, "roof_height": null, "height_source": "floored"}, "geometry": {"type": "Polygon", "coordinates": [[[35.6043996, 33.2038934], [35.6044025, 33.2035693], [35.6046347, 33.2035708], [35.6046318, 33.2038949], [35.6043996, 33.2038934]]]}}, {"type": "Feature", "properties": {"height": 3.0, "num_floors": null, "subtype": null, "class": null, "roof_height": null, "height_source": "floored"}, "geometry": {"type": "Polygon", "coordinates": [[[35.6047219, 33.2034969], [35.6040937, 33.2034899], [35.6040959, 33.2033536], [35.6047241, 33.2033607], [35.6047219, 33.2034969]]]}}, {"type": "Feature", "properties": {"height": 3.0, "num_floors": null, "subtype": null, "class": null, "roof_height": null, "height_source": "floored"}, "geometry": {"type": "Polygon", "coordinates": [[[35.6049907, 33.2027347], [35.6047289, 33.2027348], [35.6047289, 33.2025801], [35.6049907, 33.2025801], [35.6049907, 33.2027347]]]}}, {"type": "Feature", "properties": {"height": 3.0, "num_floors": null, "subtype": null, "class": null, "roof_height": null, "height_source": "floored"}, "geometry": {"type": "Polygon", "coordinates": [[[35.6043326, 33.2031953], [35.6042511, 33.2031936], [35.6042618, 33.2028363], [35.6043502, 33.2028381], [35.6043519, 33.2027828], [35.6050215, 33.2027969], [35.605023, 33.202749], [35.6055728, 33.2027606], [35.605567, 33.2029539], [35.6054786, 33.202952], [35.6054694, 33.2032563], [35.6053554, 33.2032539], [35.6053521, 33.2033622], [35.604773, 33.20335], [35.6047738, 33.2033235], [35.6044972, 33.2033177], [35.6044996, 33.2032385], [35.6043314, 33.2032349], [35.6043326, 33.2031953]]]}}, {"type": "Feature", "properties": {"height": 3.0, "num_floors": null, "subtype": null, "class": null, "roof_height": null, "height_source": "floored"}, "geometry": {"type": "Polygon", "coordinates": [[[35.6051707, 33.2036608], [35.604892, 33.2036557], [35.6048957, 33.2035136], [35.6055955, 33.203531], [35.6055941, 33.2036554], [35.6055565, 33.2036551], [35.6054801, 33.203653], [35.6054731, 33.2038471], [35.6052635, 33.2038433], [35.6052629, 33.2038668], [35.6051654, 33.203865], [35.6051707, 33.2036608]]]}}, {"type": "Feature", "properties": {"height": 3.0, "num_floors": null, "subtype": null, "class": null, "roof_height": null, "height_source": "floored"}, "geometry": {"type": "Polygon", "coordinates": [[[35.6051108, 33.2039171], [35.6048241, 33.2039137], [35.6048262, 33.2037901], [35.6051129, 33.2037935], [35.6051108, 33.2039171]]]}}, {"type": "Feature", "properties": {"height": 3.0, "num_floors": null, "subtype": null, "class": null, "roof_height": null, "height_source": "floored"}, "geometry": {"type": "Polygon", "coordinates": [[[35.6050205, 33.2042561], [35.6045706, 33.2042475], [35.6045775, 33.2039935], [35.6049511, 33.2040007], [35.6049517, 33.203978], [35.6051996, 33.2039827], [35.6051933, 33.204215], [35.6050217, 33.2042118], [35.6050205, 33.2042561]]]}}, {"type": "Feature", "properties": {"height": 6.8, "num_floors": null, "subtype": null, "class": null, "roof_height": null, "height_source": "ndsm"}, "geometry": {"type": "Polygon", "coordinates": [[[35.6048956, 33.2048191], [35.6049019, 33.2051085], [35.6049233, 33.2051082], [35.6049242, 33.2051463], [35.604833, 33.2051477], [35.6048323, 33.2051163], [35.604776, 33.2051172], [35.6047696, 33.204821], [35.6048956, 33.2048191]]]}}, {"type": "Feature", "properties": {"height": 4.0, "num_floors": null, "subtype": null, "class": null, "roof_height": null, "height_source": "ndsm"}, "geometry": {"type": "Polygon", "coordinates": [[[35.6047127, 33.2055846], [35.6047127, 33.2055577], [35.6047663, 33.2055577], [35.6047663, 33.2055846], [35.6047127, 33.2055846]]]}}, {"type": "Feature", "properties": {"height": 7.1, "num_floors": null, "subtype": null, "class": null, "roof_height": null, "height_source": "ndsm"}, "geometry": {"type": "Polygon", "coordinates": [[[35.604856, 33.2055581], [35.6046965, 33.2055532], [35.6047018, 33.2054344], [35.6048613, 33.2054394], [35.604856, 33.2055581]]]}}, {"type": "Feature", "properties": {"height": 4.4, "num_floors": null, "subtype": null, "class": null, "roof_height": null, "height_source": "ndsm"}, "geometry": {"type": "Polygon", "coordinates": [[[35.6051975, 33.205057], [35.6051194, 33.2050017], [35.6052239, 33.2048985], [35.605302, 33.2049538], [35.6051975, 33.205057]]]}}, {"type": "Feature", "properties": {"height": 3.0, "num_floors": null, "subtype": null, "class": null, "roof_height": null, "height_source": "floored"}, "geometry": {"type": "Polygon", "coordinates": [[[35.605403, 33.2055617], [35.6053114, 33.2054989], [35.6053835, 33.2054254], [35.6053629, 33.2054112], [35.605409, 33.2053642], [35.6055212, 33.2054412], [35.605403, 33.2055617]]]}}, {"type": "Feature", "properties": {"height": 3.0, "num_floors": null, "subtype": null, "class": null, "roof_height": null, "height_source": "floored"}, "geometry": {"type": "Polygon", "coordinates": [[[35.6054052, 33.2044401], [35.6054036, 33.2043369], [35.6056128, 33.2043346], [35.6056144, 33.2044378], [35.6054052, 33.2044401]]]}}, {"type": "Feature", "properties": {"height": 3.0, "num_floors": null, "subtype": null, "class": null, "roof_height": null, "height_source": "floored"}, "geometry": {"type": "Polygon", "coordinates": [[[35.6054251, 33.2040919], [35.6054306, 33.2039628], [35.6055244, 33.2039656], [35.6055218, 33.2040275], [35.6055619, 33.2040287], [35.6055591, 33.2040959], [35.6054251, 33.2040919]]]}}, {"type": "Feature", "properties": {"height": 3.0, "num_floors": null, "subtype": null, "class": null, "roof_height": null, "height_source": "floored"}, "geometry": {"type": "Polygon", "coordinates": [[[35.6055641, 33.2040285], [35.6056739, 33.2040246], [35.6056782, 33.2041089], [35.6055684, 33.2041128], [35.6055641, 33.2040285]]]}}, {"type": "Feature", "properties": {"height": 3.0, "num_floors": null, "subtype": null, "class": null, "roof_height": null, "height_source": "floored"}, "geometry": {"type": "Polygon", "coordinates": [[[35.6055836, 33.2042486], [35.6056363, 33.2042425], [35.6056431, 33.2042835], [35.6055904, 33.2042896], [35.6055836, 33.2042486]]]}}, {"type": "Feature", "properties": {"height": 3.0, "num_floors": null, "subtype": null, "class": null, "roof_height": null, "height_source": "floored"}, "geometry": {"type": "Polygon", "coordinates": [[[35.6058048, 33.2039945], [35.6058076, 33.2040595], [35.6057513, 33.2040612], [35.6057486, 33.2039962], [35.6058048, 33.2039945]]]}}, {"type": "Feature", "properties": {"height": 3.0, "num_floors": null, "subtype": null, "class": null, "roof_height": null, "height_source": "floored"}, "geometry": {"type": "Polygon", "coordinates": [[[35.6058423, 33.204017], [35.605851, 33.2039688], [35.6059229, 33.2039778], [35.6059142, 33.2040261], [35.6058423, 33.204017]]]}}, {"type": "Feature", "properties": {"height": 3.0, "num_floors": null, "subtype": null, "class": null, "roof_height": null, "height_source": "floored"}, "geometry": {"type": "Polygon", "coordinates": [[[35.6059998, 33.204212], [35.6059966, 33.2042598], [35.6059164, 33.2042561], [35.6059196, 33.2042083], [35.6059998, 33.204212]]]}}, {"type": "Feature", "properties": {"height": 3.0, "num_floors": null, "subtype": null, "class": null, "roof_height": null, "height_source": "floored"}, "geometry": {"type": "Polygon", "coordinates": [[[35.6058483, 33.2043555], [35.6058515, 33.2043875], [35.6058062, 33.2043906], [35.605803, 33.2043586], [35.6058483, 33.2043555]]]}}, {"type": "Feature", "properties": {"height": 3.0, "num_floors": null, "subtype": null, "class": null, "roof_height": null, "height_source": "floored"}, "geometry": {"type": "Polygon", "coordinates": [[[35.6058179, 33.2046502], [35.6057484, 33.2046036], [35.6058243, 33.2045244], [35.6058938, 33.204571], [35.6058179, 33.2046502]]]}}, {"type": "Feature", "properties": {"height": 3.0, "num_floors": null, "subtype": null, "class": null, "roof_height": null, "height_source": "floored"}, "geometry": {"type": "Polygon", "coordinates": [[[35.6058319, 33.2051766], [35.6057468, 33.2052253], [35.6056337, 33.205087], [35.6057507, 33.2050201], [35.6058241, 33.20511], [35.6057923, 33.2051282], [35.6058319, 33.2051766]]]}}, {"type": "Feature", "properties": {"height": 3.0, "num_floors": null, "subtype": null, "class": null, "roof_height": null, "height_source": "floored"}, "geometry": {"type": "Polygon", "coordinates": [[[35.6055983, 33.2053075], [35.6055621, 33.2053316], [35.6055059, 33.2052726], [35.6055305, 33.2052562], [35.6054844, 33.2052076], [35.6055903, 33.2051371], [35.6056561, 33.2052063], [35.6056249, 33.205215], [35.6056885, 33.2052818], [35.6056183, 33.2053285], [35.6055983, 33.2053075]]]}}, {"type": "Feature", "properties": {"height": 3.0, "num_floors": null, "subtype": null, "class": null, "roof_height": null, "height_source": "floored"}, "geometry": {"type": "Polygon", "coordinates": [[[35.605682, 33.205583], [35.6055974, 33.2056651], [35.6054869, 33.2055855], [35.6055715, 33.2055034], [35.605682, 33.205583]]]}}, {"type": "Feature", "properties": {"height": 3.0, "num_floors": null, "subtype": null, "class": null, "roof_height": null, "height_source": "floored"}, "geometry": {"type": "Polygon", "coordinates": [[[35.6056772, 33.2055195], [35.6057428, 33.2055456], [35.6057231, 33.2055804], [35.6056574, 33.2055543], [35.6056772, 33.2055195]]]}}, {"type": "Feature", "properties": {"height": 3.0, "num_floors": null, "subtype": null, "class": null, "roof_height": null, "height_source": "floored"}, "geometry": {"type": "Polygon", "coordinates": [[[35.6057426, 33.2054888], [35.6057189, 33.2055078], [35.6056518, 33.2054493], [35.6057347, 33.2053827], [35.605838, 33.2054728], [35.6057788, 33.2055204], [35.6057426, 33.2054888]]]}}, {"type": "Feature", "properties": {"height": 3.0, "num_floors": null, "subtype": null, "class": null, "roof_height": null, "height_source": "floored"}, "geometry": {"type": "Polygon", "coordinates": [[[35.6060322, 33.2053], [35.6058997, 33.2053918], [35.6057834, 33.2052743], [35.6058733, 33.2052119], [35.6059197, 33.2052588], [35.6059622, 33.2052293], [35.6060322, 33.2053]]]}}, {"type": "Feature", "properties": {"height": 3.0, "num_floors": null, "subtype": null, "class": null, "roof_height": null, "height_source": "floored"}, "geometry": {"type": "Polygon", "coordinates": [[[35.6060336, 33.2049587], [35.6059796, 33.2049058], [35.6061182, 33.2048068], [35.6062097, 33.2048965], [35.606118, 33.2049621], [35.6060804, 33.2049252], [35.6060336, 33.2049587]]]}}, {"type": "Feature", "properties": {"height": 3.0, "num_floors": null, "subtype": null, "class": null, "roof_height": null, "height_source": "floored"}, "geometry": {"type": "Polygon", "coordinates": [[[35.6061965, 33.2056373], [35.6061578, 33.2056631], [35.6060787, 33.2055802], [35.6061589, 33.2055266], [35.6062022, 33.205572], [35.6062588, 33.2055342], [35.6063515, 33.2056313], [35.6062533, 33.2056969], [35.6061965, 33.2056373]]]}}, {"type": "Feature", "properties": {"height": 3.0, "num_floors": null, "subtype": null, "class": null, "roof_height": null, "height_source": "floored"}, "geometry": {"type": "Polygon", "coordinates": [[[35.6064746, 33.2052896], [35.606368, 33.2053535], [35.6062592, 33.2052263], [35.6063658, 33.2051625], [35.6064746, 33.2052896]]]}}, {"type": "Feature", "properties": {"height": 3.0, "num_floors": null, "subtype": null, "class": null, "roof_height": null, "height_source": "floored"}, "geometry": {"type": "Polygon", "coordinates": [[[35.6063154, 33.2051064], [35.6062085, 33.2051692], [35.6061203, 33.2050642], [35.6062511, 33.2049873], [35.6062867, 33.2050297], [35.6062628, 33.2050437], [35.6063154, 33.2051064]]]}}, {"type": "Feature", "properties": {"height": 3.0, "num_floors": null, "subtype": null, "class": null, "roof_height": null, "height_source": "floored"}, "geometry": {"type": "Polygon", "coordinates": [[[35.6064803, 33.2048225], [35.6063147, 33.2049181], [35.6062359, 33.2048226], [35.6063364, 33.2047646], [35.6063625, 33.2047962], [35.6064275, 33.2047586], [35.6064803, 33.2048225]]]}}, {"type": "Feature", "properties": {"height": 3.0, "num_floors": null, "subtype": null, "class": null, "roof_height": null, "height_source": "floored"}, "geometry": {"type": "Polygon", "coordinates": [[[35.6062996, 33.2046611], [35.6063435, 33.2046415], [35.6063858, 33.2047079], [35.606342, 33.2047275], [35.6062996, 33.2046611]]]}}, {"type": "Feature", "properties": {"height": 3.0, "num_floors": null, "subtype": null, "class": null, "roof_height": null, "height_source": "floored"}, "geometry": {"type": "Polygon", "coordinates": [[[35.6063728, 33.2046045], [35.6064319, 33.2046737], [35.6063911, 33.2046982], [35.6063319, 33.2046289], [35.6063728, 33.2046045]]]}}, {"type": "Feature", "properties": {"height": 3.0, "num_floors": null, "subtype": null, "class": null, "roof_height": null, "height_source": "floored"}, "geometry": {"type": "Polygon", "coordinates": [[[35.6062474, 33.2046326], [35.6062912, 33.204686], [35.6062293, 33.2047216], [35.6061855, 33.2046683], [35.6062474, 33.2046326]]]}}, {"type": "Feature", "properties": {"height": 3.0, "num_floors": null, "subtype": null, "class": null, "roof_height": null, "height_source": "floored"}, "geometry": {"type": "Polygon", "coordinates": [[[35.6059384, 33.2043736], [35.60617, 33.2043788], [35.6061667, 33.204482], [35.6060809, 33.2044801], [35.6060797, 33.2045173], [35.6059338, 33.204514], [35.6059384, 33.2043736]]]}}, {"type": "Feature", "properties": {"height": 3.0, "num_floors": null, "subtype": null, "class": null, "roof_height": null, "height_source": "floored"}, "geometry": {"type": "Polygon", "coordinates": [[[35.6059549, 33.2040026], [35.6060122, 33.2040002], [35.6060136, 33.2040226], [35.6059563, 33.204025], [35.6059549, 33.2040026]]]}}, {"type": "Feature", "properties": {"height": 3.0, "num_floors": null, "subtype": null, "class": null, "roof_height": null, "height_source": "floored"}, "geometry": {"type": "Polygon", "coordinates": [[[35.6062757, 33.2041954], [35.6061361, 33.2041249], [35.6062155, 33.2040146], [35.606308, 33.2040613], [35.6062748, 33.2041074], [35.606322, 33.2041312], [35.6062757, 33.2041954]]]}}, {"type": "Feature", "properties": {"height": 3.0, "num_floors": null, "subtype": null, "class": null, "roof_height": null, "height_source": "floored"}, "geometry": {"type": "Polygon", "coordinates": [[[35.6062414, 33.203557], [35.6063503, 33.2036094], [35.6062959, 33.2036887], [35.606187, 33.2036364], [35.6062414, 33.203557]]]}}, {"type": "Feature", "properties": {"height": 3.0, "num_floors": null, "subtype": null, "class": null, "roof_height": null, "height_source": "floored"}, "geometry": {"type": "Polygon", "coordinates": [[[35.6062971, 33.2033461], [35.6061873, 33.2033495], [35.6061822, 33.2032344], [35.606292, 33.203231], [35.6062971, 33.2033461]]]}}, {"type": "Feature", "properties": {"height": 3.0, "num_floors": null, "subtype": null, "class": null, "roof_height": null, "height_source": "floored"}, "geometry": {"type": "Polygon", "coordinates": [[[35.6060996, 33.203477], [35.6061386, 33.2034873], [35.6061255, 33.203522], [35.6060865, 33.2035117], [35.6060996, 33.203477]]]}}, {"type": "Feature", "properties": {"height": 3.0, "num_floors": null, "subtype": null, "class": null, "roof_height": null, "height_source": "floored"}, "geometry": {"type": "Polygon", "coordinates": [[[35.6061718, 33.203315], [35.6061031, 33.2033141], [35.6061046, 33.2032333], [35.6061733, 33.2032342], [35.6061718, 33.203315]]]}}, {"type": "Feature", "properties": {"height": 3.0, "num_floors": null, "subtype": null, "class": null, "roof_height": null, "height_source": "floored"}, "geometry": {"type": "Polygon", "coordinates": [[[35.6055552, 33.2037758], [35.6055565, 33.2036551], [35.6055941, 33.2036554], [35.6055955, 33.203531], [35.6058514, 33.203533], [35.6058519, 33.2034859], [35.6060467, 33.2034874], [35.6060458, 33.2035744], [35.6061419, 33.2035752], [35.6061398, 33.2037698], [35.6061095, 33.2037696], [35.6061077, 33.2039324], [35.6057342, 33.2039295], [35.6057359, 33.2037771], [35.6055552, 33.2037758]]]}}, {"type": "Feature", "properties": {"height": 3.0, "num_floors": null, "subtype": null, "class": null, "roof_height": null, "height_source": "floored"}, "geometry": {"type": "Polygon", "coordinates": [[[35.6058135, 33.2034954], [35.6054091, 33.2034891], [35.6054119, 33.2033642], [35.6055547, 33.2033665], [35.605559, 33.2031715], [35.6057269, 33.2031741], [35.6057234, 33.2033331], [35.6058171, 33.2033345], [35.6058135, 33.2034954]]]}}, {"type": "Feature", "properties": {"height": 3.0, "num_floors": null, "subtype": null, "class": null, "roof_height": null, "height_source": "floored"}, "geometry": {"type": "Polygon", "coordinates": [[[35.606243, 33.2025541], [35.60577, 33.202924], [35.605616, 33.2027861], [35.6057778, 33.2026521], [35.6057685, 33.2025515], [35.6058902, 33.2025167], [35.6059179, 33.2025399], [35.6059826, 33.202478], [35.6060812, 33.2024664], [35.6061136, 33.2024896], [35.606226, 33.2025064], [35.606243, 33.2025541]]]}}, {"type": "Feature", "properties": {"height": 3.0, "num_floors": null, "subtype": null, "class": null, "roof_height": null, "height_source": "floored"}, "geometry": {"type": "Polygon", "coordinates": [[[35.6060936, 33.2023884], [35.6060071, 33.2024309], [35.6059762, 33.2023869], [35.6060627, 33.2023444], [35.6060936, 33.2023884]]]}}, {"type": "Feature", "properties": {"height": 3.0, "num_floors": null, "subtype": null, "class": null, "roof_height": null, "height_source": "floored"}, "geometry": {"type": "Polygon", "coordinates": [[[35.6059611, 33.2030323], [35.6058733, 33.2030865], [35.6057978, 33.2030169], [35.6061829, 33.2027036], [35.6062753, 33.20279], [35.6059611, 33.2030323]]]}}, {"type": "Feature", "properties": {"height": 3.0, "num_floors": null, "subtype": null, "class": null, "roof_height": null, "height_source": "floored"}, "geometry": {"type": "Polygon", "coordinates": [[[35.6061121, 33.2030917], [35.6060212, 33.2030838], [35.6060303, 33.2030103], [35.6061212, 33.2030182], [35.6061121, 33.2030917]]]}}, {"type": "Feature", "properties": {"height": 3.0, "num_floors": null, "subtype": null, "class": null, "roof_height": null, "height_source": "floored"}, "geometry": {"type": "Polygon", "coordinates": [[[35.606145, 33.2031159], [35.606145, 33.2030508], [35.606204, 33.2030508], [35.606204, 33.2031159], [35.606145, 33.2031159]]]}}, {"type": "Feature", "properties": {"height": 3.0, "num_floors": null, "subtype": null, "class": null, "roof_height": null, "height_source": "floored"}, "geometry": {"type": "Polygon", "coordinates": [[[35.6061922, 33.2029849], [35.6061605, 33.2029533], [35.6061967, 33.2029278], [35.6062284, 33.2029594], [35.6061922, 33.2029849]]]}}, {"type": "Feature", "properties": {"height": 3.0, "num_floors": null, "subtype": null, "class": null, "roof_height": null, "height_source": "floored"}, "geometry": {"type": "Polygon", "coordinates": [[[35.6064372, 33.202572], [35.6063416, 33.2026448], [35.6062737, 33.2025824], [35.6063693, 33.2025096], [35.6064372, 33.202572]]]}}, {"type": "Feature", "properties": {"height": 3.0, "num_floors": null, "subtype": null, "class": null, "roof_height": null, "height_source": "floored"}, "geometry": {"type": "Polygon", "coordinates": [[[35.6061391, 33.2024899], [35.606136, 33.2024033], [35.606254, 33.2024003], [35.6062558, 33.2024519], [35.6062049, 33.2024532], [35.6062061, 33.2024882], [35.6061391, 33.2024899]]]}}, {"type": "Feature", "properties": {"height": 3.0, "num_floors": null, "subtype": null, "class": null, "roof_height": null, "height_source": "floored"}, "geometry": {"type": "Polygon", "coordinates": [[[35.6063551, 33.2023215], [35.6062455, 33.2023063], [35.6062736, 33.2021643], [35.6063832, 33.2021795], [35.6063551, 33.2023215]]]}}, {"type": "Feature", "properties": {"height": 3.3, "num_floors": null, "subtype": null, "class": null, "roof_height": null, "height_source": "ndsm"}, "geometry": {"type": "Polygon", "coordinates": [[[35.6063948, 33.2018105], [35.606398, 33.2019137], [35.6062827, 33.2019162], [35.6062796, 33.201813], [35.6063948, 33.2018105]]]}}, {"type": "Feature", "properties": {"height": 3.0, "num_floors": null, "subtype": null, "class": null, "roof_height": null, "height_source": "floored"}, "geometry": {"type": "Polygon", "coordinates": [[[35.6061892, 33.202108], [35.6062408, 33.2021046], [35.6062456, 33.2021544], [35.606194, 33.2021579], [35.6061892, 33.202108]]]}}, {"type": "Feature", "properties": {"height": 3.0, "num_floors": null, "subtype": null, "class": null, "roof_height": null, "height_source": "floored"}, "geometry": {"type": "Polygon", "coordinates": [[[35.6060014, 33.2019066], [35.6060701, 33.2019043], [35.6060756, 33.2020185], [35.6058935, 33.2020247], [35.6058892, 33.2019365], [35.6060027, 33.2019326], [35.6060014, 33.2019066]]]}}, {"type": "Feature", "properties": {"height": 3.0, "num_floors": null, "subtype": null, "class": null, "roof_height": null, "height_source": "floored"}, "geometry": {"type": "Polygon", "coordinates": [[[35.6061933, 33.2018238], [35.6060701, 33.2018285], [35.60606, 33.2016389], [35.6061554, 33.2016353], [35.6061593, 33.2017092], [35.6061871, 33.2017082], [35.6061933, 33.2018238]]]}}, {"type": "Feature", "properties": {"height": 3.0, "num_floors": null, "subtype": null, "class": null, "roof_height": null, "height_source": "floored"}, "geometry": {"type": "Polygon", "coordinates": [[[35.6062523, 33.2014484], [35.6062523, 33.201408], [35.6063327, 33.201408], [35.6063327, 33.2014484], [35.6062523, 33.2014484]]]}}, {"type": "Feature", "properties": {"height": 3.3, "num_floors": null, "subtype": null, "class": null, "roof_height": null, "height_source": "ndsm"}, "geometry": {"type": "Polygon", "coordinates": [[[35.6062658, 33.2009905], [35.6064346, 33.2009949], [35.6064302, 33.2011138], [35.6062614, 33.2011094], [35.6062658, 33.2009905]]]}}, {"type": "Feature", "properties": {"height": 3.0, "num_floors": null, "subtype": null, "class": null, "roof_height": null, "height_source": "floored"}, "geometry": {"type": "Polygon", "coordinates": [[[35.6063391, 33.2008447], [35.6063369, 33.2007834], [35.6064789, 33.2007798], [35.6064811, 33.2008411], [35.6063391, 33.2008447]]]}}, {"type": "Feature", "properties": {"height": 3.0, "num_floors": null, "subtype": null, "class": null, "roof_height": null, "height_source": "floored"}, "geometry": {"type": "Polygon", "coordinates": [[[35.6061014, 33.2009563], [35.6061282, 33.2009569], [35.6061304, 33.2008842], [35.606235, 33.2008865], [35.6062307, 33.2010242], [35.6060994, 33.2010213], [35.6061014, 33.2009563]]]}}, {"type": "Feature", "properties": {"height": 3.0, "num_floors": null, "subtype": null, "class": null, "roof_height": null, "height_source": "floored"}, "geometry": {"type": "Polygon", "coordinates": [[[35.6056785, 33.2015607], [35.6056769, 33.2015988], [35.6054786, 33.2015928], [35.6054803, 33.2015547], [35.6056785, 33.2015607]]]}}, {"type": "Feature", "properties": {"height": 3.0, "num_floors": null, "subtype": null, "class": null, "roof_height": null, "height_source": "floored"}, "geometry": {"type": "Polygon", "coordinates": [[[35.6057768, 33.2016241], [35.6058384, 33.2016226], [35.6058403, 33.2016755], [35.6057786, 33.201677], [35.6057768, 33.2016241]]]}}, {"type": "Feature", "properties": {"height": 3.0, "num_floors": null, "subtype": null, "class": null, "roof_height": null, "height_source": "floored"}, "geometry": {"type": "Polygon", "coordinates": [[[35.6057334, 33.2017274], [35.6057378, 33.2016783], [35.6058418, 33.2016848], [35.6058374, 33.2017339], [35.6057334, 33.2017274]]]}}, {"type": "Feature", "properties": {"height": 3.0, "num_floors": null, "subtype": null, "class": null, "roof_height": null, "height_source": "floored"}, "geometry": {"type": "Polygon", "coordinates": [[[35.6057484, 33.201904], [35.6057458, 33.2018668], [35.6058073, 33.2018638], [35.6058099, 33.2019009], [35.6057484, 33.201904]]]}}, {"type": "Feature", "properties": {"height": 3.0, "num_floors": null, "subtype": null, "class": null, "roof_height": null, "height_source": "floored"}, "geometry": {"type": "Polygon", "coordinates": [[[35.6059056, 33.2023029], [35.6059018, 33.2022042], [35.606001, 33.2022015], [35.6060047, 33.2023002], [35.6059056, 33.2023029]]]}}, {"type": "Feature", "properties": {"height": 4.0, "num_floors": null, "subtype": null, "class": null, "roof_height": null, "height_source": "ndsm"}, "geometry": {"type": "Polygon", "coordinates": [[[35.6047247, 33.200298], [35.6047241, 33.2003307], [35.6046356, 33.2003297], [35.6046383, 33.2001713], [35.6048448, 33.2001737], [35.6048439, 33.2002275], [35.6048117, 33.2002272], [35.6048105, 33.200299], [35.6047247, 33.200298]]]}}, {"type": "Feature", "properties": {"height": 4.5, "num_floors": null, "subtype": null, "class": null, "roof_height": null, "height_source": "ndsm"}, "geometry": {"type": "Polygon", "coordinates": [[[35.6050113, 33.2000576], [35.6049185, 33.2000591], [35.6049167, 33.199977], [35.6050094, 33.1999755], [35.6050113, 33.2000576]]]}}, {"type": "Feature", "properties": {"height": 3.0, "num_floors": null, "subtype": null, "class": null, "roof_height": null, "height_source": "floored"}, "geometry": {"type": "Polygon", "coordinates": [[[35.6058957, 33.1994239], [35.6060189, 33.1994202], [35.6060247, 33.1995561], [35.6059015, 33.1995598], [35.6058957, 33.1994239]]]}}, {"type": "Feature", "properties": {"height": 3.0, "num_floors": null, "subtype": null, "class": null, "roof_height": null, "height_source": "ndsm"}, "geometry": {"type": "Polygon", "coordinates": [[[35.6056046, 33.2000838], [35.6055322, 33.2000836], [35.6055325, 33.200005], [35.6056199, 33.2000053], [35.6056198, 33.2000255], [35.6056853, 33.2000257], [35.6056854, 33.2000032], [35.6057701, 33.2000035], [35.6057697, 33.200109], [35.6056045, 33.2001085], [35.6056046, 33.2000838]]]}}, {"type": "Feature", "properties": {"height": 3.0, "num_floors": null, "subtype": null, "class": null, "roof_height": null, "height_source": "ndsm"}, "geometry": {"type": "Polygon", "coordinates": [[[35.6054987, 33.2001629], [35.6056676, 33.2001597], [35.6056709, 33.2002808], [35.605502, 33.200284], [35.6054987, 33.2001629]]]}}, {"type": "Feature", "properties": {"height": 3.0, "num_floors": null, "subtype": null, "class": null, "roof_height": null, "height_source": "ndsm"}, "geometry": {"type": "Polygon", "coordinates": [[[35.6058687, 33.2000557], [35.6060047, 33.2000125], [35.6060088, 33.2000215], [35.6060768, 33.1999999], [35.6061106, 33.2000745], [35.6059066, 33.2001393], [35.6058687, 33.2000557]]]}}, {"type": "Feature", "properties": {"height": 3.0, "num_floors": null, "subtype": null, "class": null, "roof_height": null, "height_source": "ndsm"}, "geometry": {"type": "Polygon", "coordinates": [[[35.6059321, 33.2002578], [35.6060114, 33.2001975], [35.6061129, 33.2002909], [35.6060335, 33.2003512], [35.6059321, 33.2002578]]]}}, {"type": "Feature", "properties": {"height": 3.0, "num_floors": null, "subtype": null, "class": null, "roof_height": null, "height_source": "ndsm"}, "geometry": {"type": "Polygon", "coordinates": [[[35.6060983, 33.2002522], [35.6060341, 33.2002252], [35.6060534, 33.200193], [35.6061177, 33.20022], [35.6060983, 33.2002522]]]}}, {"type": "Feature", "properties": {"height": 3.0, "num_floors": null, "subtype": null, "class": null, "roof_height": null, "height_source": "floored"}, "geometry": {"type": "Polygon", "coordinates": [[[35.6062499, 33.2000182], [35.606337, 33.2000223], [35.6063331, 33.2000805], [35.606246, 33.2000764], [35.6062499, 33.2000182]]]}}, {"type": "Feature", "properties": {"height": 3.0, "num_floors": null, "subtype": null, "class": null, "roof_height": null, "height_source": "ndsm"}, "geometry": {"type": "Polygon", "coordinates": [[[35.6061223, 33.1997017], [35.6060461, 33.1997], [35.6060428, 33.1998032], [35.6058846, 33.1997995], [35.6058891, 33.1996636], [35.6061234, 33.1996689], [35.6061223, 33.1997017]]]}}, {"type": "Feature", "properties": {"height": 3.0, "num_floors": null, "subtype": null, "class": null, "roof_height": null, "height_source": "floored"}, "geometry": {"type": "Polygon", "coordinates": [[[35.6063357, 33.1932042], [35.6064713, 33.1932], [35.6064726, 33.1932291], [35.606337, 33.1932333], [35.6063357, 33.1932042]]]}}, {"type": "Feature", "properties": {"height": 3.0, "num_floors": null, "subtype": null, "class": null, "roof_height": null, "height_source": "floored"}, "geometry": {"type": "Polygon", "coordinates": [[[35.6063469, 33.1934258], [35.606335, 33.1932386], [35.6064831, 33.193232], [35.606495, 33.1934192], [35.6063469, 33.1934258]]]}}, {"type": "Feature", "properties": {"height": 3.0, "num_floors": null, "subtype": null, "class": null, "roof_height": null, "height_source": "floored"}, "geometry": {"type": "Polygon", "coordinates": [[[35.6063961, 33.1936203], [35.6063742, 33.193508], [35.6064458, 33.1934982], [35.6064677, 33.1936105], [35.6063961, 33.1936203]]]}}, {"type": "Feature", "properties": {"height": 3.0, "num_floors": null, "subtype": null, "class": null, "roof_height": null, "height_source": "floored"}, "geometry": {"type": "Polygon", "coordinates": [[[35.6070196, 33.2006114], [35.6068314, 33.200603], [35.6068408, 33.2004555], [35.6070291, 33.2004639], [35.6070196, 33.2006114]]]}}, {"type": "Feature", "properties": {"height": 3.0, "num_floors": null, "subtype": null, "class": null, "roof_height": null, "height_source": "floored"}, "geometry": {"type": "Polygon", "coordinates": [[[35.6071505, 33.2003794], [35.6069819, 33.2003731], [35.6069867, 33.2002835], [35.6071553, 33.2002898], [35.6071505, 33.2003794]]]}}, {"type": "Feature", "properties": {"height": 3.0, "num_floors": null, "subtype": null, "class": null, "roof_height": null, "height_source": "floored"}, "geometry": {"type": "Polygon", "coordinates": [[[35.6071857, 33.2005515], [35.6071913, 33.2003698], [35.6073559, 33.2003734], [35.6073503, 33.2005551], [35.6071857, 33.2005515]]]}}, {"type": "Feature", "properties": {"height": 3.0, "num_floors": null, "subtype": null, "class": null, "roof_height": null, "height_source": "floored"}, "geometry": {"type": "Polygon", "coordinates": [[[35.6072003, 33.2003271], [35.6072566, 33.2003282], [35.6072556, 33.2003671], [35.6071993, 33.2003661], [35.6072003, 33.2003271]]]}}, {"type": "Feature", "properties": {"height": 3.0, "num_floors": null, "subtype": null, "class": null, "roof_height": null, "height_source": "floored"}, "geometry": {"type": "Polygon", "coordinates": [[[35.6074754, 33.2008806], [35.6074619, 33.2008471], [35.6075423, 33.2008245], [35.6075558, 33.2008579], [35.6074754, 33.2008806]]]}}, {"type": "Feature", "properties": {"height": 3.0, "num_floors": null, "subtype": null, "class": null, "roof_height": null, "height_source": "floored"}, "geometry": {"type": "Polygon", "coordinates": [[[35.6072718, 33.2016763], [35.607223, 33.2016056], [35.6073699, 33.2015346], [35.6074187, 33.2016053], [35.6072718, 33.2016763]]]}}, {"type": "Feature", "properties": {"height": 3.0, "num_floors": null, "subtype": null, "class": null, "roof_height": null, "height_source": "floored"}, "geometry": {"type": "Polygon", "coordinates": [[[35.6068066, 33.2021294], [35.606809, 33.2020501], [35.6069431, 33.202053], [35.6069406, 33.2021324], [35.6068066, 33.2021294]]]}}, {"type": "Feature", "properties": {"height": 3.0, "num_floors": null, "subtype": null, "class": null, "roof_height": null, "height_source": "floored"}, "geometry": {"type": "Polygon", "coordinates": [[[35.6069134, 33.2020033], [35.6069137, 33.202046], [35.606852, 33.2020462], [35.6068517, 33.2020036], [35.6069134, 33.2020033]]]}}, {"type": "Feature", "properties": {"height": 3.3, "num_floors": null, "subtype": null, "class": null, "roof_height": null, "height_source": "ndsm"}, "geometry": {"type": "Polygon", "coordinates": [[[35.6069209, 33.2018793], [35.606947, 33.2018497], [35.6069888, 33.2018754], [35.6069627, 33.201905], [35.6069209, 33.2018793]]]}}, {"type": "Feature", "properties": {"height": 3.3, "num_floors": null, "subtype": null, "class": null, "roof_height": null, "height_source": "ndsm"}, "geometry": {"type": "Polygon", "coordinates": [[[35.6070444, 33.2019437], [35.6071359, 33.2020161], [35.6070462, 33.2020954], [35.6069547, 33.202023], [35.6070444, 33.2019437]]]}}, {"type": "Feature", "properties": {"height": 3.3, "num_floors": null, "subtype": null, "class": null, "roof_height": null, "height_source": "ndsm"}, "geometry": {"type": "Polygon", "coordinates": [[[35.6071051, 33.2018028], [35.6072363, 33.2018075], [35.607234, 33.2018523], [35.6071028, 33.2018476], [35.6071051, 33.2018028]]]}}, {"type": "Feature", "properties": {"height": 3.3, "num_floors": null, "subtype": null, "class": null, "roof_height": null, "height_source": "ndsm"}, "geometry": {"type": "Polygon", "coordinates": [[[35.6071729, 33.2015321], [35.6070472, 33.2013699], [35.6071938, 33.2012904], [35.6073194, 33.2014525], [35.6071729, 33.2015321]]]}}, {"type": "Feature", "properties": {"height": 3.0, "num_floors": null, "subtype": null, "class": null, "roof_height": null, "height_source": "floored"}, "geometry": {"type": "Polygon", "coordinates": [[[35.6071784, 33.2009044], [35.6072384, 33.2009065], [35.6072343, 33.2009916], [35.6071743, 33.2009896], [35.6071784, 33.2009044]]]}}, {"type": "Feature", "properties": {"height": 3.0, "num_floors": null, "subtype": null, "class": null, "roof_height": null, "height_source": "floored"}, "geometry": {"type": "Polygon", "coordinates": [[[35.607259, 33.2006246], [35.6072895, 33.2006255], [35.6072879, 33.2006614], [35.6072574, 33.2006604], [35.607259, 33.2006246]]]}}, {"type": "Feature", "properties": {"height": 3.0, "num_floors": null, "subtype": null, "class": null, "roof_height": null, "height_source": "floored"}, "geometry": {"type": "Polygon", "coordinates": [[[35.6069709, 33.2008317], [35.6070028, 33.2008291], [35.6070106, 33.2008958], [35.6069787, 33.2008984], [35.6069709, 33.2008317]]]}}, {"type": "Feature", "properties": {"height": 3.0, "num_floors": null, "subtype": null, "class": null, "roof_height": null, "height_source": "floored"}, "geometry": {"type": "Polygon", "coordinates": [[[35.6069692, 33.2008362], [35.6069718, 33.200926], [35.6068646, 33.2009282], [35.6068609, 33.2008026], [35.6069242, 33.2008013], [35.6069253, 33.2008371], [35.6069692, 33.2008362]]]}}, {"type": "Feature", "properties": {"height": 3.3, "num_floors": null, "subtype": null, "class": null, "roof_height": null, "height_source": "ndsm"}, "geometry": {"type": "Polygon", "coordinates": [[[35.6070211, 33.2012647], [35.6070834, 33.2013415], [35.606953, 33.2014156], [35.6068907, 33.2013388], [35.6070211, 33.2012647]]]}}, {"type": "Feature", "properties": {"height": 3.0, "num_floors": null, "subtype": null, "class": null, "roof_height": null, "height_source": "floored"}, "geometry": {"type": "Polygon", "coordinates": [[[35.6063832, 33.2006944], [35.6063864, 33.2006151], [35.6064362, 33.2006165], [35.6064375, 33.2005837], [35.606542, 33.2005866], [35.6065375, 33.2006987], [35.6063832, 33.2006944]]]}}, {"type": "Feature", "properties": {"height": 3.0, "num_floors": null, "subtype": null, "class": null, "roof_height": null, "height_source": "floored"}, "geometry": {"type": "Polygon", "coordinates": [[[35.6064783, 33.2008463], [35.6064836, 33.200989], [35.6063817, 33.2009916], [35.6063765, 33.2008489], [35.6064783, 33.2008463]]]}}, {"type": "Feature", "properties": {"height": 3.3, "num_floors": null, "subtype": null, "class": null, "roof_height": null, "height_source": "ndsm"}, "geometry": {"type": "Polygon", "coordinates": [[[35.6065234, 33.2012398], [35.6065306, 33.2012815], [35.6064832, 33.2012872], [35.6064761, 33.2012454], [35.6065234, 33.2012398]]]}}, {"type": "Feature", "properties": {"height": 3.3, "num_floors": null, "subtype": null, "class": null, "roof_height": null, "height_source": "ndsm"}, "geometry": {"type": "Polygon", "coordinates": [[[35.6064835, 33.2012822], [35.6064785, 33.2014033], [35.6064464, 33.2014024], [35.6064445, 33.2014486], [35.6063678, 33.2014464], [35.6063746, 33.2012791], [35.6064835, 33.2012822]]]}}, {"type": "Feature", "properties": {"height": 3.3, "num_floors": null, "subtype": null, "class": null, "roof_height": null, "height_source": "ndsm"}, "geometry": {"type": "Polygon", "coordinates": [[[35.6065197, 33.201751], [35.6065173, 33.2018048], [35.6064637, 33.2018031], [35.6064661, 33.2017493], [35.6065197, 33.201751]]]}}, {"type": "Feature", "properties": {"height": 3.3, "num_floors": null, "subtype": null, "class": null, "roof_height": null, "height_source": "ndsm"}, "geometry": {"type": "Polygon", "coordinates": [[[35.6068813, 33.2017748], [35.6067624, 33.2017764], [35.60676, 33.2016522], [35.6068789, 33.2016506], [35.6068813, 33.2017748]]]}}, {"type": "Feature", "properties": {"height": 3.3, "num_floors": null, "subtype": null, "class": null, "roof_height": null, "height_source": "ndsm"}, "geometry": {"type": "Polygon", "coordinates": [[[35.6068063, 33.2018823], [35.6067896, 33.2018594], [35.6068422, 33.2018324], [35.606859, 33.2018553], [35.6068063, 33.2018823]]]}}, {"type": "Feature", "properties": {"height": 3.0, "num_floors": null, "subtype": null, "class": null, "roof_height": null, "height_source": "floored"}, "geometry": {"type": "Polygon", "coordinates": [[[35.6064083, 33.2022977], [35.6064181, 33.2022428], [35.606468, 33.202249], [35.6064582, 33.2023039], [35.6064083, 33.2022977]]]}}, {"type": "Feature", "properties": {"height": 3.0, "num_floors": null, "subtype": null, "class": null, "roof_height": null, "height_source": "floored"}, "geometry": {"type": "Polygon", "coordinates": [[[35.6070009, 33.2027642], [35.6069632, 33.2027238], [35.6070131, 33.2026912], [35.6070508, 33.2027315], [35.6070009, 33.2027642]]]}}, {"type": "Feature", "properties": {"height": 3.0, "num_floors": null, "subtype": null, "class": null, "roof_height": null, "height_source": "floored"}, "geometry": {"type": "Polygon", "coordinates": [[[35.6068346, 33.2028767], [35.606873, 33.202833], [35.6069211, 33.2028626], [35.6068827, 33.2029063], [35.6068346, 33.2028767]]]}}, {"type": "Feature", "properties": {"height": 3.0, "num_floors": null, "subtype": null, "class": null, "roof_height": null, "height_source": "floored"}, "geometry": {"type": "Polygon", "coordinates": [[[35.6068794, 33.2029942], [35.6068976, 33.2030341], [35.6068532, 33.2030483], [35.606835, 33.2030085], [35.6068794, 33.2029942]]]}}, {"type": "Feature", "properties": {"height": 3.0, "num_floors": null, "subtype": null, "class": null, "roof_height": null, "height_source": "floored"}, "geometry": {"type": "Polygon", "coordinates": [[[35.6067087, 33.2038015], [35.6067727, 33.2038227], [35.6067515, 33.2038673], [35.6066876, 33.2038461], [35.6067087, 33.2038015]]]}}, {"type": "Feature", "properties": {"height": 3.0, "num_floors": null, "subtype": null, "class": null, "roof_height": null, "height_source": "floored"}, "geometry": {"type": "Polygon", "coordinates": [[[35.6065901, 33.2040113], [35.6065876, 33.2039336], [35.6066734, 33.2039317], [35.6066759, 33.2040094], [35.6065901, 33.2040113]]]}}, {"type": "Feature", "properties": {"height": 3.0, "num_floors": null, "subtype": null, "class": null, "roof_height": null, "height_source": "floored"}, "geometry": {"type": "Polygon", "coordinates": [[[35.6066345, 33.2049794], [35.6064843, 33.2050719], [35.6064045, 33.2049812], [35.6065547, 33.2048887], [35.6066345, 33.2049794]]]}}, {"type": "Feature", "properties": {"height": 3.0, "num_floors": null, "subtype": null, "class": null, "roof_height": null, "height_source": "floored"}, "geometry": {"type": "Polygon", "coordinates": [[[35.606449, 33.2054986], [35.6064002, 33.2054394], [35.606503, 33.20538], [35.6065542, 33.2054421], [35.6065926, 33.20542], [35.6066687, 33.2055122], [35.6065606, 33.2055746], [35.6064821, 33.2054794], [35.606449, 33.2054986]]]}}, {"type": "Feature", "properties": {"height": 3.0, "num_floors": null, "subtype": null, "class": null, "roof_height": null, "height_source": "floored"}, "geometry": {"type": "Polygon", "coordinates": [[[35.6067895, 33.2051812], [35.6066059, 33.2052618], [35.6065369, 33.2051518], [35.6067205, 33.2050712], [35.6067895, 33.2051812]]]}}, {"type": "Feature", "properties": {"height": 3.0, "num_floors": null, "subtype": null, "class": null, "roof_height": null, "height_source": "floored"}, "geometry": {"type": "Polygon", "coordinates": [[[35.6069545, 33.2053894], [35.6068413, 33.205454], [35.6067793, 33.2053781], [35.6068204, 33.2053546], [35.6068035, 33.2053339], [35.6068756, 33.2052927], [35.6069545, 33.2053894]]]}}, {"type": "Feature", "properties": {"height": 3.0, "num_floors": null, "subtype": null, "class": null, "roof_height": null, "height_source": "floored"}, "geometry": {"type": "Polygon", "coordinates": [[[35.6071102, 33.2056124], [35.6069778, 33.2056864], [35.6068575, 33.2055357], [35.6069645, 33.2054759], [35.6070186, 33.2055437], [35.6070441, 33.2055295], [35.6071102, 33.2056124]]]}}, {"type": "Feature", "properties": {"height": 3.0, "num_floors": null, "subtype": null, "class": null, "roof_height": null, "height_source": "floored"}, "geometry": {"type": "Polygon", "coordinates": [[[35.6069525, 33.2053866], [35.6069288, 33.2053334], [35.6070394, 33.2052989], [35.6070631, 33.2053521], [35.6069525, 33.2053866]]]}}, {"type": "Feature", "properties": {"height": 3.0, "num_floors": null, "subtype": null, "class": null, "roof_height": null, "height_source": "floored"}, "geometry": {"type": "Polygon", "coordinates": [[[35.6069921, 33.2049538], [35.6070986, 33.2048902], [35.6071633, 33.2049659], [35.6070568, 33.2050296], [35.6069921, 33.2049538]]]}}, {"type": "Feature", "properties": {"height": 3.0, "num_floors": null, "subtype": null, "class": null, "roof_height": null, "height_source": "floored"}, "geometry": {"type": "Polygon", "coordinates": [[[35.6071073, 33.2047256], [35.6070372, 33.2046264], [35.6072915, 33.2045006], [35.6073585, 33.2045953], [35.6073949, 33.2046468], [35.6071585, 33.2047639], [35.6071252, 33.2047167], [35.6071073, 33.2047256]]]}}, {"type": "Feature", "properties": {"height": 3.0, "num_floors": null, "subtype": null, "class": null, "roof_height": null, "height_source": "floored"}, "geometry": {"type": "Polygon", "coordinates": [[[35.6068981, 33.2046627], [35.6070046, 33.2046074], [35.6070707, 33.2046965], [35.6069642, 33.2047518], [35.6068981, 33.2046627]]]}}, {"type": "Feature", "properties": {"height": 3.0, "num_floors": null, "subtype": null, "class": null, "roof_height": null, "height_source": "floored"}, "geometry": {"type": "Polygon", "coordinates": [[[35.6068173, 33.2039625], [35.6069123, 33.2039609], [35.6069141, 33.2040409], [35.6068192, 33.2040424], [35.6068173, 33.2039625]]]}}, {"type": "Feature", "properties": {"height": 3.0, "num_floors": null, "subtype": null, "class": null, "roof_height": null, "height_source": "floored"}, "geometry": {"type": "Polygon", "coordinates": [[[35.6075474, 33.2046547], [35.6075959, 33.2046288], [35.6076336, 33.2046782], [35.6075852, 33.2047041], [35.6075474, 33.2046547]]]}}, {"type": "Feature", "properties": {"height": 3.0, "num_floors": null, "subtype": null, "class": null, "roof_height": null, "height_source": "floored"}, "geometry": {"type": "Polygon", "coordinates": [[[35.6073689, 33.2044573], [35.6074886, 33.2044046], [35.6075318, 33.2044731], [35.6074121, 33.2045258], [35.6073689, 33.2044573]]]}}, {"type": "Feature", "properties": {"height": 3.0, "num_floors": null, "subtype": null, "class": null, "roof_height": null, "height_source": "floored"}, "geometry": {"type": "Polygon", "coordinates": [[[35.6073238, 33.2049441], [35.6073942, 33.204911], [35.6074281, 33.2049615], [35.6073577, 33.2049946], [35.6073238, 33.2049441]]]}}, {"type": "Feature", "properties": {"height": 3.0, "num_floors": null, "subtype": null, "class": null, "roof_height": null, "height_source": "floored"}, "geometry": {"type": "Polygon", "coordinates": [[[35.6073443, 33.204858], [35.6073927, 33.2048237], [35.607453, 33.2048834], [35.6074046, 33.2049177], [35.6073443, 33.204858]]]}}, {"type": "Feature", "properties": {"height": 3.0, "num_floors": null, "subtype": null, "class": null, "roof_height": null, "height_source": "floored"}, "geometry": {"type": "Polygon", "coordinates": [[[35.6073637, 33.2053511], [35.6074315, 33.2053728], [35.6073912, 33.2054609], [35.6073234, 33.2054391], [35.6073637, 33.2053511]]]}}, {"type": "Feature", "properties": {"height": 3.0, "num_floors": null, "subtype": null, "class": null, "roof_height": null, "height_source": "floored"}, "geometry": {"type": "Polygon", "coordinates": [[[35.607508, 33.2053658], [35.607497, 33.2053863], [35.6075405, 33.2054027], [35.6074963, 33.2054848], [35.6073992, 33.2054481], [35.6074546, 33.2053456], [35.607508, 33.2053658]]]}}, {"type": "Feature", "properties": {"height": 3.0, "num_floors": null, "subtype": null, "class": null, "roof_height": null, "height_source": "floored"}, "geometry": {"type": "Polygon", "coordinates": [[[35.607543, 33.2053369], [35.6075007, 33.2052983], [35.6075409, 33.2052675], [35.6075831, 33.2053061], [35.607543, 33.2053369]]]}}, {"type": "Feature", "properties": {"height": 3.0, "num_floors": null, "subtype": null, "class": null, "roof_height": null, "height_source": "floored"}, "geometry": {"type": "Polygon", "coordinates": [[[35.6076101, 33.2053209], [35.6076574, 33.2054057], [35.6075924, 33.205431], [35.6075452, 33.2053462], [35.6076101, 33.2053209]]]}}, {"type": "Feature", "properties": {"height": 3.0, "num_floors": null, "subtype": null, "class": null, "roof_height": null, "height_source": "floored"}, "geometry": {"type": "Polygon", "coordinates": [[[35.607682, 33.2049864], [35.6077267, 33.205065], [35.6075737, 33.205126], [35.6075289, 33.2050474], [35.607682, 33.2049864]]]}}, {"type": "Feature", "properties": {"height": 3.0, "num_floors": null, "subtype": null, "class": null, "roof_height": null, "height_source": "floored"}, "geometry": {"type": "Polygon", "coordinates": [[[35.6077433, 33.2055668], [35.6076542, 33.2053948], [35.6078078, 33.2053391], [35.6078968, 33.2055111], [35.6077433, 33.2055668]]]}}, {"type": "Feature", "properties": {"height": 3.0, "num_floors": null, "subtype": null, "class": null, "roof_height": null, "height_source": "floored"}, "geometry": {"type": "Polygon", "coordinates": [[[35.6084218, 33.1992348], [35.6084261, 33.1991789], [35.6085009, 33.1991829], [35.6084966, 33.1992388], [35.6084218, 33.1992348]]]}}, {"type": "Feature", "properties": {"height": 3.0, "num_floors": null, "subtype": null, "class": null, "roof_height": null, "height_source": "floored"}, "geometry": {"type": "Polygon", "coordinates": [[[35.6113346, 33.1973921], [35.6113849, 33.1973813], [35.6113955, 33.1974161], [35.6113452, 33.1974269], [35.6113346, 33.1973921]]]}}, {"type": "Feature", "properties": {"height": 7.0, "num_floors": null, "subtype": null, "class": null, "roof_height": null, "height_source": "ndsm"}, "geometry": {"type": "Polygon", "coordinates": [[[35.6111327, 33.1978176], [35.6111056, 33.1975513], [35.6113613, 33.1975331], [35.6113772, 33.1976902], [35.6113013, 33.1976956], [35.6113057, 33.1977379], [35.6112391, 33.1977427], [35.6112459, 33.1978095], [35.6111327, 33.1978176]]]}}, {"type": "Feature", "properties": {"height": 3.0, "num_floors": null, "subtype": null, "class": null, "roof_height": null, "height_source": "floored"}, "geometry": {"type": "Polygon", "coordinates": [[[35.6110321, 33.1971072], [35.6109871, 33.1971272], [35.6109599, 33.1970842], [35.6111014, 33.1970216], [35.6111696, 33.1971295], [35.6110731, 33.1971721], [35.6110321, 33.1971072]]]}}, {"type": "Feature", "properties": {"height": 3.0, "num_floors": null, "subtype": "civic", "class": null, "roof_height": null, "height_source": "floored"}, "geometry": {"type": "Polygon", "coordinates": [[[35.615893, 33.1923874], [35.6158728, 33.1922817], [35.616014, 33.1922641], [35.6160298, 33.192372], [35.615893, 33.1923874]]]}}, {"type": "Feature", "properties": {"height": 3.0, "num_floors": null, "subtype": null, "class": null, "roof_height": null, "height_source": "floored"}, "geometry": {"type": "Polygon", "coordinates": [[[35.6162735, 33.192322], [35.6163421, 33.1923188], [35.6163442, 33.1923501], [35.6162756, 33.1923533], [35.6162735, 33.192322]]]}}, {"type": "Feature", "properties": {"height": 3.0, "num_floors": null, "subtype": null, "class": null, "roof_height": null, "height_source": "floored"}, "geometry": {"type": "Polygon", "coordinates": [[[35.6186585, 33.1936563], [35.6186415, 33.1935711], [35.6187955, 33.1935497], [35.6188125, 33.1936348], [35.6186585, 33.1936563]]]}}, {"type": "Feature", "properties": {"height": 3.0, "num_floors": null, "subtype": null, "class": null, "roof_height": null, "height_source": "floored"}, "geometry": {"type": "Polygon", "coordinates": [[[35.6196262, 33.1890895], [35.6196408, 33.1891333], [35.6196034, 33.189142], [35.6195889, 33.1890982], [35.6196262, 33.1890895]]]}}, {"type": "Feature", "properties": {"height": 3.0, "num_floors": null, "subtype": null, "class": null, "roof_height": null, "height_source": "floored"}, "geometry": {"type": "Polygon", "coordinates": [[[35.619395, 33.1887164], [35.6194037, 33.1885371], [35.6194854, 33.1885399], [35.6194768, 33.1887192], [35.619395, 33.1887164]]]}}, {"type": "Feature", "properties": {"height": 3.4, "num_floors": null, "subtype": "residential", "class": "house", "roof_height": null, "height_source": "ndsm"}, "geometry": {"type": "Polygon", "coordinates": [[[35.6200431, 33.1871822], [35.6198886, 33.1870342], [35.6199679, 33.1869372], [35.620164, 33.187075], [35.6200431, 33.1871822]]]}}, {"type": "Feature", "properties": {"height": 3.4, "num_floors": null, "subtype": "residential", "class": "house", "roof_height": null, "height_source": "ndsm"}, "geometry": {"type": "Polygon", "coordinates": [[[35.619976, 33.1869185], [35.6198845, 33.1868505], [35.6199333, 33.1867977], [35.6200248, 33.1868726], [35.619976, 33.1869185]]]}}, {"type": "Feature", "properties": {"height": 3.4, "num_floors": null, "subtype": null, "class": null, "roof_height": null, "height_source": "ndsm"}, "geometry": {"type": "Polygon", "coordinates": [[[35.6200415, 33.1865897], [35.6199919, 33.1866359], [35.6198305, 33.1865144], [35.6198664, 33.186458], [35.6200415, 33.1865897]]]}}, {"type": "Feature", "properties": {"height": 3.4, "num_floors": null, "subtype": "residential", "class": "house", "roof_height": null, "height_source": "ndsm"}, "geometry": {"type": "Polygon", "coordinates": [[[35.6201806, 33.1867047], [35.6200759, 33.1866358], [35.6201349, 33.1865779], [35.6202395, 33.1866485], [35.6201806, 33.1867047]]]}}, {"type": "Feature", "properties": {"height": 3.4, "num_floors": null, "subtype": null, "class": null, "roof_height": null, "height_source": "ndsm"}, "geometry": {"type": "Polygon", "coordinates": [[[35.6203121, 33.1867182], [35.6201858, 33.1868164], [35.6201266, 33.1867631], [35.6202529, 33.1866649], [35.6203121, 33.1867182]]]}}, {"type": "Feature", "properties": {"height": 3.0, "num_floors": null, "subtype": null, "class": null, "roof_height": null, "height_source": "floored"}, "geometry": {"type": "Polygon", "coordinates": [[[35.6202069, 33.1863547], [35.6201501, 33.1863452], [35.6201676, 33.1862718], [35.6202243, 33.1862813], [35.6202069, 33.1863547]]]}}, {"type": "Feature", "properties": {"height": 3.0, "num_floors": null, "subtype": null, "class": null, "roof_height": null, "height_source": "floored"}, "geometry": {"type": "Polygon", "coordinates": [[[35.6200462, 33.1862767], [35.6200681, 33.1862372], [35.6201198, 33.1862573], [35.6200979, 33.1862968], [35.6200462, 33.1862767]]]}}, {"type": "Feature", "properties": {"height": 3.5, "num_floors": null, "subtype": null, "class": null, "roof_height": null, "height_source": "ndsm"}, "geometry": {"type": "Polygon", "coordinates": [[[35.6202731, 33.1862159], [35.6201156, 33.1861103], [35.6202147, 33.1860067], [35.6203723, 33.1861123], [35.6202731, 33.1862159]]]}}, {"type": "Feature", "properties": {"height": 3.5, "num_floors": null, "subtype": null, "class": null, "roof_height": null, "height_source": "ndsm"}, "geometry": {"type": "Polygon", "coordinates": [[[35.6202871, 33.1858447], [35.6201524, 33.185778], [35.6202683, 33.1856142], [35.6204029, 33.1856809], [35.6202871, 33.1858447]]]}}, {"type": "Feature", "properties": {"height": 3.4, "num_floors": null, "subtype": null, "class": null, "roof_height": null, "height_source": "ndsm"}, "geometry": {"type": "Polygon", "coordinates": [[[35.6200425, 33.1857632], [35.6201859, 33.1858545], [35.6201284, 33.1859176], [35.6199851, 33.1858263], [35.6200425, 33.1857632]]]}}, {"type": "Feature", "properties": {"height": 3.0, "num_floors": null, "subtype": null, "class": null, "roof_height": null, "height_source": "floored"}, "geometry": {"type": "Polygon", "coordinates": [[[35.619984, 33.1861852], [35.6200037, 33.1861533], [35.6200503, 33.1861734], [35.6200306, 33.1862053], [35.619984, 33.1861852]]]}}, {"type": "Feature", "properties": {"height": 3.4, "num_floors": null, "subtype": null, "class": null, "roof_height": null, "height_source": "ndsm"}, "geometry": {"type": "Polygon", "coordinates": [[[35.6198905, 33.1862062], [35.6201231, 33.1863747], [35.6200645, 33.1864314], [35.6198319, 33.1862629], [35.6198905, 33.1862062]]]}}, {"type": "Feature", "properties": {"height": 3.0, "num_floors": null, "subtype": null, "class": null, "roof_height": null, "height_source": "floored"}, "geometry": {"type": "Polygon", "coordinates": [[[35.6187551, 33.1858456], [35.6187543, 33.1859062], [35.618603, 33.1859048], [35.6186038, 33.1858442], [35.6187551, 33.1858456]]]}}, {"type": "Feature", "properties": {"height": 3.0, "num_floors": null, "subtype": null, "class": null, "roof_height": null, "height_source": "floored"}, "geometry": {"type": "Polygon", "coordinates": [[[35.6186745, 33.1856442], [35.618586, 33.1856427], [35.6185879, 33.1855673], [35.6186763, 33.1855688], [35.6186745, 33.1856442]]]}}, {"type": "Feature", "properties": {"height": 3.0, "num_floors": null, "subtype": null, "class": null, "roof_height": null, "height_source": "floored"}, "geometry": {"type": "Polygon", "coordinates": [[[35.6186687, 33.1859635], [35.6186394, 33.1860525], [35.6185586, 33.1860338], [35.6185879, 33.1859449], [35.6186687, 33.1859635]]]}}, {"type": "Feature", "properties": {"height": 3.0, "num_floors": null, "subtype": null, "class": null, "roof_height": null, "height_source": "floored"}, "geometry": {"type": "Polygon", "coordinates": [[[35.6177573, 33.1875993], [35.6176788, 33.1875377], [35.6176346, 33.1875029], [35.6176895, 33.187454], [35.6178122, 33.1875503], [35.6177573, 33.1875993]]]}}, {"type": "Feature", "properties": {"height": 3.0, "num_floors": null, "subtype": null, "class": null, "roof_height": null, "height_source": "floored"}, "geometry": {"type": "Polygon", "coordinates": [[[35.6176981, 33.1873469], [35.6178381, 33.1873922], [35.617807, 33.1874593], [35.6176671, 33.1874139], [35.6176981, 33.1873469]]]}}, {"type": "Feature", "properties": {"height": 3.0, "num_floors": null, "subtype": null, "class": null, "roof_height": null, "height_source": "floored"}, "geometry": {"type": "Polygon", "coordinates": [[[35.6178158, 33.1873524], [35.617859, 33.1872722], [35.6179794, 33.1873175], [35.6179363, 33.1873978], [35.6178158, 33.1873524]]]}}, {"type": "Feature", "properties": {"height": 3.0, "num_floors": null, "subtype": null, "class": null, "roof_height": null, "height_source": "floored"}, "geometry": {"type": "Polygon", "coordinates": [[[35.6178743, 33.1871482], [35.6180042, 33.187199], [35.6179662, 33.1872672], [35.6178362, 33.1872164], [35.6178743, 33.1871482]]]}}, {"type": "Feature", "properties": {"height": 3.0, "num_floors": null, "subtype": null, "class": null, "roof_height": null, "height_source": "floored"}, "geometry": {"type": "Polygon", "coordinates": [[[35.6182493, 33.1870059], [35.6181413, 33.1869824], [35.6181695, 33.186892], [35.6182373, 33.1869068], [35.6182253, 33.1869454], [35.6182655, 33.1869541], [35.6182493, 33.1870059]]]}}, {"type": "Feature", "properties": {"height": 3.0, "num_floors": null, "subtype": null, "class": null, "roof_height": null, "height_source": "floored"}, "geometry": {"type": "Polygon", "coordinates": [[[35.6182008, 33.1867686], [35.6183027, 33.1868185], [35.6182559, 33.1868854], [35.618154, 33.1868355], [35.6182008, 33.1867686]]]}}, {"type": "Feature", "properties": {"height": 3.0, "num_floors": null, "subtype": null, "class": null, "roof_height": null, "height_source": "floored"}, "geometry": {"type": "Polygon", "coordinates": [[[35.6184042, 33.1867994], [35.6182783, 33.1867683], [35.6183066, 33.1866878], [35.6184325, 33.1867188], [35.6184042, 33.1867994]]]}}, {"type": "Feature", "properties": {"height": 3.0, "num_floors": null, "subtype": null, "class": null, "roof_height": null, "height_source": "floored"}, "geometry": {"type": "Polygon", "coordinates": [[[35.6180937, 33.1861907], [35.6182443, 33.1861485], [35.6183477, 33.1864069], [35.618197, 33.1864491], [35.6180937, 33.1861907]]]}}, {"type": "Feature", "properties": {"height": 3.0, "num_floors": null, "subtype": null, "class": null, "roof_height": null, "height_source": "floored"}, "geometry": {"type": "Polygon", "coordinates": [[[35.6181609, 33.1858069], [35.6179585, 33.1857827], [35.6179784, 33.1856661], [35.6181808, 33.1856903], [35.6181609, 33.1858069]]]}}, {"type": "Feature", "properties": {"height": 3.0, "num_floors": null, "subtype": null, "class": null, "roof_height": null, "height_source": "floored"}, "geometry": {"type": "Polygon", "coordinates": [[[35.6180902, 33.1870875], [35.618049, 33.1870477], [35.6180966, 33.1870132], [35.6181377, 33.187053], [35.6180902, 33.1870875]]]}}, {"type": "Feature", "properties": {"height": 3.0, "num_floors": null, "subtype": null, "class": null, "roof_height": null, "height_source": "floored"}, "geometry": {"type": "Polygon", "coordinates": [[[35.6180813, 33.187212], [35.6179704, 33.1871557], [35.618028, 33.1870764], [35.6181388, 33.1871326], [35.6180813, 33.187212]]]}}, {"type": "Feature", "properties": {"height": 3.0, "num_floors": null, "subtype": null, "class": null, "roof_height": null, "height_source": "floored"}, "geometry": {"type": "Polygon", "coordinates": [[[35.6172197, 33.1871515], [35.6172973, 33.1871484], [35.6173014, 33.1872223], [35.6172238, 33.1872254], [35.6172197, 33.1871515]]]}}, {"type": "Feature", "properties": {"height": 3.0, "num_floors": null, "subtype": null, "class": null, "roof_height": null, "height_source": "floored"}, "geometry": {"type": "Polygon", "coordinates": [[[35.6169288, 33.1857939], [35.6168099, 33.1856065], [35.6169773, 33.1855321], [35.6170218, 33.1856022], [35.6169464, 33.1856356], [35.6169646, 33.1856643], [35.6170462, 33.185628], [35.6171025, 33.1857167], [35.6169288, 33.1857939]]]}}, {"type": "Feature", "properties": {"height": 3.0, "num_floors": null, "subtype": null, "class": null, "roof_height": null, "height_source": "floored"}, "geometry": {"type": "Polygon", "coordinates": [[[35.6168946, 33.1855664], [35.6168777, 33.1855437], [35.6169455, 33.1855085], [35.6169623, 33.1855312], [35.6168946, 33.1855664]]]}}, {"type": "Feature", "properties": {"height": 3.0, "num_floors": null, "subtype": null, "class": null, "roof_height": null, "height_source": "floored"}, "geometry": {"type": "Polygon", "coordinates": [[[35.616782, 33.1865802], [35.6168932, 33.1865445], [35.6169312, 33.1866275], [35.6168201, 33.1866632], [35.616782, 33.1865802]]]}}, {"type": "Feature", "properties": {"height": 3.0, "num_floors": null, "subtype": null, "class": null, "roof_height": null, "height_source": "floored"}, "geometry": {"type": "Polygon", "coordinates": [[[35.6168421, 33.1867801], [35.6168165, 33.1867283], [35.6168359, 33.1867216], [35.6168216, 33.1866929], [35.6169534, 33.1866472], [35.6169932, 33.1867277], [35.6168421, 33.1867801]]]}}, {"type": "Feature", "properties": {"height": 3.0, "num_floors": null, "subtype": null, "class": null, "roof_height": null, "height_source": "floored"}, "geometry": {"type": "Polygon", "coordinates": [[[35.6169931, 33.1869538], [35.6169681, 33.1868912], [35.6171057, 33.1868528], [35.6171307, 33.1869154], [35.6169931, 33.1869538]]]}}, {"type": "Feature", "properties": {"height": 3.0, "num_floors": null, "subtype": null, "class": null, "roof_height": null, "height_source": "floored"}, "geometry": {"type": "Polygon", "coordinates": [[[35.617153, 33.1871643], [35.6170919, 33.1870954], [35.6172181, 33.187017], [35.6172792, 33.1870859], [35.617153, 33.1871643]]]}}, {"type": "Feature", "properties": {"height": 3.0, "num_floors": null, "subtype": null, "class": null, "roof_height": null, "height_source": "floored"}, "geometry": {"type": "Polygon", "coordinates": [[[35.6171041, 33.1872108], [35.617076, 33.1871787], [35.6171317, 33.1871444], [35.6171599, 33.1871765], [35.6171041, 33.1872108]]]}}, {"type": "Feature", "properties": {"height": 3.0, "num_floors": null, "subtype": null, "class": null, "roof_height": null, "height_source": "floored"}, "geometry": {"type": "Polygon", "coordinates": [[[35.6171299, 33.1869505], [35.6171775, 33.1869972], [35.6171155, 33.1870416], [35.6170678, 33.1869949], [35.6171299, 33.1869505]]]}}, {"type": "Feature", "properties": {"height": 3.0, "num_floors": null, "subtype": null, "class": null, "roof_height": null, "height_source": "floored"}, "geometry": {"type": "Polygon", "coordinates": [[[35.6172997, 33.1873456], [35.6172517, 33.1872705], [35.6173654, 33.1872197], [35.6174133, 33.1872948], [35.6172997, 33.1873456]]]}}, {"type": "Feature", "properties": {"height": 3.0, "num_floors": null, "subtype": null, "class": null, "roof_height": null, "height_source": "floored"}, "geometry": {"type": "Polygon", "coordinates": [[[35.6175626, 33.1876837], [35.6176765, 33.1876824], [35.6176789, 33.1878291], [35.6175649, 33.1878304], [35.6175626, 33.1876837]]]}}, {"type": "Feature", "properties": {"height": 3.0, "num_floors": null, "subtype": null, "class": null, "roof_height": null, "height_source": "floored"}, "geometry": {"type": "Polygon", "coordinates": [[[35.6166845, 33.1865018], [35.6168177, 33.1864496], [35.6168641, 33.1865324], [35.6166991, 33.1865971], [35.6166682, 33.1865419], [35.6167, 33.1865294], [35.6166845, 33.1865018]]]}}, {"type": "Feature", "properties": {"height": 3.0, "num_floors": null, "subtype": null, "class": null, "roof_height": null, "height_source": "floored"}, "geometry": {"type": "Polygon", "coordinates": [[[35.6166544, 33.1864924], [35.6166125, 33.1864355], [35.6167601, 33.1863592], [35.616802, 33.1864161], [35.6166544, 33.1864924]]]}}, {"type": "Feature", "properties": {"height": 3.0, "num_floors": null, "subtype": null, "class": null, "roof_height": null, "height_source": "floored"}, "geometry": {"type": "Polygon", "coordinates": [[[35.6166895, 33.186654], [35.6167175, 33.186692], [35.6166904, 33.1867061], [35.6166623, 33.1866681], [35.6166895, 33.186654]]]}}, {"type": "Feature", "properties": {"height": 3.0, "num_floors": null, "subtype": null, "class": null, "roof_height": null, "height_source": "floored"}, "geometry": {"type": "Polygon", "coordinates": [[[35.6165495, 33.1864483], [35.61653, 33.1864192], [35.6165872, 33.1863924], [35.6166066, 33.1864215], [35.6165495, 33.1864483]]]}}, {"type": "Feature", "properties": {"height": 3.0, "num_floors": null, "subtype": null, "class": null, "roof_height": null, "height_source": "floored"}, "geometry": {"type": "Polygon", "coordinates": [[[35.6165518, 33.1863055], [35.6166831, 33.1862782], [35.6167054, 33.186353], [35.616574, 33.1863803], [35.6165518, 33.1863055]]]}}, {"type": "Feature", "properties": {"height": 3.0, "num_floors": null, "subtype": null, "class": null, "roof_height": null, "height_source": "floored"}, "geometry": {"type": "Polygon", "coordinates": [[[35.615717, 33.1819113], [35.6156968, 33.1818713], [35.6157378, 33.1818568], [35.6157579, 33.1818968], [35.615717, 33.1819113]]]}}, {"type": "Feature", "properties": {"height": 3.0, "num_floors": null, "subtype": null, "class": null, "roof_height": null, "height_source": "floored"}, "geometry": {"type": "Polygon", "coordinates": [[[35.615707, 33.181817], [35.6157292, 33.1818519], [35.6156875, 33.1818706], [35.6156652, 33.1818357], [35.615707, 33.181817]]]}}, {"type": "Feature", "properties": {"height": 3.0, "num_floors": null, "subtype": null, "class": null, "roof_height": null, "height_source": "floored"}, "geometry": {"type": "Polygon", "coordinates": [[[35.6184513, 33.179027], [35.618253, 33.1790719], [35.6181482, 33.1787483], [35.6183466, 33.1787033], [35.6184513, 33.179027]]]}}, {"type": "Feature", "properties": {"height": 3.4, "num_floors": null, "subtype": null, "class": null, "roof_height": null, "height_source": "ndsm"}, "geometry": {"type": "Polygon", "coordinates": [[[35.6180993, 33.1798671], [35.6181014, 33.17982], [35.6181898, 33.1798227], [35.6181877, 33.1798698], [35.6180993, 33.1798671]]]}}, {"type": "Feature", "properties": {"height": 3.4, "num_floors": null, "subtype": null, "class": null, "roof_height": null, "height_source": "ndsm"}, "geometry": {"type": "Polygon", "coordinates": [[[35.6179528, 33.1802919], [35.6179916, 33.1801712], [35.6181291, 33.1802022], [35.6181359, 33.1801813], [35.6182284, 33.1802021], [35.618234, 33.1801846], [35.6183791, 33.1802173], [35.6183384, 33.1803437], [35.6182584, 33.1803256], [35.6182519, 33.1803458], [35.6182044, 33.1803351], [35.6182122, 33.1803107], [35.6180997, 33.1802854], [35.6180878, 33.1803223], [35.6179528, 33.1802919]]]}}, {"type": "Feature", "properties": {"height": 3.4, "num_floors": null, "subtype": null, "class": null, "roof_height": null, "height_source": "ndsm"}, "geometry": {"type": "Polygon", "coordinates": [[[35.617938, 33.179953], [35.6179515, 33.1799055], [35.6179959, 33.1799143], [35.6179823, 33.1799618], [35.617938, 33.179953]]]}}, {"type": "Feature", "properties": {"height": 3.0, "num_floors": null, "subtype": null, "class": null, "roof_height": null, "height_source": "floored"}, "geometry": {"type": "Polygon", "coordinates": [[[35.6182229, 33.1805819], [35.618171, 33.1805642], [35.6182157, 33.1804725], [35.6184041, 33.1805369], [35.6183587, 33.1806301], [35.6183069, 33.1806124], [35.6183162, 33.1805932], [35.6182315, 33.1805643], [35.6182229, 33.1805819]]]}}, {"type": "Feature", "properties": {"height": 3.0, "num_floors": null, "subtype": null, "class": null, "roof_height": null, "height_source": "floored"}, "geometry": {"type": "Polygon", "coordinates": [[[35.6184874, 33.1806793], [35.6184355, 33.1806616], [35.6184801, 33.18057], [35.6186686, 33.1806343], [35.6186232, 33.1807275], [35.6185714, 33.1807098], [35.6185807, 33.1806906], [35.618496, 33.1806617], [35.6184874, 33.1806793]]]}}, {"type": "Feature", "properties": {"height": 3.0, "num_floors": null, "subtype": null, "class": null, "roof_height": null, "height_source": "floored"}, "geometry": {"type": "Polygon", "coordinates": [[[35.6184201, 33.1809205], [35.6183682, 33.1809027], [35.6184128, 33.1808111], [35.6186013, 33.1808755], [35.6185559, 33.1809686], [35.6185041, 33.1809509], [35.6185134, 33.1809318], [35.6184287, 33.1809029], [35.6184201, 33.1809205]]]}}, {"type": "Feature", "properties": {"height": 3.0, "num_floors": null, "subtype": null, "class": null, "roof_height": null, "height_source": "floored"}, "geometry": {"type": "Polygon", "coordinates": [[[35.616978, 33.1854643], [35.6170342, 33.1854436], [35.6170605, 33.1854938], [35.6170043, 33.1855144], [35.616978, 33.1854643]]]}}, {"type": "Feature", "properties": {"height": 3.0, "num_floors": null, "subtype": null, "class": null, "roof_height": null, "height_source": "floored"}, "geometry": {"type": "Polygon", "coordinates": [[[35.6179878, 33.1842525], [35.6180599, 33.1842972], [35.6179987, 33.1843662], [35.6179267, 33.1843215], [35.6179878, 33.1842525]]]}}, {"type": "Feature", "properties": {"height": 3.0, "num_floors": null, "subtype": null, "class": null, "roof_height": null, "height_source": "floored"}, "geometry": {"type": "Polygon", "coordinates": [[[35.6183577, 33.1854334], [35.6183729, 33.1854888], [35.6183016, 33.1855026], [35.6182863, 33.1854471], [35.6183577, 33.1854334]]]}}, {"type": "Feature", "properties": {"height": 3.0, "num_floors": null, "subtype": null, "class": null, "roof_height": null, "height_source": "floored"}, "geometry": {"type": "Polygon", "coordinates": [[[35.6184254, 33.1849011], [35.6184911, 33.1848687], [35.6185322, 33.184927], [35.6184665, 33.1849594], [35.6184254, 33.1849011]]]}}, {"type": "Feature", "properties": {"height": 3.0, "num_floors": null, "subtype": null, "class": null, "roof_height": null, "height_source": "floored"}, "geometry": {"type": "Polygon", "coordinates": [[[35.6183942, 33.1847107], [35.6184862, 33.184658], [35.618532, 33.1847139], [35.61844, 33.1847667], [35.6183942, 33.1847107]]]}}, {"type": "Feature", "properties": {"height": 3.0, "num_floors": null, "subtype": null, "class": null, "roof_height": null, "height_source": "floored"}, "geometry": {"type": "Polygon", "coordinates": [[[35.6182593, 33.1845196], [35.6183772, 33.1844442], [35.6184367, 33.1845094], [35.6183189, 33.1845848], [35.6182593, 33.1845196]]]}}, {"type": "Feature", "properties": {"height": 3.0, "num_floors": null, "subtype": null, "class": null, "roof_height": null, "height_source": "floored"}, "geometry": {"type": "Polygon", "coordinates": [[[35.6180592, 33.1843476], [35.6181522, 33.1842866], [35.6182173, 33.1843561], [35.6181243, 33.1844171], [35.6180592, 33.1843476]]]}}, {"type": "Feature", "properties": {"height": 9.0, "num_floors": null, "subtype": null, "class": null, "roof_height": null, "height_source": "ndsm"}, "geometry": {"type": "Polygon", "coordinates": [[[35.6177869, 33.1823148], [35.6178944, 33.1822802], [35.6179109, 33.1823161], [35.6179483, 33.1823041], [35.617995, 33.1824057], [35.6178502, 33.1824524], [35.6177869, 33.1823148]]]}}, {"type": "Feature", "properties": {"height": 3.0, "num_floors": null, "subtype": null, "class": null, "roof_height": null, "height_source": "floored"}, "geometry": {"type": "Polygon", "coordinates": [[[35.6190329, 33.1837746], [35.619104, 33.1837475], [35.6191384, 33.1838107], [35.6190673, 33.1838378], [35.6190329, 33.1837746]]]}}, {"type": "Feature", "properties": {"height": 3.0, "num_floors": null, "subtype": null, "class": null, "roof_height": null, "height_source": "floored"}, "geometry": {"type": "Polygon", "coordinates": [[[35.6186278, 33.1851135], [35.618638, 33.1851834], [35.6184979, 33.1851977], [35.6184877, 33.1851278], [35.6186278, 33.1851135]]]}}, {"type": "Feature", "properties": {"height": 3.0, "num_floors": null, "subtype": null, "class": null, "roof_height": null, "height_source": "floored"}, "geometry": {"type": "Polygon", "coordinates": [[[35.6186343, 33.1854567], [35.6187078, 33.1854578], [35.6187063, 33.1855297], [35.6186328, 33.1855286], [35.6186343, 33.1854567]]]}}, {"type": "Feature", "properties": {"height": 3.0, "num_floors": null, "subtype": null, "class": null, "roof_height": null, "height_source": "floored"}, "geometry": {"type": "Polygon", "coordinates": [[[35.6187331, 33.1852209], [35.6187298, 33.1852994], [35.618605, 33.1852957], [35.6186083, 33.1852173], [35.6187331, 33.1852209]]]}}, {"type": "Feature", "properties": {"height": 3.0, "num_floors": null, "subtype": null, "class": null, "roof_height": null, "height_source": "floored"}, "geometry": {"type": "Polygon", "coordinates": [[[35.6195674, 33.183946], [35.6195521, 33.1839012], [35.6196413, 33.1838798], [35.6196567, 33.1839245], [35.6195674, 33.183946]]]}}, {"type": "Feature", "properties": {"height": 3.2, "num_floors": null, "subtype": null, "class": null, "roof_height": null, "height_source": "ndsm"}, "geometry": {"type": "Polygon", "coordinates": [[[35.6201338, 33.1848441], [35.6201319, 33.1848114], [35.6202309, 33.1848074], [35.6202328, 33.18484], [35.6201338, 33.1848441]]]}}, {"type": "Feature", "properties": {"height": 3.2, "num_floors": null, "subtype": null, "class": null, "roof_height": null, "height_source": "ndsm"}, "geometry": {"type": "Polygon", "coordinates": [[[35.6199889, 33.1845801], [35.6202344, 33.184575], [35.6202384, 33.1847083], [35.6201081, 33.184711], [35.6201111, 33.184812], [35.6199958, 33.1848143], [35.6199889, 33.1845801]]]}}, {"type": "Feature", "properties": {"height": 3.2, "num_floors": null, "subtype": null, "class": null, "roof_height": null, "height_source": "ndsm"}, "geometry": {"type": "Polygon", "coordinates": [[[35.6201157, 33.184714], [35.6202374, 33.1847153], [35.620236, 33.1848051], [35.6201142, 33.1848038], [35.6201157, 33.184714]]]}}, {"type": "Feature", "properties": {"height": 4.4, "num_floors": null, "subtype": null, "class": null, "roof_height": null, "height_source": "ndsm"}, "geometry": {"type": "Polygon", "coordinates": [[[35.6202409, 33.1846807], [35.6203213, 33.1846792], [35.6203278, 33.1849215], [35.6202474, 33.184923], [35.6202409, 33.1846807]]]}}, {"type": "Feature", "properties": {"height": 3.0, "num_floors": null, "subtype": null, "class": null, "roof_height": null, "height_source": "floored"}, "geometry": {"type": "Polygon", "coordinates": [[[35.6201087, 33.183928], [35.6202024, 33.1839255], [35.620205, 33.1839928], [35.6201113, 33.1839953], [35.6201087, 33.183928]]]}}, {"type": "Feature", "properties": {"height": 3.0, "num_floors": null, "subtype": null, "class": null, "roof_height": null, "height_source": "floored"}, "geometry": {"type": "Polygon", "coordinates": [[[35.6199957, 33.1815501], [35.6198542, 33.1815094], [35.6199046, 33.1813869], [35.6200461, 33.1814277], [35.6199957, 33.1815501]]]}}, {"type": "Feature", "properties": {"height": 3.0, "num_floors": null, "subtype": null, "class": null, "roof_height": null, "height_source": "floored"}, "geometry": {"type": "Polygon", "coordinates": [[[35.6202805, 33.1814932], [35.6203039, 33.1814966], [35.6202934, 33.1815476], [35.6202699, 33.1815442], [35.6202805, 33.1814932]]]}}, {"type": "Feature", "properties": {"height": 3.0, "num_floors": null, "subtype": null, "class": null, "roof_height": null, "height_source": "floored"}, "geometry": {"type": "Polygon", "coordinates": [[[35.6202909, 33.1815839], [35.6200768, 33.1815428], [35.6200915, 33.1814895], [35.6201169, 33.1814944], [35.6201265, 33.1814594], [35.6202769, 33.1814883], [35.6202597, 33.181551], [35.6202979, 33.1815584], [35.6202909, 33.1815839]]]}}, {"type": "Feature", "properties": {"height": 3.0, "num_floors": null, "subtype": null, "class": null, "roof_height": null, "height_source": "floored"}, "geometry": {"type": "Polygon", "coordinates": [[[35.6200866, 33.1811981], [35.6203313, 33.1812076], [35.6203267, 33.1812904], [35.620082, 33.181281], [35.6200866, 33.1811981]]]}}, {"type": "Feature", "properties": {"height": 4.5, "num_floors": null, "subtype": null, "class": null, "roof_height": null, "height_source": "ndsm"}, "geometry": {"type": "Polygon", "coordinates": [[[35.6198151, 33.1804058], [35.6200964, 33.1804753], [35.6200522, 33.1806004], [35.6199056, 33.1805642], [35.6199191, 33.1805258], [35.6197845, 33.1804925], [35.6198151, 33.1804058]]]}}, {"type": "Feature", "properties": {"height": 3.0, "num_floors": null, "subtype": null, "class": null, "roof_height": null, "height_source": "floored"}, "geometry": {"type": "Polygon", "coordinates": [[[35.6196545, 33.1810654], [35.6199044, 33.1811334], [35.6198858, 33.1811813], [35.6198141, 33.1811618], [35.6198054, 33.1811841], [35.6196272, 33.1811357], [35.6196545, 33.1810654]]]}}, {"type": "Feature", "properties": {"height": 3.0, "num_floors": null, "subtype": null, "class": null, "roof_height": null, "height_source": "floored"}, "geometry": {"type": "Polygon", "coordinates": [[[35.6196643, 33.1809805], [35.6196708, 33.1809431], [35.6197234, 33.1809495], [35.6197169, 33.1809869], [35.6196643, 33.1809805]]]}}, {"type": "Feature", "properties": {"height": 3.0, "num_floors": null, "subtype": null, "class": null, "roof_height": null, "height_source": "floored"}, "geometry": {"type": "Polygon", "coordinates": [[[35.6196731, 33.1806132], [35.6197506, 33.1806258], [35.6197316, 33.180708], [35.6196541, 33.1806955], [35.6196731, 33.1806132]]]}}, {"type": "Feature", "properties": {"height": 3.0, "num_floors": null, "subtype": null, "class": null, "roof_height": null, "height_source": "floored"}, "geometry": {"type": "Polygon", "coordinates": [[[35.6194886, 33.1808885], [35.619523, 33.180799], [35.6195876, 33.1808164], [35.619575, 33.1808489], [35.6196295, 33.1808637], [35.6196421, 33.1808311], [35.619715, 33.1808508], [35.619704, 33.1808793], [35.6197612, 33.1808947], [35.6197377, 33.1809557], [35.6194886, 33.1808885]]]}}, {"type": "Feature", "properties": {"height": 3.0, "num_floors": null, "subtype": null, "class": null, "roof_height": null, "height_source": "floored"}, "geometry": {"type": "Polygon", "coordinates": [[[35.6196282, 33.1808568], [35.6195812, 33.1808453], [35.6195899, 33.1808205], [35.6196368, 33.180832], [35.6196282, 33.1808568]]]}}, {"type": "Feature", "properties": {"height": 3.0, "num_floors": null, "subtype": null, "class": null, "roof_height": null, "height_source": "floored"}, "geometry": {"type": "Polygon", "coordinates": [[[35.6193687, 33.1804245], [35.6196247, 33.1804923], [35.6195787, 33.1806139], [35.6195495, 33.1806061], [35.6195329, 33.1806498], [35.6194696, 33.180633], [35.6194888, 33.180582], [35.6193255, 33.1805387], [35.6193687, 33.1804245]]]}}, {"type": "Feature", "properties": {"height": 3.0, "num_floors": null, "subtype": null, "class": null, "roof_height": null, "height_source": "floored"}, "geometry": {"type": "Polygon", "coordinates": [[[35.6195847, 33.1811407], [35.6195363, 33.1811274], [35.6195658, 33.1810524], [35.6196142, 33.1810658], [35.6195847, 33.1811407]]]}}, {"type": "Feature", "properties": {"height": 3.1, "num_floors": null, "subtype": null, "class": null, "roof_height": null, "height_source": "ndsm"}, "geometry": {"type": "Polygon", "coordinates": [[[35.6193214, 33.1813551], [35.61936, 33.1812432], [35.6196324, 33.181309], [35.6196159, 33.1813566], [35.6196531, 33.1813656], [35.6196266, 33.1814423], [35.6195241, 33.1814175], [35.6195262, 33.1814113], [35.6194569, 33.1813946], [35.6194583, 33.1813904], [35.6193851, 33.1813727], [35.6193858, 33.1813707], [35.6193214, 33.1813551]]]}}, {"type": "Feature", "properties": {"height": 3.0, "num_floors": null, "subtype": null, "class": null, "roof_height": null, "height_source": "floored"}, "geometry": {"type": "Polygon", "coordinates": [[[35.6197686, 33.1813505], [35.6198937, 33.181386], [35.6198471, 33.1815007], [35.6197798, 33.1814816], [35.6197778, 33.1814864], [35.6197201, 33.18147], [35.6197686, 33.1813505]]]}}, {"type": "Feature", "properties": {"height": 3.0, "num_floors": null, "subtype": null, "class": null, "roof_height": null, "height_source": "floored"}, "geometry": {"type": "Polygon", "coordinates": [[[35.6195892, 33.181551], [35.6198926, 33.1816221], [35.619849, 33.1817524], [35.6196043, 33.181695], [35.6196179, 33.1816542], [35.6195593, 33.1816405], [35.6195892, 33.181551]]]}}, {"type": "Feature", "properties": {"height": 3.2, "num_floors": null, "subtype": null, "class": null, "roof_height": null, "height_source": "ndsm"}, "geometry": {"type": "Polygon", "coordinates": [[[35.6192516, 33.1820087], [35.6191722, 33.1819922], [35.6191986, 33.1819034], [35.6192779, 33.1819199], [35.6192516, 33.1820087]]]}}, {"type": "Feature", "properties": {"height": 3.1, "num_floors": null, "subtype": null, "class": null, "roof_height": null, "height_source": "ndsm"}, "geometry": {"type": "Polygon", "coordinates": [[[35.6193457, 33.1815743], [35.619201, 33.1815455], [35.6192269, 33.1814542], [35.6195062, 33.1815097], [35.619467, 33.1816478], [35.6193324, 33.1816211], [35.6193457, 33.1815743]]]}}, {"type": "Feature", "properties": {"height": 5.1, "num_floors": null, "subtype": null, "class": null, "roof_height": null, "height_source": "ndsm"}, "geometry": {"type": "Polygon", "coordinates": [[[35.6189649, 33.1815465], [35.6189129, 33.1815288], [35.6189576, 33.1814372], [35.6191461, 33.1815015], [35.6191007, 33.1815947], [35.6190488, 33.181577], [35.6190582, 33.1815578], [35.6189735, 33.1815289], [35.6189649, 33.1815465]]]}}, {"type": "Feature", "properties": {"height": 8.8, "num_floors": null, "subtype": null, "class": null, "roof_height": null, "height_source": "ndsm"}, "geometry": {"type": "Polygon", "coordinates": [[[35.6190832, 33.1818625], [35.6190005, 33.1818442], [35.6190317, 33.1817456], [35.6191144, 33.1817639], [35.6190832, 33.1818625]]]}}, {"type": "Feature", "properties": {"height": 8.8, "num_floors": null, "subtype": null, "class": null, "roof_height": null, "height_source": "ndsm"}, "geometry": {"type": "Polygon", "coordinates": [[[35.6191508, 33.1818932], [35.6190865, 33.181892], [35.6190884, 33.1818202], [35.6191528, 33.1818214], [35.6191508, 33.1818932]]]}}, {"type": "Feature", "properties": {"height": 7.4, "num_floors": null, "subtype": null, "class": null, "roof_height": null, "height_source": "ndsm"}, "geometry": {"type": "Polygon", "coordinates": [[[35.6187392, 33.1814394], [35.6186873, 33.1814216], [35.618732, 33.18133], [35.6189204, 33.1813944], [35.618875, 33.1814875], [35.6188232, 33.1814698], [35.6188325, 33.1814507], [35.6187478, 33.1814217], [35.6187392, 33.1814394]]]}}, {"type": "Feature", "properties": {"height": 3.0, "num_floors": null, "subtype": null, "class": null, "roof_height": null, "height_source": "floored"}, "geometry": {"type": "Polygon", "coordinates": [[[35.6185563, 33.1811484], [35.6185044, 33.1811307], [35.618549, 33.1810391], [35.6187375, 33.1811034], [35.6186921, 33.1811966], [35.6186403, 33.1811789], [35.6186496, 33.1811597], [35.6185649, 33.1811308], [35.6185563, 33.1811484]]]}}, {"type": "Feature", "properties": {"height": 3.0, "num_floors": null, "subtype": null, "class": null, "roof_height": null, "height_source": "floored"}, "geometry": {"type": "Polygon", "coordinates": [[[35.6186929, 33.1807289], [35.6186414, 33.1807201], [35.6186477, 33.1806942], [35.6186992, 33.180703], [35.6186929, 33.1807289]]]}}, {"type": "Feature", "properties": {"height": 3.0, "num_floors": null, "subtype": null, "class": null, "roof_height": null, "height_source": "floored"}, "geometry": {"type": "Polygon", "coordinates": [[[35.6192024, 33.1806839], [35.6191871, 33.180735], [35.6191563, 33.1807363], [35.619142, 33.1807333], [35.6190794, 33.1807359], [35.6190027, 33.1807197], [35.6189964, 33.1807408], [35.6189599, 33.1807332], [35.6188676, 33.180737], [35.6188671, 33.1807287], [35.6188953, 33.1806348], [35.6189599, 33.1806321], [35.6189777, 33.1806359], [35.6191991, 33.1806268], [35.6192024, 33.1806839]]]}}, {"type": "Feature", "properties": {"height": 3.0, "num_floors": null, "subtype": null, "class": null, "roof_height": null, "height_source": "floored"}, "geometry": {"type": "Polygon", "coordinates": [[[35.6190807, 33.1812862], [35.6190288, 33.1812685], [35.6190735, 33.1811769], [35.6192619, 33.1812412], [35.6192165, 33.1813344], [35.6191647, 33.1813167], [35.619174, 33.1812975], [35.6190893, 33.1812686], [35.6190807, 33.1812862]]]}}, {"type": "Feature", "properties": {"height": 3.0, "num_floors": null, "subtype": null, "class": null, "roof_height": null, "height_source": "floored"}, "geometry": {"type": "Polygon", "coordinates": [[[35.6192941, 33.1811047], [35.6192433, 33.1810864], [35.6192643, 33.1810455], [35.6193151, 33.1810637], [35.6192941, 33.1811047]]]}}, {"type": "Feature", "properties": {"height": 3.6, "num_floors": null, "subtype": null, "class": null, "roof_height": null, "height_source": "ndsm"}, "geometry": {"type": "Polygon", "coordinates": [[[35.6191073, 33.1802356], [35.6193545, 33.1803032], [35.6193101, 33.1804168], [35.619063, 33.1803492], [35.6191073, 33.1802356]]]}}, {"type": "Feature", "properties": {"height": 3.7, "num_floors": null, "subtype": null, "class": null, "roof_height": null, "height_source": "ndsm"}, "geometry": {"type": "Polygon", "coordinates": [[[35.6194839, 33.1800083], [35.6192344, 33.1799242], [35.619289, 33.1798107], [35.6195385, 33.1798948], [35.6194839, 33.1800083]]]}}, {"type": "Feature", "properties": {"height": 3.0, "num_floors": null, "subtype": null, "class": null, "roof_height": null, "height_source": "floored"}, "geometry": {"type": "Polygon", "coordinates": [[[35.6189197, 33.1803962], [35.6190877, 33.1804333], [35.619052, 33.1805466], [35.618884, 33.1805095], [35.6189197, 33.1803962]]]}}, {"type": "Feature", "properties": {"height": 3.4, "num_floors": null, "subtype": null, "class": null, "roof_height": null, "height_source": "ndsm"}, "geometry": {"type": "Polygon", "coordinates": [[[35.6184368, 33.1803479], [35.6184938, 33.1801855], [35.6185753, 33.1802055], [35.6185666, 33.1802303], [35.6186481, 33.1802503], [35.6186382, 33.1802785], [35.6187246, 33.1802997], [35.6187229, 33.1803046], [35.6188118, 33.1803265], [35.6187751, 33.1804311], [35.6184368, 33.1803479]]]}}, {"type": "Feature", "properties": {"height": 3.4, "num_floors": null, "subtype": null, "class": null, "roof_height": null, "height_source": "ndsm"}, "geometry": {"type": "Polygon", "coordinates": [[[35.618728, 33.1800165], [35.6187313, 33.1800432], [35.6186728, 33.1800482], [35.6186696, 33.1800215], [35.618728, 33.1800165]]]}}, {"type": "Feature", "properties": {"height": 3.4, "num_floors": null, "subtype": null, "class": null, "roof_height": null, "height_source": "ndsm"}, "geometry": {"type": "Polygon", "coordinates": [[[35.6186025, 33.1798235], [35.6185418, 33.179807], [35.6185568, 33.1797684], [35.6186175, 33.1797849], [35.6186025, 33.1798235]]]}}, {"type": "Feature", "properties": {"height": 3.4, "num_floors": null, "subtype": null, "class": null, "roof_height": null, "height_source": "ndsm"}, "geometry": {"type": "Polygon", "coordinates": [[[35.6189472, 33.1797877], [35.6188587, 33.179744], [35.6189268, 33.1796474], [35.6190153, 33.1796911], [35.6189472, 33.1797877]]]}}, {"type": "Feature", "properties": {"height": 3.0, "num_floors": null, "subtype": null, "class": null, "roof_height": null, "height_source": "floored"}, "geometry": {"type": "Polygon", "coordinates": [[[35.618993, 33.1789639], [35.6190223, 33.178966], [35.6190185, 33.1790039], [35.6189892, 33.1790018], [35.618993, 33.1789639]]]}}, {"type": "Feature", "properties": {"height": 3.7, "num_floors": null, "subtype": null, "class": null, "roof_height": null, "height_source": "ndsm"}, "geometry": {"type": "Polygon", "coordinates": [[[35.6192464, 33.1791198], [35.6193262, 33.179138], [35.6192895, 33.1792509], [35.6191584, 33.1792209], [35.6191713, 33.1791812], [35.6190927, 33.1791633], [35.6191022, 33.179134], [35.6190236, 33.1791161], [35.6190325, 33.1790889], [35.6189938, 33.1790801], [35.619036, 33.1789505], [35.6190859, 33.1789619], [35.6190757, 33.1789933], [35.6191119, 33.1790015], [35.6191035, 33.1790274], [35.6191821, 33.1790454], [35.6191722, 33.1790759], [35.6192545, 33.1790947], [35.6192464, 33.1791198]]]}}, {"type": "Feature", "properties": {"height": 3.7, "num_floors": null, "subtype": null, "class": null, "roof_height": null, "height_source": "ndsm"}, "geometry": {"type": "Polygon", "coordinates": [[[35.6190462, 33.1793635], [35.6192099, 33.1794046], [35.6191643, 33.1795323], [35.6190399, 33.1795011], [35.6190532, 33.1794641], [35.6190039, 33.1794517], [35.6189892, 33.1794929], [35.6189265, 33.1794772], [35.618953, 33.179403], [35.6188988, 33.1793895], [35.6189084, 33.1793627], [35.6188715, 33.1793534], [35.6189068, 33.1792546], [35.6189585, 33.1792675], [35.6189629, 33.1792551], [35.6189949, 33.1792632], [35.618981, 33.1793023], [35.6190609, 33.1793223], [35.6190462, 33.1793635]]]}}, {"type": "Feature", "properties": {"height": 3.2, "num_floors": null, "subtype": null, "class": null, "roof_height": null, "height_source": "ndsm"}, "geometry": {"type": "Polygon", "coordinates": [[[35.6194434, 33.1789528], [35.6195198, 33.1788558], [35.6196255, 33.1789141], [35.6195491, 33.1790111], [35.6194434, 33.1789528]]]}}, {"type": "Feature", "properties": {"height": 3.6, "num_floors": null, "subtype": null, "class": null, "roof_height": null, "height_source": "ndsm"}, "geometry": {"type": "Polygon", "coordinates": [[[35.6196979, 33.1788765], [35.6195895, 33.1788476], [35.6196185, 33.1787714], [35.6197268, 33.1788002], [35.6196979, 33.1788765]]]}}, {"type": "Feature", "properties": {"height": 4.0, "num_floors": null, "subtype": null, "class": null, "roof_height": null, "height_source": "ndsm"}, "geometry": {"type": "Polygon", "coordinates": [[[35.6196991, 33.1794865], [35.619629, 33.1794425], [35.6197227, 33.1793378], [35.6197823, 33.1793752], [35.6197707, 33.1793882], [35.6198108, 33.1794134], [35.6197502, 33.179481], [35.6197206, 33.1794624], [35.6196991, 33.1794865]]]}}, {"type": "Feature", "properties": {"height": 3.7, "num_floors": null, "subtype": null, "class": null, "roof_height": null, "height_source": "ndsm"}, "geometry": {"type": "Polygon", "coordinates": [[[35.6195408, 33.1793844], [35.6194707, 33.1793404], [35.6195644, 33.1792357], [35.6196241, 33.1792731], [35.6196124, 33.1792861], [35.6196525, 33.1793113], [35.619592, 33.1793788], [35.6195624, 33.1793603], [35.6195408, 33.1793844]]]}}, {"type": "Feature", "properties": {"height": 3.7, "num_floors": null, "subtype": null, "class": null, "roof_height": null, "height_source": "ndsm"}, "geometry": {"type": "Polygon", "coordinates": [[[35.6195464, 33.1796574], [35.6193346, 33.1795417], [35.6194029, 33.1794541], [35.6196147, 33.1795698], [35.6195464, 33.1796574]]]}}, {"type": "Feature", "properties": {"height": 4.2, "num_floors": null, "subtype": null, "class": null, "roof_height": null, "height_source": "ndsm"}, "geometry": {"type": "Polygon", "coordinates": [[[35.6194659, 33.1803364], [35.6194916, 33.1802402], [35.6197023, 33.1802796], [35.6196994, 33.1802903], [35.6197658, 33.1803028], [35.619743, 33.1803883], [35.6194659, 33.1803364]]]}}, {"type": "Feature", "properties": {"height": 4.2, "num_floors": null, "subtype": null, "class": null, "roof_height": null, "height_source": "ndsm"}, "geometry": {"type": "Polygon", "coordinates": [[[35.619668, 33.1800548], [35.6196378, 33.1800382], [35.6196757, 33.1799899], [35.6198913, 33.1801085], [35.6198415, 33.1801719], [35.6198175, 33.1801587], [35.6197957, 33.1801865], [35.6196343, 33.1800977], [35.619668, 33.1800548]]]}}, {"type": "Feature", "properties": {"height": 4.2, "num_floors": null, "subtype": null, "class": null, "roof_height": null, "height_source": "ndsm"}, "geometry": {"type": "Polygon", "coordinates": [[[35.6198117, 33.179694], [35.6197106, 33.1798193], [35.619645, 33.1797822], [35.6197072, 33.1797051], [35.6196833, 33.1796917], [35.6197222, 33.1796434], [35.6198117, 33.179694]]]}}, {"type": "Feature", "properties": {"height": 4.2, "num_floors": null, "subtype": null, "class": null, "roof_height": null, "height_source": "ndsm"}, "geometry": {"type": "Polygon", "coordinates": [[[35.6198689, 33.1799267], [35.6197497, 33.179857], [35.6198585, 33.1797266], [35.6199778, 33.1797964], [35.6198689, 33.1799267]]]}}, {"type": "Feature", "properties": {"height": 4.5, "num_floors": null, "subtype": null, "class": null, "roof_height": null, "height_source": "ndsm"}, "geometry": {"type": "Polygon", "coordinates": [[[35.6201175, 33.1803658], [35.6199386, 33.1802765], [35.6199982, 33.1801928], [35.6201771, 33.1802821], [35.6201175, 33.1803658]]]}}, {"type": "Feature", "properties": {"height": 4.5, "num_floors": null, "subtype": null, "class": null, "roof_height": null, "height_source": "ndsm"}, "geometry": {"type": "Polygon", "coordinates": [[[35.6201371, 33.1800393], [35.6201043, 33.1800793], [35.6200286, 33.1800357], [35.620065, 33.1799914], [35.620045, 33.17998], [35.6200846, 33.1799318], [35.620204, 33.1800004], [35.6201609, 33.180053], [35.6201371, 33.1800393]]]}}, {"type": "Feature", "properties": {"height": 4.5, "num_floors": null, "subtype": null, "class": null, "roof_height": null, "height_source": "ndsm"}, "geometry": {"type": "Polygon", "coordinates": [[[35.6202413, 33.1798857], [35.6202087, 33.1799257], [35.6201339, 33.179883], [35.6201701, 33.1798387], [35.6201501, 33.1798273], [35.6201892, 33.1797793], [35.6203089, 33.1798477], [35.6202662, 33.1799], [35.6202413, 33.1798857]]]}}, {"type": "Feature", "properties": {"height": 4.0, "num_floors": null, "subtype": null, "class": null, "roof_height": null, "height_source": "ndsm"}, "geometry": {"type": "Polygon", "coordinates": [[[35.6202329, 33.1795348], [35.6201627, 33.1794908], [35.6202564, 33.1793861], [35.6203161, 33.1794235], [35.6203044, 33.1794365], [35.6203445, 33.1794617], [35.620284, 33.1795293], [35.6202544, 33.1795107], [35.6202329, 33.1795348]]]}}, {"type": "Feature", "properties": {"height": 3.3, "num_floors": null, "subtype": null, "class": null, "roof_height": null, "height_source": "ndsm"}, "geometry": {"type": "Polygon", "coordinates": [[[35.6201995, 33.1792374], [35.6202521, 33.179267], [35.620218, 33.1793093], [35.6201655, 33.1792797], [35.6201995, 33.1792374]]]}}, {"type": "Feature", "properties": {"height": 4.0, "num_floors": null, "subtype": null, "class": null, "roof_height": null, "height_source": "ndsm"}, "geometry": {"type": "Polygon", "coordinates": [[[35.620106, 33.1797069], [35.6199787, 33.1796359], [35.620087, 33.1795], [35.6202143, 33.179571], [35.620106, 33.1797069]]]}}, {"type": "Feature", "properties": {"height": 4.0, "num_floors": null, "subtype": null, "class": null, "roof_height": null, "height_source": "ndsm"}, "geometry": {"type": "Polygon", "coordinates": [[[35.6198845, 33.1795819], [35.6198094, 33.1795413], [35.6198995, 33.1794246], [35.620017, 33.1794882], [35.6199504, 33.1795746], [35.6199079, 33.1795516], [35.6198845, 33.1795819]]]}}, {"type": "Feature", "properties": {"height": 3.7, "num_floors": null, "subtype": null, "class": null, "roof_height": null, "height_source": "ndsm"}, "geometry": {"type": "Polygon", "coordinates": [[[35.6200371, 33.1794023], [35.6199669, 33.1793583], [35.6200606, 33.1792536], [35.6201203, 33.1792911], [35.6201086, 33.1793041], [35.6201487, 33.1793292], [35.6200882, 33.1793968], [35.6200586, 33.1793782], [35.6200371, 33.1794023]]]}}, {"type": "Feature", "properties": {"height": 3.7, "num_floors": null, "subtype": null, "class": null, "roof_height": null, "height_source": "ndsm"}, "geometry": {"type": "Polygon", "coordinates": [[[35.6198534, 33.1792746], [35.6197969, 33.1792747], [35.6197965, 33.1791917], [35.6198417, 33.1791916], [35.6198416, 33.1791596], [35.6199373, 33.1791593], [35.6199379, 33.1792967], [35.6198535, 33.1792969], [35.6198534, 33.1792746]]]}}, {"type": "Feature", "properties": {"height": 4.1, "num_floors": null, "subtype": null, "class": null, "roof_height": null, "height_source": "ndsm"}, "geometry": {"type": "Polygon", "coordinates": [[[35.6199836, 33.178931], [35.619824, 33.1788424], [35.6199032, 33.1787425], [35.6200628, 33.1788311], [35.6199836, 33.178931]]]}}, {"type": "Feature", "properties": {"height": 3.3, "num_floors": null, "subtype": null, "class": null, "roof_height": null, "height_source": "ndsm"}, "geometry": {"type": "Polygon", "coordinates": [[[35.6202881, 33.1791577], [35.6201284, 33.1790691], [35.6202076, 33.1789692], [35.6203672, 33.1790579], [35.6202881, 33.1791577]]]}}, {"type": "Feature", "properties": {"height": 4.1, "num_floors": null, "subtype": null, "class": null, "roof_height": null, "height_source": "ndsm"}, "geometry": {"type": "Polygon", "coordinates": [[[35.6199817, 33.1783674], [35.6200848, 33.1784082], [35.6200357, 33.1784952], [35.6201191, 33.1785282], [35.6200843, 33.1785898], [35.6198978, 33.1785162], [35.6199817, 33.1783674]]]}}, {"type": "Feature", "properties": {"height": 3.6, "num_floors": null, "subtype": null, "class": null, "roof_height": null, "height_source": "ndsm"}, "geometry": {"type": "Polygon", "coordinates": [[[35.6196553, 33.1787568], [35.6195091, 33.1786717], [35.6196029, 33.1785587], [35.6197491, 33.1786438], [35.6196553, 33.1787568]]]}}, {"type": "Feature", "properties": {"height": 3.0, "num_floors": null, "subtype": null, "class": null, "roof_height": null, "height_source": "floored"}, "geometry": {"type": "Polygon", "coordinates": [[[35.6195375, 33.1780678], [35.6195762, 33.1780128], [35.6196479, 33.1780481], [35.6196093, 33.1781031], [35.6195375, 33.1780678]]]}}, {"type": "Feature", "properties": {"height": 3.0, "num_floors": null, "subtype": null, "class": null, "roof_height": null, "height_source": "floored"}, "geometry": {"type": "Polygon", "coordinates": [[[35.6196544, 33.1780609], [35.6196776, 33.178073], [35.6196354, 33.1781296], [35.6196122, 33.1781175], [35.6196544, 33.1780609]]]}}, {"type": "Feature", "properties": {"height": 3.0, "num_floors": null, "subtype": null, "class": null, "roof_height": null, "height_source": "floored"}, "geometry": {"type": "Polygon", "coordinates": [[[35.6195431, 33.178055], [35.6193541, 33.1779561], [35.6194397, 33.1778415], [35.6196287, 33.1779404], [35.6195431, 33.178055]]]}}, {"type": "Feature", "properties": {"height": 3.0, "num_floors": null, "subtype": null, "class": null, "roof_height": null, "height_source": "floored"}, "geometry": {"type": "Polygon", "coordinates": [[[35.6194751, 33.1771662], [35.6194929, 33.1771033], [35.6196275, 33.17713], [35.6196097, 33.1771929], [35.6194751, 33.1771662]]]}}, {"type": "Feature", "properties": {"height": 3.0, "num_floors": null, "subtype": null, "class": null, "roof_height": null, "height_source": "floored"}, "geometry": {"type": "Polygon", "coordinates": [[[35.6202373, 33.1778135], [35.6202956, 33.1778435], [35.6202633, 33.1778875], [35.620205, 33.1778574], [35.6202373, 33.1778135]]]}}, {"type": "Feature", "properties": {"height": 3.0, "num_floors": null, "subtype": null, "class": null, "roof_height": null, "height_source": "floored"}, "geometry": {"type": "Polygon", "coordinates": [[[35.6201703, 33.1769475], [35.6202455, 33.1769778], [35.6202204, 33.1770216], [35.6202453, 33.1770316], [35.6202138, 33.1770863], [35.6201137, 33.1770459], [35.6201703, 33.1769475]]]}}, {"type": "Feature", "properties": {"height": 3.0, "num_floors": null, "subtype": "education", "class": "school", "roof_height": null, "height_source": "floored"}, "geometry": {"type": "Polygon", "coordinates": [[[35.619811, 33.1764927], [35.6198937, 33.1762776], [35.6200611, 33.1763301], [35.6199744, 33.1765478], [35.619811, 33.1764927]]]}}, {"type": "Feature", "properties": {"height": 3.0, "num_floors": null, "subtype": "education", "class": "school", "roof_height": null, "height_source": "floored"}, "geometry": {"type": "Polygon", "coordinates": [[[35.6200033, 33.1765227], [35.6200411, 33.1764394], [35.6200949, 33.1764594], [35.6200591, 33.1765436], [35.6200033, 33.1765227]]]}}, {"type": "Feature", "properties": {"height": 3.8, "num_floors": null, "subtype": null, "class": null, "roof_height": null, "height_source": "ndsm"}, "geometry": {"type": "Polygon", "coordinates": [[[35.6196561, 33.1760663], [35.6197831, 33.1760785], [35.619773, 33.1761525], [35.6196459, 33.1761403], [35.6196561, 33.1760663]]]}}, {"type": "Feature", "properties": {"height": 3.0, "num_floors": null, "subtype": "education", "class": "school", "roof_height": null, "height_source": "floored"}, "geometry": {"type": "Polygon", "coordinates": [[[35.6197183, 33.176431], [35.6197462, 33.1763626], [35.6198269, 33.1763902], [35.619804, 33.176456], [35.6197183, 33.176431]]]}}, {"type": "Feature", "properties": {"height": 3.0, "num_floors": null, "subtype": null, "class": null, "roof_height": null, "height_source": "floored"}, "geometry": {"type": "Polygon", "coordinates": [[[35.6193226, 33.1769925], [35.619347, 33.1769246], [35.6195747, 33.1769819], [35.6195502, 33.1770499], [35.6193226, 33.1769925]]]}}, {"type": "Feature", "properties": {"height": 3.0, "num_floors": null, "subtype": null, "class": null, "roof_height": null, "height_source": "floored"}, "geometry": {"type": "Polygon", "coordinates": [[[35.619207, 33.176792], [35.6193037, 33.176822], [35.619267, 33.1769049], [35.6191703, 33.1768749], [35.619207, 33.176792]]]}}, {"type": "Feature", "properties": {"height": 3.0, "num_floors": null, "subtype": null, "class": null, "roof_height": null, "height_source": "floored"}, "geometry": {"type": "Polygon", "coordinates": [[[35.6191086, 33.1767585], [35.6191126, 33.1767445], [35.6192039, 33.1767628], [35.6191743, 33.176866], [35.6189461, 33.1768201], [35.6189717, 33.176731], [35.6191086, 33.1767585]]]}}, {"type": "Feature", "properties": {"height": 3.0, "num_floors": null, "subtype": null, "class": null, "roof_height": null, "height_source": "floored"}, "geometry": {"type": "Polygon", "coordinates": [[[35.6190341, 33.1765002], [35.6190726, 33.1763882], [35.6191816, 33.1764145], [35.6191431, 33.1765264], [35.6190341, 33.1765002]]]}}, {"type": "Feature", "properties": {"height": 3.8, "num_floors": null, "subtype": null, "class": null, "roof_height": null, "height_source": "ndsm"}, "geometry": {"type": "Polygon", "coordinates": [[[35.6190852, 33.1759655], [35.6191159, 33.1758929], [35.6192398, 33.1759297], [35.619209, 33.1760022], [35.6190852, 33.1759655]]]}}, {"type": "Feature", "properties": {"height": 3.8, "num_floors": null, "subtype": null, "class": null, "roof_height": null, "height_source": "ndsm"}, "geometry": {"type": "Polygon", "coordinates": [[[35.6189137, 33.1761185], [35.6189099, 33.1760446], [35.6189848, 33.1760418], [35.6189887, 33.1761157], [35.6189137, 33.1761185]]]}}, {"type": "Feature", "properties": {"height": 3.4, "num_floors": null, "subtype": null, "class": null, "roof_height": null, "height_source": "ndsm"}, "geometry": {"type": "Polygon", "coordinates": [[[35.6185243, 33.1761708], [35.6185445, 33.1761032], [35.6186783, 33.1761312], [35.6186582, 33.1761988], [35.6185243, 33.1761708]]]}}, {"type": "Feature", "properties": {"height": 3.0, "num_floors": null, "subtype": null, "class": null, "roof_height": null, "height_source": "floored"}, "geometry": {"type": "Polygon", "coordinates": [[[35.6185749, 33.176192], [35.6186498, 33.1762147], [35.6186052, 33.1763179], [35.6185303, 33.1762952], [35.6185749, 33.176192]]]}}, {"type": "Feature", "properties": {"height": 3.0, "num_floors": null, "subtype": null, "class": null, "roof_height": null, "height_source": "floored"}, "geometry": {"type": "Polygon", "coordinates": [[[35.618508, 33.1765676], [35.6185942, 33.1765081], [35.6186666, 33.1765816], [35.6185804, 33.1766411], [35.618508, 33.1765676]]]}}, {"type": "Feature", "properties": {"height": 3.0, "num_floors": null, "subtype": null, "class": null, "roof_height": null, "height_source": "floored"}, "geometry": {"type": "Polygon", "coordinates": [[[35.6187001, 33.1766736], [35.6187174, 33.176555], [35.6188284, 33.1765664], [35.6188111, 33.176685], [35.6187001, 33.1766736]]]}}, {"type": "Feature", "properties": {"height": 3.0, "num_floors": null, "subtype": null, "class": null, "roof_height": null, "height_source": "floored"}, "geometry": {"type": "Polygon", "coordinates": [[[35.6187423, 33.1763567], [35.6186226, 33.1763479], [35.6186288, 33.1762878], [35.6187486, 33.1762966], [35.6187423, 33.1763567]]]}}, {"type": "Feature", "properties": {"height": 3.0, "num_floors": null, "subtype": null, "class": null, "roof_height": null, "height_source": "floored"}, "geometry": {"type": "Polygon", "coordinates": [[[35.618916, 33.1766875], [35.6189269, 33.1766615], [35.6188635, 33.1766428], [35.618893, 33.1765729], [35.6190242, 33.1766116], [35.6189839, 33.1767075], [35.618916, 33.1766875]]]}}, {"type": "Feature", "properties": {"height": 3.0, "num_floors": null, "subtype": null, "class": null, "roof_height": null, "height_source": "floored"}, "geometry": {"type": "Polygon", "coordinates": [[[35.6187162, 33.1771735], [35.6187486, 33.1770235], [35.6189019, 33.1770467], [35.6188831, 33.1771336], [35.6189792, 33.1771482], [35.6189656, 33.1772112], [35.6187162, 33.1771735]]]}}, {"type": "Feature", "properties": {"height": 3.0, "num_floors": null, "subtype": null, "class": null, "roof_height": null, "height_source": "floored"}, "geometry": {"type": "Polygon", "coordinates": [[[35.6186851, 33.1773787], [35.618655, 33.1774696], [35.6185167, 33.1774375], [35.6185047, 33.1774737], [35.6184449, 33.1774598], [35.618487, 33.1773327], [35.6186851, 33.1773787]]]}}, {"type": "Feature", "properties": {"height": 3.0, "num_floors": null, "subtype": null, "class": null, "roof_height": null, "height_source": "floored"}, "geometry": {"type": "Polygon", "coordinates": [[[35.6191025, 33.1779494], [35.6188978, 33.1779174], [35.6188907, 33.1779491], [35.6188401, 33.1779412], [35.6188462, 33.1779138], [35.6187569, 33.1778998], [35.618784, 33.1777784], [35.6190613, 33.1778218], [35.6190661, 33.1778001], [35.6191335, 33.1778106], [35.6191025, 33.1779494]]]}}, {"type": "Feature", "properties": {"height": 3.0, "num_floors": null, "subtype": null, "class": null, "roof_height": null, "height_source": "floored"}, "geometry": {"type": "Polygon", "coordinates": [[[35.6188655, 33.1773715], [35.6189479, 33.1773988], [35.6188662, 33.1775715], [35.6187768, 33.1775419], [35.618782, 33.177531], [35.6186846, 33.1774987], [35.6187443, 33.1773726], [35.6188486, 33.1774072], [35.6188655, 33.1773715]]]}}, {"type": "Feature", "properties": {"height": 3.0, "num_floors": null, "subtype": null, "class": null, "roof_height": null, "height_source": "floored"}, "geometry": {"type": "Polygon", "coordinates": [[[35.6190051, 33.1773235], [35.6190282, 33.1772597], [35.6190626, 33.1772684], [35.6190774, 33.1772273], [35.6191203, 33.1772381], [35.6191307, 33.1772093], [35.6191971, 33.1772261], [35.6191488, 33.1773598], [35.6190051, 33.1773235]]]}}, {"type": "Feature", "properties": {"height": 3.0, "num_floors": null, "subtype": null, "class": null, "roof_height": null, "height_source": "floored"}, "geometry": {"type": "Polygon", "coordinates": [[[35.6192107, 33.1774484], [35.6192359, 33.1773606], [35.6193438, 33.1773823], [35.6193649, 33.1773089], [35.6194269, 33.1773213], [35.6194119, 33.1773735], [35.6194525, 33.1773817], [35.619437, 33.1774356], [35.6194764, 33.1774436], [35.6194605, 33.1774987], [35.6192107, 33.1774484]]]}}, {"type": "Feature", "properties": {"height": 3.0, "num_floors": null, "subtype": null, "class": null, "roof_height": null, "height_source": "floored"}, "geometry": {"type": "Polygon", "coordinates": [[[35.6192945, 33.1775135], [35.6193074, 33.1774761], [35.619347, 33.1774857], [35.6193341, 33.177523], [35.6192945, 33.1775135]]]}}, {"type": "Feature", "properties": {"height": 3.0, "num_floors": null, "subtype": null, "class": null, "roof_height": null, "height_source": "floored"}, "geometry": {"type": "Polygon", "coordinates": [[[35.6191091, 33.1775171], [35.6191672, 33.1775362], [35.6191047, 33.1776692], [35.6190281, 33.177644], [35.619022, 33.1776568], [35.6189337, 33.1776278], [35.6189261, 33.1776441], [35.6188819, 33.1776296], [35.6189376, 33.1775109], [35.6190375, 33.1775438], [35.619075, 33.1774641], [35.6191261, 33.1774809], [35.6191091, 33.1775171]]]}}, {"type": "Feature", "properties": {"height": 3.2, "num_floors": null, "subtype": null, "class": null, "roof_height": null, "height_source": "ndsm"}, "geometry": {"type": "Polygon", "coordinates": [[[35.6193955, 33.1783577], [35.6191552, 33.1782209], [35.6192046, 33.1781601], [35.6193422, 33.1782384], [35.6193908, 33.1781786], [35.6194532, 33.1782141], [35.619422, 33.1782524], [35.6194624, 33.1782754], [35.6193955, 33.1783577]]]}}, {"type": "Feature", "properties": {"height": 3.0, "num_floors": null, "subtype": null, "class": null, "roof_height": null, "height_source": "floored"}, "geometry": {"type": "Polygon", "coordinates": [[[35.6193295, 33.1788605], [35.6193107, 33.1788774], [35.6192459, 33.1788271], [35.6193422, 33.1787402], [35.6194402, 33.1788163], [35.6193626, 33.1788863], [35.6193295, 33.1788605]]]}}, {"type": "Feature", "properties": {"height": 3.0, "num_floors": null, "subtype": null, "class": null, "roof_height": null, "height_source": "floored"}, "geometry": {"type": "Polygon", "coordinates": [[[35.6191507, 33.1785421], [35.619232, 33.1785624], [35.6191896, 33.1786811], [35.6190652, 33.17865], [35.619076, 33.1786199], [35.618959, 33.1785906], [35.6189767, 33.1785412], [35.6189262, 33.1785286], [35.6189343, 33.1785059], [35.6188974, 33.1784966], [35.6189283, 33.1784101], [35.6190256, 33.1784344], [35.6190229, 33.1784419], [35.6190955, 33.17846], [35.6190834, 33.1784938], [35.619161, 33.1785132], [35.6191507, 33.1785421]]]}}, {"type": "Feature", "properties": {"height": 3.0, "num_floors": null, "subtype": null, "class": null, "roof_height": null, "height_source": "floored"}, "geometry": {"type": "Polygon", "coordinates": [[[35.6189044, 33.1787989], [35.6189848, 33.1788183], [35.6189355, 33.1789613], [35.6188526, 33.1789413], [35.618868, 33.1788965], [35.6188222, 33.1788854], [35.6188311, 33.1788598], [35.6187481, 33.1788397], [35.6187589, 33.1788086], [35.6186796, 33.1787895], [35.6186889, 33.1787626], [35.6186147, 33.1787446], [35.618638, 33.178677], [35.6186813, 33.1786875], [35.6186906, 33.1786605], [35.618849, 33.1786988], [35.6188297, 33.1787548], [35.6189127, 33.1787748], [35.6189044, 33.1787989]]]}}, {"type": "Feature", "properties": {"height": 3.0, "num_floors": null, "subtype": null, "class": null, "roof_height": null, "height_source": "floored"}, "geometry": {"type": "Polygon", "coordinates": [[[35.6184296, 33.1781238], [35.6184501, 33.1780468], [35.618629, 33.1780802], [35.6186364, 33.1780524], [35.6187386, 33.1780715], [35.6187449, 33.178048], [35.6188956, 33.1780761], [35.6188594, 33.1782122], [35.6187418, 33.1781902], [35.6187439, 33.1781825], [35.6186391, 33.1781629], [35.6186323, 33.1781886], [35.6184739, 33.178159], [35.6184807, 33.1781333], [35.6184296, 33.1781238]]]}}, {"type": "Feature", "properties": {"height": 3.0, "num_floors": null, "subtype": null, "class": null, "roof_height": null, "height_source": "floored"}, "geometry": {"type": "Polygon", "coordinates": [[[35.6186788, 33.1784217], [35.6185041, 33.178405], [35.6185162, 33.1783163], [35.6186909, 33.1783331], [35.6186788, 33.1784217]]]}}, {"type": "Feature", "properties": {"height": 3.0, "num_floors": null, "subtype": null, "class": null, "roof_height": null, "height_source": "floored"}, "geometry": {"type": "Polygon", "coordinates": [[[35.6180906, 33.1782292], [35.6181553, 33.1782048], [35.6181964, 33.1782813], [35.6181317, 33.1783057], [35.6180906, 33.1782292]]]}}, {"type": "Feature", "properties": {"height": 3.0, "num_floors": null, "subtype": null, "class": null, "roof_height": null, "height_source": "floored"}, "geometry": {"type": "Polygon", "coordinates": [[[35.6184874, 33.1779245], [35.6184913, 33.1779533], [35.618449, 33.1779573], [35.618445, 33.1779285], [35.6184874, 33.1779245]]]}}, {"type": "Feature", "properties": {"height": 3.0, "num_floors": null, "subtype": null, "class": null, "roof_height": null, "height_source": "floored"}, "geometry": {"type": "Polygon", "coordinates": [[[35.6186514, 33.1776311], [35.6187702, 33.1776651], [35.6187451, 33.1777266], [35.6186977, 33.1777243], [35.6186751, 33.1777796], [35.6186574, 33.1777944], [35.6186414, 33.1777899], [35.6185794, 33.177738], [35.6185596, 33.1777867], [35.6185208, 33.1777756], [35.6185229, 33.177745], [35.6184742, 33.1777426], [35.618458, 33.1777822], [35.6184152, 33.1777801], [35.6183269, 33.1777062], [35.6183476, 33.1776556], [35.6183951, 33.1776579], [35.6184357, 33.1776696], [35.6184534, 33.1776262], [35.6184919, 33.1776281], [35.6185394, 33.1776417], [35.6185574, 33.1776266], [35.6186155, 33.1776433], [35.618637, 33.1775906], [35.6186331, 33.1776464], [35.6186514, 33.1776311]]]}}, {"type": "Feature", "properties": {"height": 3.0, "num_floors": null, "subtype": null, "class": null, "roof_height": null, "height_source": "floored"}, "geometry": {"type": "Polygon", "coordinates": [[[35.6184003, 33.1773256], [35.6184756, 33.1773505], [35.6184179, 33.1774729], [35.618331, 33.1774441], [35.6183172, 33.1774732], [35.6182755, 33.1774594], [35.6182859, 33.1774373], [35.618215, 33.1774139], [35.6182517, 33.1773362], [35.6183759, 33.1773773], [35.6184003, 33.1773256]]]}}, {"type": "Feature", "properties": {"height": 3.0, "num_floors": null, "subtype": null, "class": null, "roof_height": null, "height_source": "floored"}, "geometry": {"type": "Polygon", "coordinates": [[[35.6180242, 33.1777619], [35.6179092, 33.1778051], [35.6178617, 33.1777165], [35.6179343, 33.1776892], [35.6178893, 33.1776054], [35.6179931, 33.1775664], [35.6180391, 33.1776522], [35.6179778, 33.1776752], [35.6180242, 33.1777619]]]}}, {"type": "Feature", "properties": {"height": 3.0, "num_floors": null, "subtype": null, "class": null, "roof_height": null, "height_source": "floored"}, "geometry": {"type": "Polygon", "coordinates": [[[35.6178053, 33.1772641], [35.6178622, 33.1773817], [35.617769, 33.1774133], [35.6177307, 33.1773343], [35.6177008, 33.1773444], [35.6176821, 33.1773058], [35.6178053, 33.1772641]]]}}, {"type": "Feature", "properties": {"height": 3.0, "num_floors": null, "subtype": null, "class": null, "roof_height": null, "height_source": "floored"}, "geometry": {"type": "Polygon", "coordinates": [[[35.6177152, 33.1779811], [35.6176649, 33.1778795], [35.6177485, 33.1778505], [35.6177823, 33.1779188], [35.6177903, 33.1779161], [35.6178067, 33.1779493], [35.6177152, 33.1779811]]]}}, {"type": "Feature", "properties": {"height": 3.0, "num_floors": null, "subtype": null, "class": null, "roof_height": null, "height_source": "floored"}, "geometry": {"type": "Polygon", "coordinates": [[[35.6180268, 33.1780932], [35.6179117, 33.1781364], [35.6178642, 33.1780478], [35.6179368, 33.1780205], [35.6178919, 33.1779367], [35.6179957, 33.1778977], [35.6180417, 33.1779836], [35.6179803, 33.1780066], [35.6180268, 33.1780932]]]}}, {"type": "Feature", "properties": {"height": 3.0, "num_floors": null, "subtype": null, "class": null, "roof_height": null, "height_source": "floored"}, "geometry": {"type": "Polygon", "coordinates": [[[35.618018, 33.1782506], [35.6179749, 33.1781732], [35.6181324, 33.1781117], [35.6181755, 33.1781892], [35.618018, 33.1782506]]]}}, {"type": "Feature", "properties": {"height": 3.0, "num_floors": null, "subtype": null, "class": null, "roof_height": null, "height_source": "floored"}, "geometry": {"type": "Polygon", "coordinates": [[[35.6179406, 33.1783645], [35.617921, 33.1782802], [35.6179986, 33.1782676], [35.6180182, 33.1783519], [35.6179406, 33.1783645]]]}}, {"type": "Feature", "properties": {"height": 3.0, "num_floors": null, "subtype": null, "class": null, "roof_height": null, "height_source": "floored"}, "geometry": {"type": "Polygon", "coordinates": [[[35.617924, 33.1786462], [35.6179969, 33.1786305], [35.6180363, 33.178759], [35.6179633, 33.1787747], [35.617924, 33.1786462]]]}}, {"type": "Feature", "properties": {"height": 3.0, "num_floors": null, "subtype": null, "class": null, "roof_height": null, "height_source": "floored"}, "geometry": {"type": "Polygon", "coordinates": [[[35.6178774, 33.1783139], [35.6179439, 33.1784479], [35.6178502, 33.1784805], [35.6177836, 33.1783466], [35.6178774, 33.1783139]]]}}, {"type": "Feature", "properties": {"height": 3.0, "num_floors": null, "subtype": null, "class": null, "roof_height": null, "height_source": "floored"}, "geometry": {"type": "Polygon", "coordinates": [[[35.617504, 33.1783781], [35.6175526, 33.1784643], [35.6175077, 33.1784821], [35.6174825, 33.1784374], [35.6174594, 33.1784465], [35.617436, 33.1784049], [35.617504, 33.1783781]]]}}, {"type": "Feature", "properties": {"height": 3.0, "num_floors": null, "subtype": null, "class": null, "roof_height": null, "height_source": "floored"}, "geometry": {"type": "Polygon", "coordinates": [[[35.617503, 33.1782684], [35.6175196, 33.1782959], [35.6174275, 33.1783347], [35.6173704, 33.1782398], [35.6175053, 33.178183], [35.6175193, 33.1782063], [35.6175706, 33.1781846], [35.6175972, 33.1782288], [35.617503, 33.1782684]]]}}, {"type": "Feature", "properties": {"height": 3.0, "num_floors": null, "subtype": null, "class": null, "roof_height": null, "height_source": "floored"}, "geometry": {"type": "Polygon", "coordinates": [[[35.6174579, 33.1781889], [35.6174169, 33.178104], [35.6174791, 33.1780829], [35.6175202, 33.1781678], [35.6174579, 33.1781889]]]}}, {"type": "Feature", "properties": {"height": 5.1, "num_floors": null, "subtype": null, "class": null, "roof_height": null, "height_source": "ndsm"}, "geometry": {"type": "Polygon", "coordinates": [[[35.6170447, 33.1776864], [35.6171081, 33.1776622], [35.6171293, 33.1777012], [35.617066, 33.1777254], [35.6170447, 33.1776864]]]}}, {"type": "Feature", "properties": {"height": 3.0, "num_floors": null, "subtype": null, "class": null, "roof_height": null, "height_source": "floored"}, "geometry": {"type": "Polygon", "coordinates": [[[35.6172611, 33.1776372], [35.6172727, 33.1776351], [35.6172383, 33.1774975], [35.6174013, 33.1774689], [35.6174158, 33.1775269], [35.6173413, 33.17754], [35.6173543, 33.1775916], [35.6174467, 33.1775754], [35.6174651, 33.1776485], [35.6172724, 33.1776823], [35.6172611, 33.1776372]]]}}, {"type": "Feature", "properties": {"height": 3.0, "num_floors": null, "subtype": null, "class": null, "roof_height": null, "height_source": "floored"}, "geometry": {"type": "Polygon", "coordinates": [[[35.6173199, 33.177801], [35.6175089, 33.177746], [35.6175414, 33.1778241], [35.6174337, 33.1778554], [35.6174861, 33.1779816], [35.6173425, 33.1780234], [35.6173006, 33.1779225], [35.6173628, 33.1779044], [35.6173199, 33.177801]]]}}, {"type": "Feature", "properties": {"height": 3.0, "num_floors": null, "subtype": null, "class": null, "roof_height": null, "height_source": "floored"}, "geometry": {"type": "Polygon", "coordinates": [[[35.6175694, 33.1777176], [35.6175652, 33.1776187], [35.6175893, 33.1776107], [35.6176425, 33.1776091], [35.6176409, 33.177571], [35.6176769, 33.1775699], [35.617675, 33.1775251], [35.6177217, 33.1775236], [35.6177558, 33.1775958], [35.6177575, 33.1776335], [35.6176849, 33.1776576], [35.6176858, 33.1776802], [35.6176829, 33.1776739], [35.6176852, 33.1777279], [35.6175994, 33.1777563], [35.6175879, 33.1777567], [35.6175694, 33.1777176]]]}}, {"type": "Feature", "properties": {"height": 3.0, "num_floors": null, "subtype": null, "class": null, "roof_height": null, "height_source": "floored"}, "geometry": {"type": "Polygon", "coordinates": [[[35.617657, 33.1771995], [35.6176096, 33.1770777], [35.6177066, 33.1770512], [35.617754, 33.177173], [35.617657, 33.1771995]]]}}, {"type": "Feature", "properties": {"height": 3.0, "num_floors": null, "subtype": null, "class": null, "roof_height": null, "height_source": "floored"}, "geometry": {"type": "Polygon", "coordinates": [[[35.6174735, 33.1768524], [35.6175714, 33.1768251], [35.6175995, 33.1768958], [35.6175016, 33.1769231], [35.6174735, 33.1768524]]]}}, {"type": "Feature", "properties": {"height": 3.0, "num_floors": null, "subtype": null, "class": null, "roof_height": null, "height_source": "floored"}, "geometry": {"type": "Polygon", "coordinates": [[[35.6176933, 33.1764099], [35.6177179, 33.1764624], [35.6175182, 33.1765282], [35.6174789, 33.1764446], [35.6174928, 33.17644], [35.6174563, 33.1763623], [35.6174818, 33.1763538], [35.6174608, 33.1763091], [35.6176048, 33.1762617], [35.6176423, 33.1763414], [35.6176204, 33.1763486], [35.6176551, 33.1764225], [35.6176933, 33.1764099]]]}}, {"type": "Feature", "properties": {"height": 3.0, "num_floors": null, "subtype": null, "class": null, "roof_height": null, "height_source": "floored"}, "geometry": {"type": "Polygon", "coordinates": [[[35.6173593, 33.1764902], [35.6174424, 33.1764888], [35.6174446, 33.1765808], [35.6173684, 33.1765821], [35.6173706, 33.1766719], [35.6172672, 33.1766736], [35.6172641, 33.1765449], [35.6173606, 33.1765433], [35.6173593, 33.1764902]]]}}, {"type": "Feature", "properties": {"height": 3.0, "num_floors": null, "subtype": null, "class": null, "roof_height": null, "height_source": "floored"}, "geometry": {"type": "Polygon", "coordinates": [[[35.6174514, 33.1767935], [35.6174806, 33.1768761], [35.6173647, 33.1769048], [35.6173355, 33.1768222], [35.6174514, 33.1767935]]]}}, {"type": "Feature", "properties": {"height": 5.1, "num_floors": null, "subtype": null, "class": null, "roof_height": null, "height_source": "ndsm"}, "geometry": {"type": "Polygon", "coordinates": [[[35.6171098, 33.1771377], [35.6170461, 33.1769936], [35.617158, 33.1769589], [35.6171327, 33.1769016], [35.617227, 33.1768724], [35.6172794, 33.1769909], [35.6171733, 33.1770237], [35.6172099, 33.1771067], [35.6171098, 33.1771377]]]}}, {"type": "Feature", "properties": {"height": 3.6, "num_floors": null, "subtype": null, "class": null, "roof_height": null, "height_source": "ndsm"}, "geometry": {"type": "Polygon", "coordinates": [[[35.6171214, 33.1767201], [35.6170866, 33.1767304], [35.6171052, 33.1767743], [35.6170097, 33.1768025], [35.6169769, 33.1767246], [35.6171071, 33.1766862], [35.6171214, 33.1767201]]]}}, {"type": "Feature", "properties": {"height": 5.0, "num_floors": null, "subtype": null, "class": null, "roof_height": null, "height_source": "ndsm"}, "geometry": {"type": "Polygon", "coordinates": [[[35.6169897, 33.1766658], [35.6169863, 33.1767249], [35.6168712, 33.1767202], [35.6168771, 33.1766172], [35.6170178, 33.1766229], [35.6170153, 33.1766668], [35.6169897, 33.1766658]]]}}, {"type": "Feature", "properties": {"height": 3.0, "num_floors": null, "subtype": null, "class": null, "roof_height": null, "height_source": "floored"}, "geometry": {"type": "Polygon", "coordinates": [[[35.6168336, 33.1763411], [35.6170085, 33.1762833], [35.6170439, 33.1763583], [35.6169664, 33.1763839], [35.6170126, 33.1764817], [35.6168757, 33.176527], [35.6168304, 33.1764311], [35.6168699, 33.1764181], [35.6168336, 33.1763411]]]}}, {"type": "Feature", "properties": {"height": 3.0, "num_floors": null, "subtype": null, "class": null, "roof_height": null, "height_source": "floored"}, "geometry": {"type": "Polygon", "coordinates": [[[35.6170718, 33.1762555], [35.6170544, 33.1761658], [35.6171653, 33.1761508], [35.6171826, 33.1762405], [35.6170718, 33.1762555]]]}}, {"type": "Feature", "properties": {"height": 3.0, "num_floors": null, "subtype": null, "class": null, "roof_height": null, "height_source": "floored"}, "geometry": {"type": "Polygon", "coordinates": [[[35.6172236, 33.1762849], [35.6171813, 33.1762011], [35.6172873, 33.1761636], [35.6173296, 33.1762473], [35.6172236, 33.1762849]]]}}, {"type": "Feature", "properties": {"height": 3.0, "num_floors": null, "subtype": null, "class": null, "roof_height": null, "height_source": "floored"}, "geometry": {"type": "Polygon", "coordinates": [[[35.6177829, 33.1767781], [35.6176678, 33.1768213], [35.6176203, 33.1767326], [35.6176929, 33.1767054], [35.617648, 33.1766215], [35.6177518, 33.1765826], [35.6177978, 33.1766684], [35.6177364, 33.1766914], [35.6177829, 33.1767781]]]}}, {"type": "Feature", "properties": {"height": 3.0, "num_floors": null, "subtype": null, "class": null, "roof_height": null, "height_source": "floored"}, "geometry": {"type": "Polygon", "coordinates": [[[35.6178, 33.177039], [35.6178252, 33.1770846], [35.6177898, 33.1770983], [35.6177745, 33.1770705], [35.6177357, 33.1770855], [35.617684, 33.1769919], [35.6177967, 33.1769483], [35.6178386, 33.1770241], [35.6178, 33.177039]]]}}, {"type": "Feature", "properties": {"height": 3.0, "num_floors": null, "subtype": null, "class": null, "roof_height": null, "height_source": "floored"}, "geometry": {"type": "Polygon", "coordinates": [[[35.6181107, 33.1767742], [35.6181412, 33.1767875], [35.6181226, 33.1768176], [35.6180921, 33.1768043], [35.6181107, 33.1767742]]]}}, {"type": "Feature", "properties": {"height": 3.0, "num_floors": null, "subtype": null, "class": null, "roof_height": null, "height_source": "floored"}, "geometry": {"type": "Polygon", "coordinates": [[[35.6181184, 33.1769249], [35.6180727, 33.1769106], [35.6180965, 33.1768575], [35.6180518, 33.1768435], [35.6180702, 33.1768021], [35.6181314, 33.1768213], [35.6181429, 33.1767956], [35.6182158, 33.1768185], [35.6181718, 33.176917], [35.6181281, 33.1769033], [35.6181184, 33.1769249]]]}}, {"type": "Feature", "properties": {"height": 3.0, "num_floors": null, "subtype": null, "class": null, "roof_height": null, "height_source": "floored"}, "geometry": {"type": "Polygon", "coordinates": [[[35.6183387, 33.1767747], [35.6184065, 33.1767965], [35.6183376, 33.1769463], [35.6182792, 33.1769275], [35.618277, 33.1769321], [35.6182677, 33.1769291], [35.6183387, 33.1767747]]]}}, {"type": "Feature", "properties": {"height": 3.0, "num_floors": null, "subtype": null, "class": null, "roof_height": null, "height_source": "floored"}, "geometry": {"type": "Polygon", "coordinates": [[[35.6183117, 33.17672], [35.61829, 33.176772], [35.6183211, 33.1767811], [35.6182609, 33.1769251], [35.6181868, 33.1769034], [35.6182687, 33.1767074], [35.6183117, 33.17672]]]}}, {"type": "Feature", "properties": {"height": 3.0, "num_floors": null, "subtype": null, "class": null, "roof_height": null, "height_source": "floored"}, "geometry": {"type": "Polygon", "coordinates": [[[35.6183543, 33.1769271], [35.6183913, 33.1768508], [35.618489, 33.176884], [35.618452, 33.1769603], [35.6183543, 33.1769271]]]}}, {"type": "Feature", "properties": {"height": 3.0, "num_floors": null, "subtype": null, "class": null, "roof_height": null, "height_source": "floored"}, "geometry": {"type": "Polygon", "coordinates": [[[35.6181954, 33.177175], [35.6181241, 33.177157], [35.6181662, 33.1770397], [35.6184491, 33.1771108], [35.6184654, 33.1770655], [35.6185638, 33.1770903], [35.618529, 33.1771871], [35.6184774, 33.1771741], [35.6184707, 33.1771926], [35.6183871, 33.1771716], [35.6183812, 33.177188], [35.6182937, 33.177166], [35.6182878, 33.1771825], [35.6182006, 33.1771606], [35.6181954, 33.177175]]]}}, {"type": "Feature", "properties": {"height": 3.0, "num_floors": null, "subtype": null, "class": null, "roof_height": null, "height_source": "floored"}, "geometry": {"type": "Polygon", "coordinates": [[[35.6183472, 33.176048], [35.6181884, 33.1759211], [35.6184359, 33.1757042], [35.6185947, 33.1758312], [35.6183472, 33.176048]]]}}, {"type": "Feature", "properties": {"height": 3.6, "num_floors": null, "subtype": null, "class": null, "roof_height": null, "height_source": "ndsm"}, "geometry": {"type": "Polygon", "coordinates": [[[35.6152026, 33.176459], [35.6151517, 33.1764605], [35.6151482, 33.1763776], [35.6153651, 33.176371], [35.6153701, 33.1764853], [35.615204, 33.1764904], [35.6152026, 33.176459]]]}}, {"type": "Feature", "properties": {"height": 3.8, "num_floors": null, "subtype": null, "class": null, "roof_height": null, "height_source": "ndsm"}, "geometry": {"type": "Polygon", "coordinates": [[[35.6150771, 33.1767725], [35.615083, 33.1766663], [35.6152623, 33.1766733], [35.6152585, 33.1767427], [35.6151874, 33.1767399], [35.6151853, 33.1767767], [35.6150771, 33.1767725]]]}}, {"type": "Feature", "properties": {"height": 3.8, "num_floors": null, "subtype": null, "class": null, "roof_height": null, "height_source": "ndsm"}, "geometry": {"type": "Polygon", "coordinates": [[[35.6151036, 33.1768007], [35.6152175, 33.176796], [35.6152216, 33.1768654], [35.6151077, 33.1768701], [35.6151036, 33.1768007]]]}}, {"type": "Feature", "properties": {"height": 3.3, "num_floors": null, "subtype": null, "class": null, "roof_height": null, "height_source": "ndsm"}, "geometry": {"type": "Polygon", "coordinates": [[[35.6156973, 33.1767909], [35.6157152, 33.1765561], [35.6158248, 33.176562], [35.6158164, 33.1766715], [35.6159125, 33.1766767], [35.6159029, 33.1768019], [35.6156973, 33.1767909]]]}}, {"type": "Feature", "properties": {"height": 3.0, "num_floors": null, "subtype": null, "class": null, "roof_height": null, "height_source": "floored"}, "geometry": {"type": "Polygon", "coordinates": [[[35.6153123, 33.1778892], [35.6153053, 33.1778373], [35.6153424, 33.1778338], [35.6153494, 33.1778857], [35.6153123, 33.1778892]]]}}, {"type": "Feature", "properties": {"height": 3.8, "num_floors": null, "subtype": null, "class": null, "roof_height": null, "height_source": "ndsm"}, "geometry": {"type": "Polygon", "coordinates": [[[35.6152539, 33.1775041], [35.6151881, 33.1774907], [35.6152032, 33.1774386], [35.6152691, 33.1774521], [35.6152539, 33.1775041]]]}}, {"type": "Feature", "properties": {"height": 3.8, "num_floors": null, "subtype": null, "class": null, "roof_height": null, "height_source": "ndsm"}, "geometry": {"type": "Polygon", "coordinates": [[[35.6152263, 33.1772555], [35.6152609, 33.1773548], [35.615173, 33.1773763], [35.6151384, 33.177277], [35.6152263, 33.1772555]]]}}, {"type": "Feature", "properties": {"height": 3.0, "num_floors": null, "subtype": null, "class": null, "roof_height": null, "height_source": "floored"}, "geometry": {"type": "Polygon", "coordinates": [[[35.6151013, 33.1776864], [35.6151612, 33.1777149], [35.6151232, 33.1777709], [35.6150633, 33.1777424], [35.6151013, 33.1776864]]]}}, {"type": "Feature", "properties": {"height": 3.0, "num_floors": null, "subtype": null, "class": null, "roof_height": null, "height_source": "floored"}, "geometry": {"type": "Polygon", "coordinates": [[[35.6148554, 33.178148], [35.6148632, 33.1780904], [35.6148976, 33.1780937], [35.6148898, 33.1781513], [35.6148554, 33.178148]]]}}, {"type": "Feature", "properties": {"height": 3.0, "num_floors": null, "subtype": null, "class": null, "roof_height": null, "height_source": "floored"}, "geometry": {"type": "Polygon", "coordinates": [[[35.6142207, 33.1776756], [35.6142174, 33.1776386], [35.6142746, 33.177635], [35.6142779, 33.177672], [35.6142207, 33.1776756]]]}}, {"type": "Feature", "properties": {"height": 3.6, "num_floors": null, "subtype": null, "class": null, "roof_height": null, "height_source": "ndsm"}, "geometry": {"type": "Polygon", "coordinates": [[[35.6144674, 33.1771529], [35.6145654, 33.1771316], [35.6145765, 33.1771673], [35.6145187, 33.1771799], [35.6145213, 33.1771883], [35.6144811, 33.177197], [35.6144674, 33.1771529]]]}}, {"type": "Feature", "properties": {"height": 3.0, "num_floors": null, "subtype": null, "class": null, "roof_height": null, "height_source": "floored"}, "geometry": {"type": "Polygon", "coordinates": [[[35.6147763, 33.1777686], [35.6149019, 33.1777617], [35.614912, 33.1778904], [35.6147865, 33.1778973], [35.6147763, 33.1777686]]]}}, {"type": "Feature", "properties": {"height": 4.0, "num_floors": null, "subtype": null, "class": null, "roof_height": null, "height_source": "ndsm"}, "geometry": {"type": "Polygon", "coordinates": [[[35.6148564, 33.176769], [35.6149014, 33.1767645], [35.6149061, 33.1767977], [35.6148612, 33.1768022], [35.6148564, 33.176769]]]}}, {"type": "Feature", "properties": {"height": 4.0, "num_floors": null, "subtype": null, "class": null, "roof_height": null, "height_source": "ndsm"}, "geometry": {"type": "Polygon", "coordinates": [[[35.6148755, 33.1769715], [35.6148784, 33.1768953], [35.6149626, 33.1768975], [35.6149597, 33.1769738], [35.6148755, 33.1769715]]]}}, {"type": "Feature", "properties": {"height": 4.0, "num_floors": null, "subtype": null, "class": null, "roof_height": null, "height_source": "ndsm"}, "geometry": {"type": "Polygon", "coordinates": [[[35.6148952, 33.1765037], [35.6150752, 33.1764489], [35.6151303, 33.1765758], [35.6148674, 33.1766558], [35.6147962, 33.1764921], [35.6148791, 33.1764669], [35.6148952, 33.1765037]]]}}, {"type": "Feature", "properties": {"height": 3.3, "num_floors": null, "subtype": null, "class": null, "roof_height": null, "height_source": "ndsm"}, "geometry": {"type": "Polygon", "coordinates": [[[35.6140384, 33.1770123], [35.6140125, 33.1768822], [35.6141311, 33.1768657], [35.614157, 33.1769958], [35.6140384, 33.1770123]]]}}, {"type": "Feature", "properties": {"height": 3.0, "num_floors": null, "subtype": null, "class": null, "roof_height": null, "height_source": "floored"}, "geometry": {"type": "Polygon", "coordinates": [[[35.6142109, 33.1776524], [35.6142199, 33.1776867], [35.6141752, 33.1776948], [35.6141662, 33.1776606], [35.6142109, 33.1776524]]]}}, {"type": "Feature", "properties": {"height": 3.0, "num_floors": null, "subtype": null, "class": null, "roof_height": null, "height_source": "floored"}, "geometry": {"type": "Polygon", "coordinates": [[[35.606528, 33.1766674], [35.6064481, 33.1767658], [35.6063598, 33.1767155], [35.6063819, 33.1766884], [35.6063222, 33.1766543], [35.6063801, 33.1765831], [35.606528, 33.1766674]]]}}, {"type": "Feature", "properties": {"height": 3.0, "num_floors": null, "subtype": null, "class": null, "roof_height": null, "height_source": "floored"}, "geometry": {"type": "Polygon", "coordinates": [[[35.6065007, 33.1764821], [35.6064202, 33.1764285], [35.6065221, 33.1763214], [35.6066025, 33.1763751], [35.6065007, 33.1764821]]]}}, {"type": "Feature", "properties": {"height": 3.0, "num_floors": null, "subtype": null, "class": null, "roof_height": null, "height_source": "floored"}, "geometry": {"type": "Polygon", "coordinates": [[[35.6068775, 33.1760696], [35.6068093, 33.1761417], [35.6067322, 33.1760905], [35.6067673, 33.1760535], [35.6067115, 33.1760164], [35.6067715, 33.1759531], [35.6068576, 33.1760103], [35.6068308, 33.1760386], [35.6068775, 33.1760696]]]}}, {"type": "Feature", "properties": {"height": 5.4, "num_floors": null, "subtype": null, "class": null, "roof_height": null, "height_source": "ndsm"}, "geometry": {"type": "Polygon", "coordinates": [[[35.6253573, 33.1778655], [35.6248484, 33.1777591], [35.6250412, 33.1771127], [35.6252866, 33.177164], [35.6252677, 33.1772273], [35.6254679, 33.1772691], [35.6254541, 33.1773154], [35.6255174, 33.1773287], [35.6253573, 33.1778655]]]}}, {"type": "Feature", "properties": {"height": 4.4, "num_floors": null, "subtype": null, "class": null, "roof_height": null, "height_source": "ndsm"}, "geometry": {"type": "Polygon", "coordinates": [[[35.624656, 33.1779671], [35.6246845, 33.1778929], [35.6247453, 33.1779093], [35.6247168, 33.1779835], [35.624656, 33.1779671]]]}}, {"type": "Feature", "properties": {"height": 4.4, "num_floors": null, "subtype": null, "class": null, "roof_height": null, "height_source": "ndsm"}, "geometry": {"type": "Polygon", "coordinates": [[[35.6249858, 33.1780946], [35.6247154, 33.1780342], [35.6247502, 33.1779252], [35.6250206, 33.1779856], [35.6249858, 33.1780946]]]}}, {"type": "Feature", "properties": {"height": 3.6, "num_floors": null, "subtype": null, "class": null, "roof_height": null, "height_source": "ndsm"}, "geometry": {"type": "Polygon", "coordinates": [[[35.6240439, 33.1784671], [35.6240203, 33.1785002], [35.6241609, 33.1785703], [35.6240814, 33.1786821], [35.6238209, 33.1785524], [35.6239241, 33.1784074], [35.6240439, 33.1784671]]]}}, {"type": "Feature", "properties": {"height": 3.0, "num_floors": null, "subtype": null, "class": null, "roof_height": null, "height_source": "floored"}, "geometry": {"type": "Polygon", "coordinates": [[[35.6237895, 33.1782003], [35.6238027, 33.1781735], [35.6237604, 33.1781588], [35.6237832, 33.1781128], [35.6238255, 33.1781275], [35.6238369, 33.1781045], [35.6238849, 33.1781211], [35.6238375, 33.1782169], [35.6237895, 33.1782003]]]}}, {"type": "Feature", "properties": {"height": 6.3, "num_floors": null, "subtype": null, "class": null, "roof_height": null, "height_source": "ndsm"}, "geometry": {"type": "Polygon", "coordinates": [[[35.6242605, 33.1780091], [35.6236372, 33.1778931], [35.6240673, 33.1762742], [35.6248271, 33.1764155], [35.6245673, 33.1773942], [35.6244307, 33.1773687], [35.6242605, 33.1780091]]]}}, {"type": "Feature", "properties": {"height": 4.7, "num_floors": null, "subtype": null, "class": null, "roof_height": null, "height_source": "ndsm"}, "geometry": {"type": "Polygon", "coordinates": [[[35.6239879, 33.1762897], [35.6240246, 33.1762943], [35.6240105, 33.1763722], [35.6239738, 33.1763676], [35.6239879, 33.1762897]]]}}, {"type": "Feature", "properties": {"height": 5.4, "num_floors": null, "subtype": null, "class": null, "roof_height": null, "height_source": "ndsm"}, "geometry": {"type": "Polygon", "coordinates": [[[35.6249463, 33.1768515], [35.624876, 33.1768462], [35.6248988, 33.1766356], [35.6249691, 33.176641], [35.6249463, 33.1768515]]]}}, {"type": "Feature", "properties": {"height": 3.0, "num_floors": null, "subtype": null, "class": null, "roof_height": null, "height_source": "floored"}, "geometry": {"type": "Polygon", "coordinates": [[[35.6252612, 33.1767369], [35.6253371, 33.1767468], [35.6253262, 33.176806], [35.6252502, 33.1767961], [35.6252612, 33.1767369]]]}}, {"type": "Feature", "properties": {"height": 3.0, "num_floors": null, "subtype": null, "class": null, "roof_height": null, "height_source": "floored"}, "geometry": {"type": "Polygon", "coordinates": [[[35.6252413, 33.176801], [35.625379, 33.1768242], [35.6253397, 33.1769882], [35.625202, 33.176965], [35.6252413, 33.176801]]]}}, {"type": "Feature", "properties": {"height": 3.0, "num_floors": null, "subtype": null, "class": null, "roof_height": null, "height_source": "floored"}, "geometry": {"type": "Polygon", "coordinates": [[[35.6253032, 33.1770587], [35.6253199, 33.1770074], [35.6253823, 33.1770216], [35.6253657, 33.1770729], [35.6253032, 33.1770587]]]}}, {"type": "Feature", "properties": {"height": 3.0, "num_floors": null, "subtype": null, "class": null, "roof_height": null, "height_source": "floored"}, "geometry": {"type": "Polygon", "coordinates": [[[35.6220983, 33.1767017], [35.6220081, 33.1766745], [35.6220508, 33.1765751], [35.622141, 33.1766023], [35.6220983, 33.1767017]]]}}, {"type": "Feature", "properties": {"height": 3.0, "num_floors": null, "subtype": null, "class": null, "roof_height": null, "height_source": "floored"}, "geometry": {"type": "Polygon", "coordinates": [[[35.6223346, 33.1764172], [35.6222789, 33.1762302], [35.6225047, 33.176183], [35.6225169, 33.1762242], [35.6224589, 33.1762363], [35.6225023, 33.1763822], [35.6223346, 33.1764172]]]}}, {"type": "Feature", "properties": {"height": 3.0, "num_floors": null, "subtype": null, "class": null, "roof_height": null, "height_source": "floored"}, "geometry": {"type": "Polygon", "coordinates": [[[35.6224924, 33.1760268], [35.6226206, 33.1761031], [35.6225351, 33.1762038], [35.6224068, 33.1761275], [35.6224924, 33.1760268]]]}}, {"type": "Feature", "properties": {"height": 3.8, "num_floors": null, "subtype": null, "class": null, "roof_height": null, "height_source": "ndsm"}, "geometry": {"type": "Polygon", "coordinates": [[[35.6236507, 33.1765653], [35.6235194, 33.176561], [35.6235229, 33.1764871], [35.6236541, 33.1764914], [35.6236507, 33.1765653]]]}}, {"type": "Feature", "properties": {"height": 3.0, "num_floors": null, "subtype": null, "class": null, "roof_height": null, "height_source": "ndsm"}, "geometry": {"type": "Polygon", "coordinates": [[[35.6231949, 33.1770052], [35.6224631, 33.1766037], [35.6227924, 33.1761749], [35.6233656, 33.1764982], [35.6233372, 33.1765492], [35.6231949, 33.1770052]]]}}, {"type": "Feature", "properties": {"height": 3.0, "num_floors": null, "subtype": null, "class": null, "roof_height": null, "height_source": "floored"}, "geometry": {"type": "Polygon", "coordinates": [[[35.6228821, 33.1776861], [35.6229021, 33.1776596], [35.6229595, 33.1776901], [35.6229395, 33.1777165], [35.6228821, 33.1776861]]]}}, {"type": "Feature", "properties": {"height": 3.0, "num_floors": null, "subtype": null, "class": null, "roof_height": null, "height_source": "floored"}, "geometry": {"type": "Polygon", "coordinates": [[[35.6233461, 33.177831], [35.623176, 33.1777986], [35.6233364, 33.1772097], [35.6235063, 33.1772421], [35.6233461, 33.177831]]]}}, {"type": "Feature", "properties": {"height": 4.5, "num_floors": null, "subtype": null, "class": null, "roof_height": null, "height_source": "ndsm"}, "geometry": {"type": "Polygon", "coordinates": [[[35.6237083, 33.1775475], [35.6236512, 33.1775432], [35.6236574, 33.1774853], [35.6237145, 33.1774896], [35.6237083, 33.1775475]]]}}, {"type": "Feature", "properties": {"height": 4.5, "num_floors": null, "subtype": null, "class": null, "roof_height": null, "height_source": "ndsm"}, "geometry": {"type": "Polygon", "coordinates": [[[35.6236108, 33.1776821], [35.623632, 33.1775995], [35.6236819, 33.1776085], [35.6236606, 33.1776911], [35.6236108, 33.1776821]]]}}, {"type": "Feature", "properties": {"height": 3.0, "num_floors": null, "subtype": null, "class": null, "roof_height": null, "height_source": "floored"}, "geometry": {"type": "Polygon", "coordinates": [[[35.6234442, 33.1779809], [35.6233925, 33.1779554], [35.6234272, 33.1779063], [35.6234789, 33.1779319], [35.6234442, 33.1779809]]]}}, {"type": "Feature", "properties": {"height": 3.0, "num_floors": null, "subtype": null, "class": null, "roof_height": null, "height_source": "floored"}, "geometry": {"type": "Polygon", "coordinates": [[[35.6235387, 33.1779745], [35.6235688, 33.1779918], [35.6235301, 33.1780392], [35.6234999, 33.1780219], [35.6235387, 33.1779745]]]}}, {"type": "Feature", "properties": {"height": 3.0, "num_floors": null, "subtype": null, "class": null, "roof_height": null, "height_source": "floored"}, "geometry": {"type": "Polygon", "coordinates": [[[35.6235305, 33.1783875], [35.6236325, 33.1782532], [35.6238407, 33.178364], [35.6237387, 33.1784983], [35.6235305, 33.1783875]]]}}, {"type": "Feature", "properties": {"height": 3.6, "num_floors": null, "subtype": null, "class": null, "roof_height": null, "height_source": "ndsm"}, "geometry": {"type": "Polygon", "coordinates": [[[35.6235111, 33.1785896], [35.6234541, 33.1785671], [35.6234147, 33.1786368], [35.623361, 33.1786156], [35.623448, 33.1784614], [35.6235587, 33.1785052], [35.6235111, 33.1785896]]]}}, {"type": "Feature", "properties": {"height": 3.0, "num_floors": null, "subtype": null, "class": null, "roof_height": null, "height_source": "floored"}, "geometry": {"type": "Polygon", "coordinates": [[[35.622521, 33.1786309], [35.6226014, 33.1785361], [35.6227522, 33.1786256], [35.6226718, 33.1787204], [35.622521, 33.1786309]]]}}, {"type": "Feature", "properties": {"height": 3.0, "num_floors": null, "subtype": null, "class": null, "roof_height": null, "height_source": "floored"}, "geometry": {"type": "Polygon", "coordinates": [[[35.6226029, 33.1788257], [35.6224806, 33.1787479], [35.6225434, 33.1786789], [35.6226657, 33.1787568], [35.6226029, 33.1788257]]]}}, {"type": "Feature", "properties": {"height": 3.0, "num_floors": null, "subtype": null, "class": null, "roof_height": null, "height_source": "floored"}, "geometry": {"type": "Polygon", "coordinates": [[[35.6226282, 33.1783297], [35.6225476, 33.1782951], [35.6226467, 33.1781334], [35.6227168, 33.1781635], [35.6226514, 33.1782701], [35.622662, 33.1782747], [35.6226282, 33.1783297]]]}}, {"type": "Feature", "properties": {"height": 3.0, "num_floors": null, "subtype": null, "class": null, "roof_height": null, "height_source": "floored"}, "geometry": {"type": "Polygon", "coordinates": [[[35.6225981, 33.1781787], [35.6225639, 33.1781586], [35.6225967, 33.1781195], [35.6226309, 33.1781396], [35.6225981, 33.1781787]]]}}, {"type": "Feature", "properties": {"height": 3.0, "num_floors": null, "subtype": null, "class": null, "roof_height": null, "height_source": "floored"}, "geometry": {"type": "Polygon", "coordinates": [[[35.6226612, 33.1781106], [35.6227034, 33.1780506], [35.6227711, 33.178084], [35.6227288, 33.178144], [35.6226612, 33.1781106]]]}}, {"type": "Feature", "properties": {"height": 3.0, "num_floors": null, "subtype": null, "class": null, "roof_height": null, "height_source": "floored"}, "geometry": {"type": "Polygon", "coordinates": [[[35.6227145, 33.1778301], [35.6227848, 33.1777201], [35.6229725, 33.1778041], [35.6229023, 33.1779141], [35.6227145, 33.1778301]]]}}, {"type": "Feature", "properties": {"height": 3.0, "num_floors": null, "subtype": null, "class": null, "roof_height": null, "height_source": "ndsm"}, "geometry": {"type": "Polygon", "coordinates": [[[35.6225434, 33.1775785], [35.6219432, 33.177256], [35.6224265, 33.1766259], [35.6232011, 33.1770422], [35.6228703, 33.1774735], [35.6229214, 33.177501], [35.6225662, 33.1779638], [35.6224104, 33.1778801], [35.6223826, 33.1779163], [35.6223131, 33.1778789], [35.6225434, 33.1775785]]]}}, {"type": "Feature", "properties": {"height": 3.0, "num_floors": null, "subtype": null, "class": null, "roof_height": null, "height_source": "floored"}, "geometry": {"type": "Polygon", "coordinates": [[[35.6221956, 33.1779503], [35.6217741, 33.1777158], [35.6218947, 33.177564], [35.6223162, 33.1777984], [35.6221956, 33.1779503]]]}}, {"type": "Feature", "properties": {"height": 3.0, "num_floors": null, "subtype": null, "class": null, "roof_height": null, "height_source": "floored"}, "geometry": {"type": "Polygon", "coordinates": [[[35.6224085, 33.1780915], [35.6224318, 33.1780579], [35.6224959, 33.1780892], [35.6224773, 33.178116], [35.6225594, 33.178156], [35.6224777, 33.1782734], [35.6222915, 33.1781826], [35.6223685, 33.1780719], [35.6224085, 33.1780915]]]}}, {"type": "Feature", "properties": {"height": 3.0, "num_floors": null, "subtype": null, "class": null, "roof_height": null, "height_source": "floored"}, "geometry": {"type": "Polygon", "coordinates": [[[35.6221446, 33.1785967], [35.6221996, 33.1785253], [35.6222717, 33.1785641], [35.6222168, 33.1786356], [35.6221446, 33.1785967]]]}}, {"type": "Feature", "properties": {"height": 3.0, "num_floors": null, "subtype": null, "class": null, "roof_height": null, "height_source": "floored"}, "geometry": {"type": "Polygon", "coordinates": [[[35.6222317, 33.1785212], [35.6221714, 33.1784851], [35.6222576, 33.1783841], [35.622318, 33.1784202], [35.6222317, 33.1785212]]]}}, {"type": "Feature", "properties": {"height": 3.0, "num_floors": null, "subtype": null, "class": null, "roof_height": null, "height_source": "floored"}, "geometry": {"type": "Polygon", "coordinates": [[[35.6221564, 33.1785023], [35.6221949, 33.1785226], [35.6221441, 33.1785901], [35.6219654, 33.178496], [35.6220561, 33.1783754], [35.6221963, 33.1784493], [35.6221564, 33.1785023]]]}}, {"type": "Feature", "properties": {"height": 3.0, "num_floors": null, "subtype": null, "class": null, "roof_height": null, "height_source": "floored"}, "geometry": {"type": "Polygon", "coordinates": [[[35.6217285, 33.1785061], [35.6216653, 33.1784709], [35.6218333, 33.1782597], [35.6218965, 33.1782949], [35.6217285, 33.1785061]]]}}, {"type": "Feature", "properties": {"height": 3.0, "num_floors": null, "subtype": null, "class": null, "roof_height": null, "height_source": "floored"}, "geometry": {"type": "Polygon", "coordinates": [[[35.6215257, 33.1786262], [35.6215547, 33.1785794], [35.6216181, 33.178607], [35.6215891, 33.1786538], [35.6215257, 33.1786262]]]}}, {"type": "Feature", "properties": {"height": 3.0, "num_floors": null, "subtype": null, "class": null, "roof_height": null, "height_source": "floored"}, "geometry": {"type": "Polygon", "coordinates": [[[35.6214022, 33.1784959], [35.6213403, 33.1784708], [35.6213798, 33.1784026], [35.6214417, 33.1784277], [35.6214022, 33.1784959]]]}}, {"type": "Feature", "properties": {"height": 3.0, "num_floors": null, "subtype": null, "class": null, "roof_height": null, "height_source": "floored"}, "geometry": {"type": "Polygon", "coordinates": [[[35.6215369, 33.178352], [35.6213693, 33.1782252], [35.6214133, 33.1781845], [35.6215809, 33.1783112], [35.6215369, 33.178352]]]}}, {"type": "Feature", "properties": {"height": 3.0, "num_floors": null, "subtype": null, "class": null, "roof_height": null, "height_source": "floored"}, "geometry": {"type": "Polygon", "coordinates": [[[35.6214895, 33.1779633], [35.6216463, 33.1780517], [35.6216003, 33.1781088], [35.6214435, 33.1780204], [35.6214895, 33.1779633]]]}}, {"type": "Feature", "properties": {"height": 3.0, "num_floors": null, "subtype": null, "class": null, "roof_height": null, "height_source": "floored"}, "geometry": {"type": "Polygon", "coordinates": [[[35.6212222, 33.1775984], [35.6210473, 33.1774981], [35.6214316, 33.1770288], [35.6216297, 33.1771425], [35.6216491, 33.1771189], [35.6218394, 33.177228], [35.6217936, 33.177284], [35.6218518, 33.1773173], [35.6214877, 33.1777621], [35.6213067, 33.1776583], [35.6213399, 33.1776177], [35.6212491, 33.1775656], [35.6212222, 33.1775984]]]}}, {"type": "Feature", "properties": {"height": 3.0, "num_floors": null, "subtype": null, "class": null, "roof_height": null, "height_source": "floored"}, "geometry": {"type": "Polygon", "coordinates": [[[35.6216383, 33.1765023], [35.6215406, 33.1764676], [35.621555, 33.176439], [35.6216527, 33.1764738], [35.6216383, 33.1765023]]]}}, {"type": "Feature", "properties": {"height": 3.0, "num_floors": null, "subtype": null, "class": null, "roof_height": null, "height_source": "floored"}, "geometry": {"type": "Polygon", "coordinates": [[[35.621729, 33.1765066], [35.6217598, 33.1764695], [35.6217977, 33.1764917], [35.6217668, 33.1765287], [35.621729, 33.1765066]]]}}, {"type": "Feature", "properties": {"height": 3.0, "num_floors": null, "subtype": null, "class": null, "roof_height": null, "height_source": "floored"}, "geometry": {"type": "Polygon", "coordinates": [[[35.6218895, 33.1763859], [35.6219705, 33.1762951], [35.6221566, 33.1764113], [35.6220756, 33.1765021], [35.6218895, 33.1763859]]]}}, {"type": "Feature", "properties": {"height": 3.0, "num_floors": null, "subtype": null, "class": null, "roof_height": null, "height_source": "floored"}, "geometry": {"type": "Polygon", "coordinates": [[[35.621678, 33.1761058], [35.6217716, 33.176021], [35.6218628, 33.1760915], [35.6218254, 33.1761254], [35.6218486, 33.1761433], [35.6217924, 33.1761942], [35.621678, 33.1761058]]]}}, {"type": "Feature", "properties": {"height": 3.0, "num_floors": null, "subtype": null, "class": null, "roof_height": null, "height_source": "floored"}, "geometry": {"type": "Polygon", "coordinates": [[[35.6213744, 33.1763608], [35.6214189, 33.1763857], [35.6213619, 33.1764571], [35.6213174, 33.1764322], [35.6213744, 33.1763608]]]}}, {"type": "Feature", "properties": {"height": 3.0, "num_floors": null, "subtype": null, "class": null, "roof_height": null, "height_source": "floored"}, "geometry": {"type": "Polygon", "coordinates": [[[35.6211862, 33.1760936], [35.6217813, 33.1763804], [35.6217019, 33.1764959], [35.6213082, 33.1763062], [35.6211035, 33.1766038], [35.6209432, 33.1765265], [35.6211849, 33.176175], [35.6211438, 33.1761552], [35.6211862, 33.1760936]]]}}, {"type": "Feature", "properties": {"height": 3.0, "num_floors": null, "subtype": null, "class": null, "roof_height": null, "height_source": "floored"}, "geometry": {"type": "Polygon", "coordinates": [[[35.621303, 33.176735], [35.6215085, 33.1764487], [35.6216749, 33.1765324], [35.6214694, 33.1768187], [35.621303, 33.176735]]]}}, {"type": "Feature", "properties": {"height": 3.0, "num_floors": null, "subtype": null, "class": null, "roof_height": null, "height_source": "floored"}, "geometry": {"type": "Polygon", "coordinates": [[[35.6212873, 33.1769812], [35.6206359, 33.1766242], [35.6207256, 33.1765096], [35.6213771, 33.1768665], [35.6212873, 33.1769812]]]}}, {"type": "Feature", "properties": {"height": 3.0, "num_floors": null, "subtype": null, "class": null, "roof_height": null, "height_source": "floored"}, "geometry": {"type": "Polygon", "coordinates": [[[35.621257, 33.1770633], [35.6211639, 33.1771713], [35.6203418, 33.1766745], [35.6204351, 33.1765663], [35.621257, 33.1770633]]]}}, {"type": "Feature", "properties": {"height": 3.0, "num_floors": null, "subtype": null, "class": null, "roof_height": null, "height_source": "floored"}, "geometry": {"type": "Polygon", "coordinates": [[[35.6207578, 33.1763945], [35.6208248, 33.176307], [35.6208962, 33.1763453], [35.6208292, 33.1764328], [35.6207578, 33.1763945]]]}}, {"type": "Feature", "properties": {"height": 3.0, "num_floors": null, "subtype": null, "class": null, "roof_height": null, "height_source": "floored"}, "geometry": {"type": "Polygon", "coordinates": [[[35.6208726, 33.1763738], [35.6209684, 33.1764016], [35.6209372, 33.1764767], [35.6208415, 33.1764488], [35.6208726, 33.1763738]]]}}, {"type": "Feature", "properties": {"height": 3.0, "num_floors": null, "subtype": null, "class": null, "roof_height": null, "height_source": "floored"}, "geometry": {"type": "Polygon", "coordinates": [[[35.620544, 33.1769385], [35.6206959, 33.1770183], [35.6207164, 33.176991], [35.6208126, 33.1770415], [35.6207498, 33.1771252], [35.6205017, 33.1769948], [35.620544, 33.1769385]]]}}, {"type": "Feature", "properties": {"height": 3.0, "num_floors": null, "subtype": null, "class": null, "roof_height": null, "height_source": "floored"}, "geometry": {"type": "Polygon", "coordinates": [[[35.6203901, 33.1771999], [35.6204286, 33.1772218], [35.6203662, 33.1772985], [35.6203277, 33.1772766], [35.6203901, 33.1771999]]]}}, {"type": "Feature", "properties": {"height": 3.0, "num_floors": null, "subtype": null, "class": null, "roof_height": null, "height_source": "floored"}, "geometry": {"type": "Polygon", "coordinates": [[[35.6204809, 33.1772561], [35.620529, 33.1772848], [35.6204922, 33.177328], [35.6204442, 33.1772993], [35.6204809, 33.1772561]]]}}, {"type": "Feature", "properties": {"height": 3.0, "num_floors": null, "subtype": null, "class": null, "roof_height": null, "height_source": "floored"}, "geometry": {"type": "Polygon", "coordinates": [[[35.6203541, 33.1777597], [35.6202796, 33.1777106], [35.6203709, 33.1776136], [35.6204454, 33.1776627], [35.6203541, 33.1777597]]]}}, {"type": "Feature", "properties": {"height": 3.0, "num_floors": null, "subtype": null, "class": null, "roof_height": null, "height_source": "floored"}, "geometry": {"type": "Polygon", "coordinates": [[[35.6204972, 33.1777302], [35.6205649, 33.1777583], [35.6205297, 33.1778177], [35.6204619, 33.1777896], [35.6204972, 33.1777302]]]}}, {"type": "Feature", "properties": {"height": 3.0, "num_floors": null, "subtype": null, "class": null, "roof_height": null, "height_source": "floored"}, "geometry": {"type": "Polygon", "coordinates": [[[35.6206216, 33.1776824], [35.6206978, 33.1777018], [35.6206836, 33.1777408], [35.6206075, 33.1777214], [35.6206216, 33.1776824]]]}}, {"type": "Feature", "properties": {"height": 3.0, "num_floors": null, "subtype": null, "class": null, "roof_height": null, "height_source": "floored"}, "geometry": {"type": "Polygon", "coordinates": [[[35.6208008, 33.1770856], [35.6210077, 33.1771934], [35.6210262, 33.1771684], [35.621089, 33.1772011], [35.6210018, 33.1773183], [35.6208239, 33.1772256], [35.6208509, 33.1771893], [35.6207592, 33.1771415], [35.6208008, 33.1770856]]]}}, {"type": "Feature", "properties": {"height": 4.1, "num_floors": null, "subtype": null, "class": null, "roof_height": null, "height_source": "ndsm"}, "geometry": {"type": "Polygon", "coordinates": [[[35.6207409, 33.1784009], [35.6206206, 33.1783307], [35.6207058, 33.1782284], [35.6208252, 33.1782981], [35.6208414, 33.1782787], [35.6209525, 33.1783435], [35.6209387, 33.17836], [35.620972, 33.1783795], [35.6208817, 33.1784878], [35.620814, 33.1784482], [35.6207989, 33.1784663], [35.6207232, 33.1784221], [35.6207409, 33.1784009]]]}}, {"type": "Feature", "properties": {"height": 3.0, "num_floors": null, "subtype": null, "class": null, "roof_height": null, "height_source": "ndsm"}, "geometry": {"type": "Polygon", "coordinates": [[[35.6210039, 33.178821], [35.6209338, 33.178777], [35.6210275, 33.1786723], [35.6210871, 33.1787097], [35.6210755, 33.1787227], [35.6211156, 33.1787479], [35.621055, 33.1788155], [35.6210255, 33.1787969], [35.6210039, 33.178821]]]}}, {"type": "Feature", "properties": {"height": 4.1, "num_floors": null, "subtype": null, "class": null, "roof_height": null, "height_source": "ndsm"}, "geometry": {"type": "Polygon", "coordinates": [[[35.6204541, 33.1780037], [35.6205696, 33.1780625], [35.6204887, 33.1781739], [35.6202439, 33.1780494], [35.6203308, 33.1779297], [35.62046, 33.1779955], [35.6204541, 33.1780037]]]}}, {"type": "Feature", "properties": {"height": 4.1, "num_floors": null, "subtype": null, "class": null, "roof_height": null, "height_source": "ndsm"}, "geometry": {"type": "Polygon", "coordinates": [[[35.6204248, 33.1786149], [35.620631, 33.1787349], [35.6205618, 33.1788181], [35.6203556, 33.1786982], [35.6204248, 33.1786149]]]}}, {"type": "Feature", "properties": {"height": 3.3, "num_floors": null, "subtype": null, "class": null, "roof_height": null, "height_source": "ndsm"}, "geometry": {"type": "Polygon", "coordinates": [[[35.6203723, 33.179006], [35.6204265, 33.1790292], [35.6204059, 33.179063], [35.6203516, 33.1790398], [35.6203723, 33.179006]]]}}, {"type": "Feature", "properties": {"height": 4.0, "num_floors": null, "subtype": null, "class": null, "roof_height": null, "height_source": "ndsm"}, "geometry": {"type": "Polygon", "coordinates": [[[35.6205085, 33.179598], [35.6204757, 33.1796379], [35.6204004, 33.1795946], [35.6204367, 33.1795503], [35.6204168, 33.1795388], [35.6204561, 33.179491], [35.620575, 33.1795594], [35.6205321, 33.1796116], [35.6205085, 33.179598]]]}}, {"type": "Feature", "properties": {"height": 4.5, "num_floors": null, "subtype": null, "class": null, "roof_height": null, "height_source": "ndsm"}, "geometry": {"type": "Polygon", "coordinates": [[[35.6203261, 33.1797874], [35.6203706, 33.1798132], [35.620353, 33.1798344], [35.6203086, 33.1798087], [35.6203261, 33.1797874]]]}}, {"type": "Feature", "properties": {"height": 4.5, "num_floors": null, "subtype": null, "class": null, "roof_height": null, "height_source": "ndsm"}, "geometry": {"type": "Polygon", "coordinates": [[[35.6203729, 33.1797289], [35.6203402, 33.1797689], [35.6202651, 33.1797259], [35.6203013, 33.1796816], [35.6202813, 33.1796701], [35.6203206, 33.1796221], [35.6204402, 33.1796906], [35.6203974, 33.1797429], [35.6203729, 33.1797289]]]}}, {"type": "Feature", "properties": {"height": 5.6, "num_floors": null, "subtype": null, "class": null, "roof_height": null, "height_source": "ndsm"}, "geometry": {"type": "Polygon", "coordinates": [[[35.6205097, 33.1804686], [35.6204484, 33.1805461], [35.6202942, 33.1804605], [35.6203555, 33.180383], [35.6205097, 33.1804686]]]}}, {"type": "Feature", "properties": {"height": 5.6, "num_floors": null, "subtype": null, "class": null, "roof_height": null, "height_source": "ndsm"}, "geometry": {"type": "Polygon", "coordinates": [[[35.6204346, 33.1801321], [35.6203777, 33.1802076], [35.6203165, 33.1801753], [35.6203641, 33.180112], [35.6203391, 33.1800988], [35.6203917, 33.1800288], [35.620507, 33.1800896], [35.6204635, 33.1801474], [35.6204346, 33.1801321]]]}}, {"type": "Feature", "properties": {"height": 7.2, "num_floors": null, "subtype": null, "class": null, "roof_height": null, "height_source": "ndsm"}, "geometry": {"type": "Polygon", "coordinates": [[[35.620627, 33.1802333], [35.6205487, 33.1803417], [35.6204702, 33.180302], [35.6204951, 33.1802675], [35.6204622, 33.1802509], [35.6205157, 33.1801769], [35.620627, 33.1802333]]]}}, {"type": "Feature", "properties": {"height": 7.2, "num_floors": null, "subtype": null, "class": null, "roof_height": null, "height_source": "ndsm"}, "geometry": {"type": "Polygon", "coordinates": [[[35.6207079, 33.1804343], [35.6205871, 33.1803709], [35.620683, 33.180243], [35.6208038, 33.1803064], [35.6207079, 33.1804343]]]}}, {"type": "Feature", "properties": {"height": 7.2, "num_floors": null, "subtype": null, "class": null, "roof_height": null, "height_source": "ndsm"}, "geometry": {"type": "Polygon", "coordinates": [[[35.6208322, 33.1805102], [35.6207528, 33.1804643], [35.6208458, 33.1803514], [35.6209575, 33.1804159], [35.620882, 33.1805075], [35.6208497, 33.1804889], [35.6208322, 33.1805102]]]}}, {"type": "Feature", "properties": {"height": 3.0, "num_floors": null, "subtype": null, "class": null, "roof_height": null, "height_source": "floored"}, "geometry": {"type": "Polygon", "coordinates": [[[35.6212245, 33.1798752], [35.6211465, 33.1799639], [35.6209984, 33.1798727], [35.6210239, 33.1798438], [35.6209874, 33.1798213], [35.621025, 33.1797785], [35.6210601, 33.1798001], [35.621075, 33.1797831], [35.6212245, 33.1798752]]]}}, {"type": "Feature", "properties": {"height": 3.0, "num_floors": null, "subtype": null, "class": null, "roof_height": null, "height_source": "floored"}, "geometry": {"type": "Polygon", "coordinates": [[[35.6211155, 33.1796703], [35.6211749, 33.1797089], [35.6211463, 33.1797397], [35.6210869, 33.1797012], [35.6211155, 33.1796703]]]}}, {"type": "Feature", "properties": {"height": 3.0, "num_floors": null, "subtype": null, "class": null, "roof_height": null, "height_source": "floored"}, "geometry": {"type": "Polygon", "coordinates": [[[35.6208259, 33.1790541], [35.6207932, 33.179094], [35.6207178, 33.1790507], [35.6207542, 33.1790064], [35.6207343, 33.1789949], [35.6207736, 33.1789471], [35.6208925, 33.1790155], [35.6208496, 33.1790678], [35.6208259, 33.1790541]]]}}, {"type": "Feature", "properties": {"height": 4.1, "num_floors": null, "subtype": null, "class": null, "roof_height": null, "height_source": "ndsm"}, "geometry": {"type": "Polygon", "coordinates": [[[35.6209359, 33.1789657], [35.6208247, 33.178901], [35.6209007, 33.1788096], [35.6210119, 33.1788743], [35.6209359, 33.1789657]]]}}, {"type": "Feature", "properties": {"height": 3.1, "num_floors": null, "subtype": null, "class": null, "roof_height": null, "height_source": "ndsm"}, "geometry": {"type": "Polygon", "coordinates": [[[35.6215251, 33.1793896], [35.6214177, 33.1794366], [35.621329, 33.1793056], [35.621385, 33.1792822], [35.6213453, 33.1791981], [35.6212566, 33.1791415], [35.6213453, 33.179034], [35.6214131, 33.1790731], [35.6214831, 33.1789734], [35.6213734, 33.1789069], [35.6215532, 33.1786881], [35.6216956, 33.178778], [35.6215952, 33.178903], [35.6216909, 33.1789499], [35.6216722, 33.178991], [35.6219805, 33.1790574], [35.6219524, 33.1791336], [35.6219174, 33.1791805], [35.6218871, 33.1792138], [35.6218404, 33.1792392], [35.6217096, 33.1793193], [35.6217493, 33.1793779], [35.6215858, 33.1794561], [35.6215251, 33.1793896]]]}}, {"type": "Feature", "properties": {"height": 3.0, "num_floors": null, "subtype": null, "class": null, "roof_height": null, "height_source": "floored"}, "geometry": {"type": "Polygon", "coordinates": [[[35.6217291, 33.1789174], [35.6218632, 33.1789367], [35.6218529, 33.1789868], [35.6217188, 33.1789675], [35.6217291, 33.1789174]]]}}, {"type": "Feature", "properties": {"height": 3.0, "num_floors": null, "subtype": null, "class": null, "roof_height": null, "height_source": "floored"}, "geometry": {"type": "Polygon", "coordinates": [[[35.6218014, 33.1798041], [35.6217371, 33.1798795], [35.6216443, 33.1798241], [35.6216729, 33.1797905], [35.6216566, 33.1797808], [35.6216922, 33.179739], [35.6218014, 33.1798041]]]}}, {"type": "Feature", "properties": {"height": 3.0, "num_floors": null, "subtype": null, "class": null, "roof_height": null, "height_source": "floored"}, "geometry": {"type": "Polygon", "coordinates": [[[35.6219246, 33.1796467], [35.6218505, 33.1797476], [35.6217169, 33.1796789], [35.621791, 33.179578], [35.6219246, 33.1796467]]]}}, {"type": "Feature", "properties": {"height": 3.5, "num_floors": null, "subtype": null, "class": null, "roof_height": null, "height_source": "ndsm"}, "geometry": {"type": "Polygon", "coordinates": [[[35.6219425, 33.1802549], [35.6217109, 33.1801973], [35.621746, 33.1800983], [35.6217879, 33.1801087], [35.6217913, 33.1800993], [35.6218726, 33.1801196], [35.6218539, 33.1801722], [35.6219623, 33.1801992], [35.6219425, 33.1802549]]]}}, {"type": "Feature", "properties": {"height": 3.0, "num_floors": null, "subtype": null, "class": null, "roof_height": null, "height_source": "floored"}, "geometry": {"type": "Polygon", "coordinates": [[[35.621727, 33.1804977], [35.6216845, 33.1804941], [35.6216943, 33.1804129], [35.6217368, 33.1804165], [35.621727, 33.1804977]]]}}, {"type": "Feature", "properties": {"height": 5.5, "num_floors": null, "subtype": null, "class": null, "roof_height": null, "height_source": "ndsm"}, "geometry": {"type": "Polygon", "coordinates": [[[35.621532, 33.1803785], [35.6216972, 33.1804297], [35.6216553, 33.1805245], [35.6214901, 33.1804733], [35.621532, 33.1803785]]]}}, {"type": "Feature", "properties": {"height": 7.2, "num_floors": null, "subtype": null, "class": null, "roof_height": null, "height_source": "ndsm"}, "geometry": {"type": "Polygon", "coordinates": [[[35.6215753, 33.1801341], [35.6214974, 33.1802313], [35.6213661, 33.1801577], [35.621444, 33.1800605], [35.6215753, 33.1801341]]]}}, {"type": "Feature", "properties": {"height": 7.2, "num_floors": null, "subtype": null, "class": null, "roof_height": null, "height_source": "ndsm"}, "geometry": {"type": "Polygon", "coordinates": [[[35.6213575, 33.180367], [35.6212502, 33.1803019], [35.6213204, 33.1802209], [35.6214277, 33.180286], [35.6213575, 33.180367]]]}}, {"type": "Feature", "properties": {"height": 7.2, "num_floors": null, "subtype": null, "class": null, "roof_height": null, "height_source": "ndsm"}, "geometry": {"type": "Polygon", "coordinates": [[[35.621185, 33.1805039], [35.6211122, 33.1804631], [35.621195, 33.1803595], [35.6213467, 33.1804444], [35.621293, 33.1805116], [35.6212141, 33.1804675], [35.621185, 33.1805039]]]}}, {"type": "Feature", "properties": {"height": 4.4, "num_floors": null, "subtype": null, "class": null, "roof_height": null, "height_source": "ndsm"}, "geometry": {"type": "Polygon", "coordinates": [[[35.6210546, 33.1810939], [35.6211123, 33.18102], [35.6212984, 33.1811218], [35.6213235, 33.1810896], [35.6213611, 33.1811102], [35.62125, 33.1812524], [35.6211402, 33.1811924], [35.6211389, 33.1811939], [35.6210477, 33.181144], [35.6210771, 33.1811063], [35.6210546, 33.1810939]]]}}, {"type": "Feature", "properties": {"height": 4.4, "num_floors": null, "subtype": null, "class": null, "roof_height": null, "height_source": "ndsm"}, "geometry": {"type": "Polygon", "coordinates": [[[35.6212291, 33.1809783], [35.6212564, 33.1809371], [35.621203, 33.1809123], [35.6212519, 33.1808385], [35.6213956, 33.1809051], [35.6213194, 33.1810202], [35.6212291, 33.1809783]]]}}, {"type": "Feature", "properties": {"height": 4.4, "num_floors": null, "subtype": null, "class": null, "roof_height": null, "height_source": "ndsm"}, "geometry": {"type": "Polygon", "coordinates": [[[35.6214589, 33.1809655], [35.6214656, 33.1809521], [35.6215035, 33.1809652], [35.6214445, 33.1810839], [35.6213357, 33.1810461], [35.621388, 33.1809408], [35.6214589, 33.1809655]]]}}, {"type": "Feature", "properties": {"height": 5.5, "num_floors": null, "subtype": null, "class": null, "roof_height": null, "height_source": "ndsm"}, "geometry": {"type": "Polygon", "coordinates": [[[35.6216117, 33.1806903], [35.6216341, 33.1807323], [35.6216018, 33.1807444], [35.6215794, 33.1807024], [35.6216117, 33.1806903]]]}}, {"type": "Feature", "properties": {"height": 5.5, "num_floors": null, "subtype": null, "class": null, "roof_height": null, "height_source": "ndsm"}, "geometry": {"type": "Polygon", "coordinates": [[[35.6217114, 33.180961], [35.6215866, 33.1809285], [35.6216322, 33.1808057], [35.621757, 33.1808382], [35.6217114, 33.180961]]]}}, {"type": "Feature", "properties": {"height": 3.0, "num_floors": null, "subtype": null, "class": null, "roof_height": null, "height_source": "floored"}, "geometry": {"type": "Polygon", "coordinates": [[[35.6218033, 33.1806216], [35.6221311, 33.1806971], [35.6220934, 33.1808119], [35.6218055, 33.1807456], [35.6218148, 33.1807175], [35.6217749, 33.1807083], [35.6218033, 33.1806216]]]}}, {"type": "Feature", "properties": {"height": 3.0, "num_floors": null, "subtype": null, "class": null, "roof_height": null, "height_source": "floored"}, "geometry": {"type": "Polygon", "coordinates": [[[35.6217619, 33.1808569], [35.6219203, 33.1808952], [35.6218934, 33.180973], [35.621735, 33.1809346], [35.6217619, 33.1808569]]]}}, {"type": "Feature", "properties": {"height": 7.2, "num_floors": null, "subtype": null, "class": null, "roof_height": null, "height_source": "ndsm"}, "geometry": {"type": "Polygon", "coordinates": [[[35.6210756, 33.1806536], [35.6209902, 33.1806037], [35.6210761, 33.1805007], [35.6211258, 33.1805297], [35.62111, 33.1805488], [35.6211456, 33.1805696], [35.6210756, 33.1806536]]]}}, {"type": "Feature", "properties": {"height": 7.2, "num_floors": null, "subtype": null, "class": null, "roof_height": null, "height_source": "ndsm"}, "geometry": {"type": "Polygon", "coordinates": [[[35.6207845, 33.1807069], [35.6206925, 33.1806742], [35.6207451, 33.1805706], [35.6208782, 33.180618], [35.6208527, 33.1806683], [35.6208115, 33.1806537], [35.6207845, 33.1807069]]]}}, {"type": "Feature", "properties": {"height": 7.2, "num_floors": null, "subtype": null, "class": null, "roof_height": null, "height_source": "ndsm"}, "geometry": {"type": "Polygon", "coordinates": [[[35.620683, 33.1808125], [35.6209403, 33.1809517], [35.6208693, 33.1810435], [35.6207558, 33.1809821], [35.6207747, 33.1809577], [35.6206309, 33.1808799], [35.620683, 33.1808125]]]}}, {"type": "Feature", "properties": {"height": 4.4, "num_floors": null, "subtype": null, "class": null, "roof_height": null, "height_source": "ndsm"}, "geometry": {"type": "Polygon", "coordinates": [[[35.6206344, 33.1811787], [35.6205327, 33.1811268], [35.620615, 33.1810139], [35.6207175, 33.1810662], [35.6206739, 33.181126], [35.6207521, 33.1811659], [35.6207843, 33.1811218], [35.620841, 33.1811507], [35.6207909, 33.1812194], [35.6207236, 33.1811851], [35.6207033, 33.1812129], [35.6206349, 33.1811779], [35.6206344, 33.1811787]]]}}, {"type": "Feature", "properties": {"height": 7.2, "num_floors": null, "subtype": "civic", "class": null, "roof_height": null, "height_source": "ndsm"}, "geometry": {"type": "Polygon", "coordinates": [[[35.6205927, 33.1806382], [35.6205165, 33.1806037], [35.6205637, 33.1805306], [35.6206399, 33.180565], [35.6205927, 33.1806382]]]}}, {"type": "Feature", "properties": {"height": 5.6, "num_floors": null, "subtype": null, "class": null, "roof_height": null, "height_source": "ndsm"}, "geometry": {"type": "Polygon", "coordinates": [[[35.6202192, 33.1806395], [35.6204424, 33.1807475], [35.620368, 33.1808552], [35.6201448, 33.1807472], [35.6202192, 33.1806395]]]}}, {"type": "Feature", "properties": {"height": 4.4, "num_floors": null, "subtype": null, "class": null, "roof_height": null, "height_source": "ndsm"}, "geometry": {"type": "Polygon", "coordinates": [[[35.6204268, 33.1810169], [35.6204751, 33.1809586], [35.6205812, 33.1810202], [35.6204952, 33.1811239], [35.6204127, 33.181076], [35.6204504, 33.1810305], [35.6204268, 33.1810169]]]}}, {"type": "Feature", "properties": {"height": 3.0, "num_floors": null, "subtype": null, "class": null, "roof_height": null, "height_source": "floored"}, "geometry": {"type": "Polygon", "coordinates": [[[35.6204675, 33.1812888], [35.6207003, 33.1812977], [35.6206963, 33.1813716], [35.6204634, 33.1813627], [35.6204675, 33.1812888]]]}}, {"type": "Feature", "properties": {"height": 3.0, "num_floors": null, "subtype": null, "class": null, "roof_height": null, "height_source": "floored"}, "geometry": {"type": "Polygon", "coordinates": [[[35.6206011, 33.1837726], [35.6206779, 33.1837584], [35.6207021, 33.1838505], [35.6206254, 33.1838646], [35.6206011, 33.1837726]]]}}, {"type": "Feature", "properties": {"height": 3.0, "num_floors": null, "subtype": null, "class": null, "roof_height": null, "height_source": "floored"}, "geometry": {"type": "Polygon", "coordinates": [[[35.6204081, 33.1837535], [35.6205314, 33.1837518], [35.6205331, 33.1838326], [35.6204097, 33.1838343], [35.6204081, 33.1837535]]]}}, {"type": "Feature", "properties": {"height": 3.0, "num_floors": null, "subtype": null, "class": null, "roof_height": null, "height_source": "floored"}, "geometry": {"type": "Polygon", "coordinates": [[[35.6200774, 33.1838484], [35.620041, 33.1837826], [35.6207087, 33.1835245], [35.6207409, 33.1835829], [35.6205022, 33.1836752], [35.6205063, 33.1836826], [35.6200774, 33.1838484]]]}}, {"type": "Feature", "properties": {"height": 3.0, "num_floors": null, "subtype": null, "class": null, "roof_height": null, "height_source": "floored"}, "geometry": {"type": "Polygon", "coordinates": [[[35.6204021, 33.1838391], [35.6205281, 33.1838364], [35.6205295, 33.1838813], [35.6204035, 33.183884], [35.6204021, 33.1838391]]]}}, {"type": "Feature", "properties": {"height": 3.0, "num_floors": null, "subtype": null, "class": null, "roof_height": null, "height_source": "floored"}, "geometry": {"type": "Polygon", "coordinates": [[[35.6208135, 33.1840613], [35.6208188, 33.1842416], [35.6201283, 33.1842559], [35.6201229, 33.1840724], [35.6202216, 33.1840704], [35.6202234, 33.1841313], [35.6202528, 33.1841307], [35.6202469, 33.1839328], [35.6209858, 33.1839174], [35.6209899, 33.1840576], [35.6208135, 33.1840613]]]}}, {"type": "Feature", "properties": {"height": 4.4, "num_floors": null, "subtype": null, "class": null, "roof_height": null, "height_source": "ndsm"}, "geometry": {"type": "Polygon", "coordinates": [[[35.6205306, 33.1853413], [35.6203632, 33.1851896], [35.6203356, 33.1844442], [35.6205687, 33.1844382], [35.6205779, 33.18469], [35.6209386, 33.1846808], [35.6209423, 33.1847825], [35.6213483, 33.1847723], [35.6213442, 33.1846555], [35.6216887, 33.1846471], [35.6216928, 33.1847682], [35.6216183, 33.1847699], [35.621622, 33.1848834], [35.6217615, 33.1848803], [35.6217627, 33.1849201], [35.6219281, 33.1849167], [35.621934, 33.1851155], [35.6218862, 33.1851164], [35.6218916, 33.1853133], [35.6215786, 33.1853192], [35.6215774, 33.1852736], [35.6210286, 33.1852835], [35.6210261, 33.1851837], [35.6209471, 33.1851851], [35.6209508, 33.1853339], [35.6205306, 33.1853413]]]}}, {"type": "Feature", "properties": {"height": 3.0, "num_floors": null, "subtype": null, "class": null, "roof_height": null, "height_source": "floored"}, "geometry": {"type": "Polygon", "coordinates": [[[35.621041, 33.184397], [35.6210267, 33.1843436], [35.6211101, 33.184328], [35.6211243, 33.1843815], [35.621041, 33.184397]]]}}, {"type": "Feature", "properties": {"height": 4.4, "num_floors": null, "subtype": null, "class": null, "roof_height": null, "height_source": "ndsm"}, "geometry": {"type": "Polygon", "coordinates": [[[35.6210879, 33.1844742], [35.6210718, 33.184424], [35.6211093, 33.1844156], [35.6211254, 33.1844658], [35.6210879, 33.1844742]]]}}, {"type": "Feature", "properties": {"height": 3.0, "num_floors": null, "subtype": null, "class": null, "roof_height": null, "height_source": "floored"}, "geometry": {"type": "Polygon", "coordinates": [[[35.6215164, 33.1842086], [35.6211027, 33.1842291], [35.6210854, 33.1839832], [35.621499, 33.1839628], [35.6215164, 33.1842086]]]}}, {"type": "Feature", "properties": {"height": 3.0, "num_floors": null, "subtype": null, "class": null, "roof_height": null, "height_source": "floored"}, "geometry": {"type": "Polygon", "coordinates": [[[35.6215177, 33.1841714], [35.6215273, 33.1839819], [35.6215702, 33.1839835], [35.6215654, 33.1840776], [35.6215841, 33.1840782], [35.6215793, 33.1841736], [35.6215177, 33.1841714]]]}}, {"type": "Feature", "properties": {"height": 4.3, "num_floors": null, "subtype": null, "class": null, "roof_height": null, "height_source": "ndsm"}, "geometry": {"type": "Polygon", "coordinates": [[[35.6216724, 33.1842981], [35.6216822, 33.1844188], [35.6211857, 33.1844472], [35.6211758, 33.1843266], [35.6216724, 33.1842981]]]}}, {"type": "Feature", "properties": {"height": 4.2, "num_floors": null, "subtype": null, "class": null, "roof_height": null, "height_source": "ndsm"}, "geometry": {"type": "Polygon", "coordinates": [[[35.6218534, 33.1848559], [35.6217689, 33.1848592], [35.6217649, 33.1847875], [35.6218495, 33.1847842], [35.6218534, 33.1848559]]]}}, {"type": "Feature", "properties": {"height": 3.0, "num_floors": null, "subtype": null, "class": null, "roof_height": null, "height_source": "floored"}, "geometry": {"type": "Polygon", "coordinates": [[[35.6220146, 33.1852529], [35.6220154, 33.1852754], [35.6219698, 33.1852765], [35.621969, 33.185254], [35.6220146, 33.1852529]]]}}, {"type": "Feature", "properties": {"height": 3.0, "num_floors": null, "subtype": null, "class": null, "roof_height": null, "height_source": "floored"}, "geometry": {"type": "Polygon", "coordinates": [[[35.6217983, 33.1842221], [35.6217066, 33.1840373], [35.6218155, 33.1839994], [35.6219072, 33.1841842], [35.6217983, 33.1842221]]]}}, {"type": "Feature", "properties": {"height": 3.0, "num_floors": null, "subtype": null, "class": null, "roof_height": null, "height_source": "floored"}, "geometry": {"type": "Polygon", "coordinates": [[[35.6216709, 33.1839728], [35.621652, 33.1838537], [35.6217574, 33.183842], [35.6217763, 33.1839611], [35.6216709, 33.1839728]]]}}, {"type": "Feature", "properties": {"height": 3.0, "num_floors": null, "subtype": null, "class": null, "roof_height": null, "height_source": "floored"}, "geometry": {"type": "Polygon", "coordinates": [[[35.6217175, 33.1835964], [35.6210158, 33.1838634], [35.620983, 33.183803], [35.6209147, 33.183829], [35.6207933, 33.1836054], [35.6215633, 33.1833125], [35.6217175, 33.1835964]]]}}, {"type": "Feature", "properties": {"height": 3.0, "num_floors": null, "subtype": null, "class": null, "roof_height": null, "height_source": "floored"}, "geometry": {"type": "Polygon", "coordinates": [[[35.622277, 33.1832022], [35.6222935, 33.1832287], [35.6222533, 33.1832462], [35.6222369, 33.1832196], [35.622277, 33.1832022]]]}}, {"type": "Feature", "properties": {"height": 3.0, "num_floors": null, "subtype": null, "class": null, "roof_height": null, "height_source": "floored"}, "geometry": {"type": "Polygon", "coordinates": [[[35.6229059, 33.1847943], [35.6227141, 33.184883], [35.6219836, 33.1837772], [35.6221751, 33.1836886], [35.6229059, 33.1847943]]]}}, {"type": "Feature", "properties": {"height": 4.2, "num_floors": null, "subtype": null, "class": null, "roof_height": null, "height_source": "ndsm"}, "geometry": {"type": "Polygon", "coordinates": [[[35.6220606, 33.1841474], [35.6221953, 33.1844591], [35.6222626, 33.1844387], [35.6223373, 33.1846113], [35.6222866, 33.1846267], [35.6222703, 33.184589], [35.622045, 33.1846572], [35.6218519, 33.1842106], [35.6220606, 33.1841474]]]}}, {"type": "Feature", "properties": {"height": 3.0, "num_floors": null, "subtype": null, "class": null, "roof_height": null, "height_source": "floored"}, "geometry": {"type": "Polygon", "coordinates": [[[35.6222206, 33.1850374], [35.6221747, 33.1849299], [35.6222279, 33.184914], [35.6222739, 33.1850214], [35.6222206, 33.1850374]]]}}, {"type": "Feature", "properties": {"height": 3.0, "num_floors": null, "subtype": null, "class": null, "roof_height": null, "height_source": "floored"}, "geometry": {"type": "Polygon", "coordinates": [[[35.622566, 33.1849573], [35.6226042, 33.1850351], [35.6222645, 33.1851518], [35.6222263, 33.1850741], [35.622566, 33.1849573]]]}}, {"type": "Feature", "properties": {"height": 3.0, "num_floors": null, "subtype": null, "class": null, "roof_height": null, "height_source": "floored"}, "geometry": {"type": "Polygon", "coordinates": [[[35.6221997, 33.1848224], [35.6221247, 33.1846966], [35.6223395, 33.1846069], [35.622362, 33.1846447], [35.6222803, 33.1846788], [35.6223328, 33.1847668], [35.6221997, 33.1848224]]]}}, {"type": "Feature", "properties": {"height": 3.0, "num_floors": null, "subtype": null, "class": null, "roof_height": null, "height_source": "floored"}, "geometry": {"type": "Polygon", "coordinates": [[[35.6231761, 33.1846733], [35.6229814, 33.1847637], [35.6222354, 33.183637], [35.6224298, 33.1835468], [35.6231761, 33.1846733]]]}}, {"type": "Feature", "properties": {"height": 3.0, "num_floors": null, "subtype": null, "class": null, "roof_height": null, "height_source": "floored"}, "geometry": {"type": "Polygon", "coordinates": [[[35.6234693, 33.1845406], [35.6232746, 33.1846309], [35.6225286, 33.1835042], [35.622723, 33.183414], [35.6234693, 33.1845406]]]}}, {"type": "Feature", "properties": {"height": 3.0, "num_floors": null, "subtype": null, "class": null, "roof_height": null, "height_source": "floored"}, "geometry": {"type": "Polygon", "coordinates": [[[35.6232228, 33.1857012], [35.6229753, 33.1857975], [35.6227133, 33.1853262], [35.6228367, 33.1852782], [35.6227159, 33.1850609], [35.6229231, 33.1849802], [35.6230709, 33.1852461], [35.6229878, 33.1852785], [35.6232228, 33.1857012]]]}}, {"type": "Feature", "properties": {"height": 3.0, "num_floors": null, "subtype": null, "class": null, "roof_height": null, "height_source": "floored"}, "geometry": {"type": "Polygon", "coordinates": [[[35.6232187, 33.1848342], [35.6232355, 33.184869], [35.6231778, 33.1848884], [35.6231611, 33.1848537], [35.6232187, 33.1848342]]]}}, {"type": "Feature", "properties": {"height": 3.0, "num_floors": null, "subtype": null, "class": null, "roof_height": null, "height_source": "floored"}, "geometry": {"type": "Polygon", "coordinates": [[[35.6234281, 33.1850207], [35.6234051, 33.1849709], [35.6234424, 33.1849588], [35.6234654, 33.1850086], [35.6234281, 33.1850207]]]}}, {"type": "Feature", "properties": {"height": 3.0, "num_floors": null, "subtype": null, "class": null, "roof_height": null, "height_source": "floored"}, "geometry": {"type": "Polygon", "coordinates": [[[35.6234313, 33.1852746], [35.6234868, 33.1854127], [35.6232626, 33.1854757], [35.6232072, 33.1853375], [35.6234313, 33.1852746]]]}}, {"type": "Feature", "properties": {"height": 3.0, "num_floors": null, "subtype": null, "class": null, "roof_height": null, "height_source": "floored"}, "geometry": {"type": "Polygon", "coordinates": [[[35.6235033, 33.1844643], [35.6234692, 33.1844037], [35.6235337, 33.1843782], [35.6235678, 33.1844388], [35.6235033, 33.1844643]]]}}, {"type": "Feature", "properties": {"height": 3.0, "num_floors": null, "subtype": null, "class": null, "roof_height": null, "height_source": "floored"}, "geometry": {"type": "Polygon", "coordinates": [[[35.6238903, 33.1842193], [35.6237197, 33.1842995], [35.6230886, 33.1833586], [35.6232594, 33.1832784], [35.6238903, 33.1842193]]]}}, {"type": "Feature", "properties": {"height": 3.0, "num_floors": null, "subtype": null, "class": null, "roof_height": null, "height_source": "floored"}, "geometry": {"type": "Polygon", "coordinates": [[[35.6221668, 33.1808469], [35.6221196, 33.1808411], [35.6221281, 33.1807927], [35.6221754, 33.1807986], [35.6221668, 33.1808469]]]}}, {"type": "Feature", "properties": {"height": 3.5, "num_floors": null, "subtype": null, "class": null, "roof_height": null, "height_source": "ndsm"}, "geometry": {"type": "Polygon", "coordinates": [[[35.6221488, 33.1805185], [35.622322, 33.180552], [35.6222972, 33.1806415], [35.622175, 33.1806178], [35.6221638, 33.1806583], [35.6221154, 33.180649], [35.6221275, 33.1806053], [35.6220766, 33.1805955], [35.6220869, 33.1805581], [35.6220029, 33.1805418], [35.6220288, 33.1804481], [35.6221612, 33.1804737], [35.6221488, 33.1805185]]]}}, {"type": "Feature", "properties": {"height": 3.5, "num_floors": null, "subtype": null, "class": null, "roof_height": null, "height_source": "ndsm"}, "geometry": {"type": "Polygon", "coordinates": [[[35.6225969, 33.1805654], [35.6223449, 33.1805119], [35.6223759, 33.1804096], [35.6226279, 33.1804631], [35.6225969, 33.1805654]]]}}, {"type": "Feature", "properties": {"height": 4.7, "num_floors": null, "subtype": null, "class": null, "roof_height": null, "height_source": "ndsm"}, "geometry": {"type": "Polygon", "coordinates": [[[35.6229558, 33.1804832], [35.6227345, 33.1804314], [35.6227693, 33.1803273], [35.6229906, 33.1803791], [35.6229558, 33.1804832]]]}}, {"type": "Feature", "properties": {"height": 3.5, "num_floors": null, "subtype": null, "class": null, "roof_height": null, "height_source": "ndsm"}, "geometry": {"type": "Polygon", "coordinates": [[[35.6227509, 33.1803471], [35.6227252, 33.1804041], [35.6226712, 33.180387], [35.6226969, 33.1803301], [35.6227509, 33.1803471]]]}}, {"type": "Feature", "properties": {"height": 4.7, "num_floors": null, "subtype": null, "class": null, "roof_height": null, "height_source": "ndsm"}, "geometry": {"type": "Polygon", "coordinates": [[[35.6226198, 33.180069], [35.6228079, 33.180108], [35.6228136, 33.180089], [35.6229691, 33.1801213], [35.6229406, 33.1802175], [35.6227775, 33.1801836], [35.6227709, 33.1802059], [35.6226976, 33.1801907], [35.6227073, 33.1801578], [35.6226, 33.1801356], [35.6226198, 33.180069]]]}}, {"type": "Feature", "properties": {"height": 4.3, "num_floors": null, "subtype": null, "class": null, "roof_height": null, "height_source": "ndsm"}, "geometry": {"type": "Polygon", "coordinates": [[[35.6228013, 33.1795984], [35.6229241, 33.1796234], [35.6228982, 33.1797124], [35.6227754, 33.1796874], [35.6228013, 33.1795984]]]}}, {"type": "Feature", "properties": {"height": 4.7, "num_floors": null, "subtype": null, "class": null, "roof_height": null, "height_source": "ndsm"}, "geometry": {"type": "Polygon", "coordinates": [[[35.622826, 33.1799157], [35.6226093, 33.1798673], [35.6225291, 33.1798495], [35.6225545, 33.1797698], [35.6228514, 33.179836], [35.622826, 33.1799157]]]}}, {"type": "Feature", "properties": {"height": 3.5, "num_floors": null, "subtype": null, "class": null, "roof_height": null, "height_source": "ndsm"}, "geometry": {"type": "Polygon", "coordinates": [[[35.6223051, 33.180333], [35.6223629, 33.1803981], [35.6223014, 33.1804363], [35.6222436, 33.1803711], [35.6223051, 33.180333]]]}}, {"type": "Feature", "properties": {"height": 3.5, "num_floors": null, "subtype": null, "class": null, "roof_height": null, "height_source": "ndsm"}, "geometry": {"type": "Polygon", "coordinates": [[[35.6222564, 33.180355], [35.6221757, 33.1803306], [35.6221903, 33.1802969], [35.622271, 33.1803213], [35.6222564, 33.180355]]]}}, {"type": "Feature", "properties": {"height": 3.5, "num_floors": null, "subtype": null, "class": null, "roof_height": null, "height_source": "ndsm"}, "geometry": {"type": "Polygon", "coordinates": [[[35.6221139, 33.1803229], [35.6222038, 33.1803584], [35.6221805, 33.1803997], [35.6220905, 33.1803642], [35.6221139, 33.1803229]]]}}, {"type": "Feature", "properties": {"height": 3.1, "num_floors": null, "subtype": null, "class": null, "roof_height": null, "height_source": "ndsm"}, "geometry": {"type": "Polygon", "coordinates": [[[35.6222573, 33.1796871], [35.6222667, 33.1796517], [35.622305, 33.1796589], [35.6222956, 33.1796942], [35.6222573, 33.1796871]]]}}, {"type": "Feature", "properties": {"height": 3.1, "num_floors": null, "subtype": null, "class": null, "roof_height": null, "height_source": "ndsm"}, "geometry": {"type": "Polygon", "coordinates": [[[35.622083, 33.1795793], [35.6221226, 33.1794803], [35.6222384, 33.1795127], [35.6222299, 33.179534], [35.622418, 33.1795866], [35.6223999, 33.179632], [35.6223251, 33.1796111], [35.6223134, 33.1796404], [35.6222483, 33.1796222], [35.6222329, 33.1796606], [35.6221919, 33.1796491], [35.6222061, 33.1796137], [35.622083, 33.1795793]]]}}, {"type": "Feature", "properties": {"height": 3.0, "num_floors": null, "subtype": null, "class": null, "roof_height": null, "height_source": "floored"}, "geometry": {"type": "Polygon", "coordinates": [[[35.6224453, 33.1792262], [35.6223319, 33.1791785], [35.6224061, 33.1790548], [35.6225196, 33.1791026], [35.6224453, 33.1792262]]]}}, {"type": "Feature", "properties": {"height": 3.0, "num_floors": null, "subtype": null, "class": null, "roof_height": null, "height_source": "floored"}, "geometry": {"type": "Polygon", "coordinates": [[[35.6223949, 33.1788825], [35.6223271, 33.1788417], [35.6223881, 33.1787706], [35.6224559, 33.1788113], [35.6223949, 33.1788825]]]}}, {"type": "Feature", "properties": {"height": 3.0, "num_floors": null, "subtype": null, "class": null, "roof_height": null, "height_source": "floored"}, "geometry": {"type": "Polygon", "coordinates": [[[35.6225948, 33.1791326], [35.6227229, 33.1792024], [35.6226395, 33.1793096], [35.6225632, 33.179268], [35.6225705, 33.1792586], [35.6225187, 33.1792303], [35.6225948, 33.1791326]]]}}, {"type": "Feature", "properties": {"height": 3.0, "num_floors": null, "subtype": null, "class": null, "roof_height": null, "height_source": "floored"}, "geometry": {"type": "Polygon", "coordinates": [[[35.6226019, 33.1793281], [35.6225143, 33.1794431], [35.62248, 33.1794248], [35.6224842, 33.1794192], [35.6224289, 33.1793897], [35.6225122, 33.1792803], [35.6226019, 33.1793281]]]}}, {"type": "Feature", "properties": {"height": 4.3, "num_floors": null, "subtype": null, "class": null, "roof_height": null, "height_source": "ndsm"}, "geometry": {"type": "Polygon", "coordinates": [[[35.6226694, 33.1788481], [35.6227149, 33.1787963], [35.622823, 33.1788627], [35.6227776, 33.1789145], [35.6226694, 33.1788481]]]}}, {"type": "Feature", "properties": {"height": 5.8, "num_floors": null, "subtype": null, "class": null, "roof_height": null, "height_source": "ndsm"}, "geometry": {"type": "Polygon", "coordinates": [[[35.6233334, 33.1796812], [35.6232996, 33.1796764], [35.6233125, 33.1796131], [35.6233464, 33.179618], [35.6233334, 33.1796812]]]}}, {"type": "Feature", "properties": {"height": 5.8, "num_floors": null, "subtype": null, "class": null, "roof_height": null, "height_source": "ndsm"}, "geometry": {"type": "Polygon", "coordinates": [[[35.6233131, 33.1795038], [35.6232587, 33.1796234], [35.6231439, 33.1795868], [35.6231983, 33.1794672], [35.6233131, 33.1795038]]]}}, {"type": "Feature", "properties": {"height": 5.8, "num_floors": null, "subtype": null, "class": null, "roof_height": null, "height_source": "ndsm"}, "geometry": {"type": "Polygon", "coordinates": [[[35.6230506, 33.179593], [35.6229445, 33.1795633], [35.6230144, 33.1793887], [35.6231205, 33.1794184], [35.6230506, 33.179593]]]}}, {"type": "Feature", "properties": {"height": 5.8, "num_floors": null, "subtype": null, "class": null, "roof_height": null, "height_source": "ndsm"}, "geometry": {"type": "Polygon", "coordinates": [[[35.6228957, 33.1797198], [35.6229339, 33.1796302], [35.6231089, 33.1796824], [35.6230707, 33.179772], [35.6228957, 33.1797198]]]}}, {"type": "Feature", "properties": {"height": 5.4, "num_floors": null, "subtype": null, "class": null, "roof_height": null, "height_source": "ndsm"}, "geometry": {"type": "Polygon", "coordinates": [[[35.6229592, 33.1798786], [35.6230937, 33.1799334], [35.6230398, 33.180026], [35.6229054, 33.1799712], [35.6229592, 33.1798786]]]}}, {"type": "Feature", "properties": {"height": 4.7, "num_floors": null, "subtype": null, "class": null, "roof_height": null, "height_source": "ndsm"}, "geometry": {"type": "Polygon", "coordinates": [[[35.6230579, 33.180231], [35.6232222, 33.1802396], [35.6232165, 33.1803156], [35.6230523, 33.180307], [35.6230579, 33.180231]]]}}, {"type": "Feature", "properties": {"height": 5.4, "num_floors": null, "subtype": null, "class": null, "roof_height": null, "height_source": "ndsm"}, "geometry": {"type": "Polygon", "coordinates": [[[35.6232643, 33.1798964], [35.6231802, 33.1798779], [35.6231908, 33.1798443], [35.6231131, 33.1798271], [35.6231399, 33.1797421], [35.6232251, 33.179761], [35.6232159, 33.1797903], [35.6232924, 33.1798072], [35.6232643, 33.1798964]]]}}, {"type": "Feature", "properties": {"height": 5.8, "num_floors": null, "subtype": null, "class": null, "roof_height": null, "height_source": "ndsm"}, "geometry": {"type": "Polygon", "coordinates": [[[35.6233339, 33.1797044], [35.6233511, 33.1796227], [35.6234331, 33.1796348], [35.6234159, 33.1797165], [35.6233339, 33.1797044]]]}}, {"type": "Feature", "properties": {"height": 5.4, "num_floors": null, "subtype": null, "class": null, "roof_height": null, "height_source": "ndsm"}, "geometry": {"type": "Polygon", "coordinates": [[[35.6233272, 33.179919], [35.623344, 33.1798524], [35.6235032, 33.1798805], [35.6234864, 33.1799471], [35.6233272, 33.179919]]]}}, {"type": "Feature", "properties": {"height": 4.7, "num_floors": null, "subtype": null, "class": null, "roof_height": null, "height_source": "ndsm"}, "geometry": {"type": "Polygon", "coordinates": [[[35.6236425, 33.1802746], [35.62364, 33.1803453], [35.623506, 33.1803419], [35.6235085, 33.1802712], [35.6236425, 33.1802746]]]}}, {"type": "Feature", "properties": {"height": 5.4, "num_floors": null, "subtype": null, "class": null, "roof_height": null, "height_source": "ndsm"}, "geometry": {"type": "Polygon", "coordinates": [[[35.6237591, 33.1801233], [35.6235664, 33.1800658], [35.623596, 33.179996], [35.6237888, 33.1800535], [35.6237591, 33.1801233]]]}}, {"type": "Feature", "properties": {"height": 5.8, "num_floors": null, "subtype": null, "class": null, "roof_height": null, "height_source": "ndsm"}, "geometry": {"type": "Polygon", "coordinates": [[[35.6236822, 33.1790193], [35.6238659, 33.1787824], [35.6239867, 33.178848], [35.623939, 33.1789096], [35.6240918, 33.1789926], [35.6240747, 33.1790147], [35.624137, 33.1790485], [35.6240182, 33.1792018], [35.6236822, 33.1790193]]]}}, {"type": "Feature", "properties": {"height": 5.4, "num_floors": null, "subtype": null, "class": null, "roof_height": null, "height_source": "ndsm"}, "geometry": {"type": "Polygon", "coordinates": [[[35.6238263, 33.1799395], [35.6236689, 33.1798916], [35.6237041, 33.1798103], [35.6238616, 33.1798582], [35.6238263, 33.1799395]]]}}, {"type": "Feature", "properties": {"height": 3.0, "num_floors": null, "subtype": null, "class": null, "roof_height": null, "height_source": "floored"}, "geometry": {"type": "Polygon", "coordinates": [[[35.6271761, 33.183535], [35.6270822, 33.1835539], [35.6270593, 33.1834745], [35.6273084, 33.1834242], [35.6273372, 33.1835241], [35.627182, 33.1835555], [35.6271761, 33.183535]]]}}, {"type": "Feature", "properties": {"height": 3.0, "num_floors": null, "subtype": null, "class": null, "roof_height": null, "height_source": "floored"}, "geometry": {"type": "Polygon", "coordinates": [[[35.6267967, 33.183659], [35.6267323, 33.1836754], [35.6267023, 33.1835934], [35.6269656, 33.1835262], [35.6270059, 33.1836366], [35.6268071, 33.1836873], [35.6267967, 33.183659]]]}}, {"type": "Feature", "properties": {"height": 3.0, "num_floors": null, "subtype": null, "class": null, "roof_height": null, "height_source": "floored"}, "geometry": {"type": "Polygon", "coordinates": [[[35.6269659, 33.1838433], [35.6267599, 33.1838823], [35.6267295, 33.18377], [35.6269354, 33.1837309], [35.6269659, 33.1838433]]]}}, {"type": "Feature", "properties": {"height": 3.0, "num_floors": null, "subtype": null, "class": null, "roof_height": null, "height_source": "floored"}, "geometry": {"type": "Polygon", "coordinates": [[[35.6265387, 33.183912], [35.6264958, 33.1839129], [35.6264948, 33.1838792], [35.6265377, 33.1838783], [35.6265387, 33.183912]]]}}, {"type": "Feature", "properties": {"height": 3.0, "num_floors": null, "subtype": null, "class": null, "roof_height": null, "height_source": "floored"}, "geometry": {"type": "Polygon", "coordinates": [[[35.6264045, 33.1842271], [35.6263666, 33.1842318], [35.6263553, 33.1841677], [35.6265471, 33.1841441], [35.6265576, 33.1842038], [35.6264983, 33.1842111], [35.6265126, 33.1842925], [35.6264181, 33.1843042], [35.6264045, 33.1842271]]]}}, {"type": "Feature", "properties": {"height": 3.0, "num_floors": null, "subtype": null, "class": null, "roof_height": null, "height_source": "floored"}, "geometry": {"type": "Polygon", "coordinates": [[[35.6265866, 33.1842944], [35.6265903, 33.1843953], [35.6264938, 33.1843978], [35.6264901, 33.1842969], [35.6265866, 33.1842944]]]}}, {"type": "Feature", "properties": {"height": 3.0, "num_floors": null, "subtype": null, "class": null, "roof_height": null, "height_source": "floored"}, "geometry": {"type": "Polygon", "coordinates": [[[35.6267831, 33.1845161], [35.6268069, 33.1845187], [35.6268, 33.1845628], [35.6267763, 33.1845602], [35.6267831, 33.1845161]]]}}, {"type": "Feature", "properties": {"height": 3.0, "num_floors": null, "subtype": null, "class": null, "roof_height": null, "height_source": "floored"}, "geometry": {"type": "Polygon", "coordinates": [[[35.6267819, 33.1845205], [35.6267166, 33.1845182], [35.6267212, 33.1844295], [35.6267865, 33.1844318], [35.6267819, 33.1845205]]]}}, {"type": "Feature", "properties": {"height": 3.0, "num_floors": null, "subtype": null, "class": null, "roof_height": null, "height_source": "floored"}, "geometry": {"type": "Polygon", "coordinates": [[[35.6267168, 33.1844236], [35.6267198, 33.1843645], [35.6267867, 33.1843669], [35.6267837, 33.184426], [35.6267168, 33.1844236]]]}}, {"type": "Feature", "properties": {"height": 3.0, "num_floors": null, "subtype": null, "class": null, "roof_height": null, "height_source": "floored"}, "geometry": {"type": "Polygon", "coordinates": [[[35.6270457, 33.1842167], [35.6268244, 33.1842295], [35.6268169, 33.1841393], [35.6270383, 33.1841265], [35.6270457, 33.1842167]]]}}, {"type": "Feature", "properties": {"height": 3.0, "num_floors": null, "subtype": null, "class": null, "roof_height": null, "height_source": "floored"}, "geometry": {"type": "Polygon", "coordinates": [[[35.6269771, 33.1840318], [35.6268238, 33.1840498], [35.6268123, 33.1839812], [35.6268732, 33.183974], [35.6268679, 33.1839426], [35.6270468, 33.1839216], [35.6270687, 33.1840522], [35.6269822, 33.1840624], [35.6269771, 33.1840318]]]}}, {"type": "Feature", "properties": {"height": 3.0, "num_floors": null, "subtype": null, "class": null, "roof_height": null, "height_source": "floored"}, "geometry": {"type": "Polygon", "coordinates": [[[35.6270052, 33.184607], [35.6268172, 33.1845881], [35.6268311, 33.1844914], [35.6270191, 33.1845103], [35.6270052, 33.184607]]]}}, {"type": "Feature", "properties": {"height": 3.0, "num_floors": null, "subtype": null, "class": null, "roof_height": null, "height_source": "floored"}, "geometry": {"type": "Polygon", "coordinates": [[[35.6269995, 33.1843774], [35.626877, 33.1843884], [35.6268681, 33.1843183], [35.6270944, 33.1842982], [35.6271099, 33.1844198], [35.6270061, 33.184429], [35.6269995, 33.1843774]]]}}, {"type": "Feature", "properties": {"height": 3.0, "num_floors": null, "subtype": null, "class": null, "roof_height": null, "height_source": "floored"}, "geometry": {"type": "Polygon", "coordinates": [[[35.6268039, 33.1848868], [35.6267771, 33.1848823], [35.6267913, 33.1848227], [35.6269358, 33.1848469], [35.6269314, 33.184865], [35.6269681, 33.1848711], [35.6269501, 33.1849464], [35.6267958, 33.1849206], [35.6268039, 33.1848868]]]}}, {"type": "Feature", "properties": {"height": 3.0, "num_floors": null, "subtype": null, "class": null, "roof_height": null, "height_source": "floored"}, "geometry": {"type": "Polygon", "coordinates": [[[35.6269819, 33.1854189], [35.6269271, 33.1854039], [35.6269638, 33.1853093], [35.6270186, 33.1853242], [35.6269819, 33.1854189]]]}}, {"type": "Feature", "properties": {"height": 3.0, "num_floors": null, "subtype": null, "class": null, "roof_height": null, "height_source": "floored"}, "geometry": {"type": "Polygon", "coordinates": [[[35.6270394, 33.1852024], [35.6268683, 33.1851407], [35.6269001, 33.1850788], [35.6269417, 33.1850938], [35.6269754, 33.1850283], [35.627105, 33.185075], [35.6270394, 33.1852024]]]}}, {"type": "Feature", "properties": {"height": 3.0, "num_floors": null, "subtype": null, "class": null, "roof_height": null, "height_source": "floored"}, "geometry": {"type": "Polygon", "coordinates": [[[35.6267482, 33.1855063], [35.6265912, 33.1854497], [35.6266386, 33.1853575], [35.6267202, 33.1853869], [35.6267303, 33.1853672], [35.6268674, 33.1854165], [35.6268565, 33.1854376], [35.6269174, 33.1854595], [35.6268729, 33.1855461], [35.6267971, 33.1855188], [35.6268204, 33.1854735], [35.6267737, 33.1854566], [35.6267482, 33.1855063]]]}}, {"type": "Feature", "properties": {"height": 3.0, "num_floors": null, "subtype": null, "class": null, "roof_height": null, "height_source": "floored"}, "geometry": {"type": "Polygon", "coordinates": [[[35.6266811, 33.1852276], [35.6266317, 33.1852123], [35.62666, 33.1851481], [35.626909, 33.1852251], [35.6268876, 33.1852736], [35.6269636, 33.1852971], [35.6269358, 33.1853601], [35.6267739, 33.1853101], [35.6267887, 33.1852764], [35.6267567, 33.1852665], [35.626741, 33.1853019], [35.6266595, 33.1852768], [35.6266811, 33.1852276]]]}}, {"type": "Feature", "properties": {"height": 3.0, "num_floors": null, "subtype": null, "class": null, "roof_height": null, "height_source": "floored"}, "geometry": {"type": "Polygon", "coordinates": [[[35.6266911, 33.1849366], [35.6266426, 33.1849234], [35.6266584, 33.1848828], [35.6267069, 33.184896], [35.6266911, 33.1849366]]]}}, {"type": "Feature", "properties": {"height": 3.0, "num_floors": null, "subtype": null, "class": null, "roof_height": null, "height_source": "floored"}, "geometry": {"type": "Polygon", "coordinates": [[[35.6264026, 33.1849534], [35.6264145, 33.1848945], [35.6265099, 33.1849079], [35.6264981, 33.1849668], [35.6264026, 33.1849534]]]}}, {"type": "Feature", "properties": {"height": 3.0, "num_floors": null, "subtype": null, "class": null, "roof_height": null, "height_source": "floored"}, "geometry": {"type": "Polygon", "coordinates": [[[35.6261783, 33.1853391], [35.6260169, 33.1852654], [35.6260935, 33.185148], [35.6263403, 33.1852606], [35.6263004, 33.1853218], [35.626215, 33.1852828], [35.6261783, 33.1853391]]]}}, {"type": "Feature", "properties": {"height": 3.0, "num_floors": null, "subtype": null, "class": null, "roof_height": null, "height_source": "floored"}, "geometry": {"type": "Polygon", "coordinates": [[[35.6261567, 33.1856025], [35.6259574, 33.1855188], [35.6260283, 33.1854005], [35.6260757, 33.1854205], [35.6260959, 33.1853868], [35.6262235, 33.1854404], [35.6261938, 33.1854898], [35.6262182, 33.1855], [35.6261567, 33.1856025]]]}}, {"type": "Feature", "properties": {"height": 3.0, "num_floors": null, "subtype": null, "class": null, "roof_height": null, "height_source": "floored"}, "geometry": {"type": "Polygon", "coordinates": [[[35.6260582, 33.1849832], [35.6260945, 33.1849951], [35.6260795, 33.1850271], [35.6260432, 33.1850152], [35.6260582, 33.1849832]]]}}, {"type": "Feature", "properties": {"height": 3.0, "num_floors": null, "subtype": null, "class": null, "roof_height": null, "height_source": "floored"}, "geometry": {"type": "Polygon", "coordinates": [[[35.6262623, 33.1850485], [35.6261793, 33.1850352], [35.6261927, 33.1849767], [35.6264334, 33.1850152], [35.626402, 33.1851525], [35.626347, 33.1851436], [35.626355, 33.1851302], [35.6262476, 33.1851131], [35.6262623, 33.1850485]]]}}, {"type": "Feature", "properties": {"height": 3.0, "num_floors": null, "subtype": null, "class": null, "roof_height": null, "height_source": "floored"}, "geometry": {"type": "Polygon", "coordinates": [[[35.6263694, 33.1849297], [35.6261689, 33.1848931], [35.6262041, 33.1847581], [35.6263602, 33.1847866], [35.6263459, 33.1848415], [35.6263904, 33.1848496], [35.6263694, 33.1849297]]]}}, {"type": "Feature", "properties": {"height": 3.0, "num_floors": null, "subtype": null, "class": null, "roof_height": null, "height_source": "floored"}, "geometry": {"type": "Polygon", "coordinates": [[[35.6261357, 33.1845179], [35.6261384, 33.1843765], [35.6262108, 33.1843774], [35.6262081, 33.1845188], [35.6261357, 33.1845179]]]}}, {"type": "Feature", "properties": {"height": 3.0, "num_floors": null, "subtype": null, "class": null, "roof_height": null, "height_source": "floored"}, "geometry": {"type": "Polygon", "coordinates": [[[35.6262944, 33.1844616], [35.6262402, 33.1844575], [35.6262489, 33.1843772], [35.6264504, 33.1843925], [35.6264417, 33.1844733], [35.626405, 33.1844705], [35.6263988, 33.1845283], [35.626288, 33.1845198], [35.6262944, 33.1844616]]]}}, {"type": "Feature", "properties": {"height": 3.0, "num_floors": null, "subtype": null, "class": null, "roof_height": null, "height_source": "floored"}, "geometry": {"type": "Polygon", "coordinates": [[[35.6264913, 33.1840827], [35.6262381, 33.1840844], [35.626237, 33.1839613], [35.6264902, 33.1839598], [35.6264913, 33.1840827]]]}}, {"type": "Feature", "properties": {"height": 3.0, "num_floors": null, "subtype": null, "class": null, "roof_height": null, "height_source": "floored"}, "geometry": {"type": "Polygon", "coordinates": [[[35.6241982, 33.184059], [35.6240276, 33.1841391], [35.6233965, 33.1831982], [35.6235673, 33.183118], [35.6241982, 33.184059]]]}}, {"type": "Feature", "properties": {"height": 3.0, "num_floors": null, "subtype": null, "class": null, "roof_height": null, "height_source": "floored"}, "geometry": {"type": "Polygon", "coordinates": [[[35.6239351, 33.1845606], [35.6239259, 33.1845349], [35.6239841, 33.1845203], [35.6239933, 33.1845461], [35.6239351, 33.1845606]]]}}, {"type": "Feature", "properties": {"height": 3.1, "num_floors": null, "subtype": null, "class": null, "roof_height": null, "height_source": "ndsm"}, "geometry": {"type": "Polygon", "coordinates": [[[35.6243664, 33.1858429], [35.6242427, 33.1858986], [35.6237479, 33.1851299], [35.6238717, 33.1850741], [35.6243664, 33.1858429]]]}}, {"type": "Feature", "properties": {"height": 3.1, "num_floors": null, "subtype": null, "class": null, "roof_height": null, "height_source": "ndsm"}, "geometry": {"type": "Polygon", "coordinates": [[[35.6241118, 33.1859537], [35.6239882, 33.1860094], [35.6234933, 33.1852407], [35.6236171, 33.1851849], [35.6241118, 33.1859537]]]}}, {"type": "Feature", "properties": {"height": 3.7, "num_floors": null, "subtype": "residential", "class": "house", "roof_height": null, "height_source": "ndsm"}, "geometry": {"type": "Polygon", "coordinates": [[[35.6243952, 33.1865566], [35.6243054, 33.1865611], [35.6243054, 33.1864421], [35.6243939, 33.186432], [35.6243952, 33.1865566]]]}}, {"type": "Feature", "properties": {"height": 3.2, "num_floors": null, "subtype": "residential", "class": "house", "roof_height": null, "height_source": "ndsm"}, "geometry": {"type": "Polygon", "coordinates": [[[35.6245817, 33.1866834], [35.624473, 33.1866935], [35.6244744, 33.1865061], [35.6245401, 33.1865027], [35.6245696, 33.1865824], [35.6245817, 33.1866834]]]}}, {"type": "Feature", "properties": {"height": 3.7, "num_floors": null, "subtype": "residential", "class": "house", "roof_height": null, "height_source": "ndsm"}, "geometry": {"type": "Polygon", "coordinates": [[[35.6245294, 33.1869124], [35.6244382, 33.1869191], [35.6244301, 33.1867889], [35.6245374, 33.1867956], [35.6245294, 33.1869124]]]}}, {"type": "Feature", "properties": {"height": 3.7, "num_floors": null, "subtype": "residential", "class": "house", "roof_height": null, "height_source": "ndsm"}, "geometry": {"type": "Polygon", "coordinates": [[[35.6241056, 33.1870246], [35.6239849, 33.1870257], [35.6239889, 33.1868764], [35.6241109, 33.1868753], [35.624119, 33.1869303], [35.6241056, 33.1870246]]]}}, {"type": "Feature", "properties": {"height": 3.7, "num_floors": null, "subtype": "residential", "class": "house", "roof_height": null, "height_source": "ndsm"}, "geometry": {"type": "Polygon", "coordinates": [[[35.6242759, 33.1867709], [35.6240573, 33.1867732], [35.6240479, 33.1866654], [35.6242652, 33.1866542], [35.6242759, 33.1867709]]]}}, {"type": "Feature", "properties": {"height": 3.7, "num_floors": null, "subtype": "residential", "class": "house", "roof_height": null, "height_source": "ndsm"}, "geometry": {"type": "Polygon", "coordinates": [[[35.623954, 33.186753], [35.6237676, 33.186762], [35.6237636, 33.1866082], [35.6239634, 33.1866037], [35.623954, 33.186753]]]}}, {"type": "Feature", "properties": {"height": 3.0, "num_floors": null, "subtype": "residential", "class": "house", "roof_height": null, "height_source": "floored"}, "geometry": {"type": "Polygon", "coordinates": [[[35.6238692, 33.1884909], [35.6237542, 33.1884154], [35.6239011, 33.1882792], [35.6240002, 33.1883458], [35.6238692, 33.1884909]]]}}, {"type": "Feature", "properties": {"height": 3.0, "num_floors": null, "subtype": null, "class": null, "roof_height": null, "height_source": "floored"}, "geometry": {"type": "Polygon", "coordinates": [[[35.6237723, 33.188554], [35.6238248, 33.1885709], [35.6238086, 33.1886061], [35.6238577, 33.1886219], [35.623837, 33.1886669], [35.6237354, 33.1886342], [35.6237723, 33.188554]]]}}, {"type": "Feature", "properties": {"height": 3.3, "num_floors": null, "subtype": null, "class": null, "roof_height": null, "height_source": "ndsm"}, "geometry": {"type": "Polygon", "coordinates": [[[35.6241549, 33.1884396], [35.6242403, 33.1884799], [35.6242064, 33.1885302], [35.624121, 33.1884898], [35.6241549, 33.1884396]]]}}, {"type": "Feature", "properties": {"height": 3.3, "num_floors": null, "subtype": "residential", "class": "house", "roof_height": null, "height_source": "ndsm"}, "geometry": {"type": "Polygon", "coordinates": [[[35.6243222, 33.1883976], [35.6241789, 33.1883576], [35.6242125, 33.1882688], [35.6243506, 33.1882999], [35.6243718, 33.188291], [35.6244019, 33.1883132], [35.624416, 33.1883251], [35.6244001, 33.1884391], [35.6243293, 33.1884213], [35.6243222, 33.1883976]]]}}, {"type": "Feature", "properties": {"height": 5.0, "num_floors": null, "subtype": "residential", "class": "house", "roof_height": null, "height_source": "ndsm"}, "geometry": {"type": "Polygon", "coordinates": [[[35.6243552, 33.1887013], [35.6243127, 33.1887428], [35.6242631, 33.188725], [35.6243675, 33.1885843], [35.6244224, 33.1885962], [35.6243976, 33.1886391], [35.6245162, 33.1886969], [35.624479, 33.188765], [35.6243552, 33.1887013]]]}}, {"type": "Feature", "properties": {"height": 5.0, "num_floors": null, "subtype": "residential", "class": "house", "roof_height": null, "height_source": "ndsm"}, "geometry": {"type": "Polygon", "coordinates": [[[35.6245516, 33.1885428], [35.6244826, 33.1884125], [35.6245746, 33.1883903], [35.6246365, 33.1885088], [35.6245516, 33.1885428]]]}}, {"type": "Feature", "properties": {"height": 3.0, "num_floors": null, "subtype": "residential", "class": "house", "roof_height": null, "height_source": "floored"}, "geometry": {"type": "Polygon", "coordinates": [[[35.6245898, 33.1875145], [35.6243739, 33.1875234], [35.624381, 33.1874256], [35.6245934, 33.1874286], [35.6245898, 33.1875145]]]}}, {"type": "Feature", "properties": {"height": 3.0, "num_floors": null, "subtype": "residential", "class": "house", "roof_height": null, "height_source": "floored"}, "geometry": {"type": "Polygon", "coordinates": [[[35.6247243, 33.1873368], [35.6244801, 33.1873486], [35.6245014, 33.1872657], [35.6247102, 33.1872449], [35.6247243, 33.1873368]]]}}, {"type": "Feature", "properties": {"height": 5.0, "num_floors": null, "subtype": "residential", "class": "house", "roof_height": null, "height_source": "ndsm"}, "geometry": {"type": "Polygon", "coordinates": [[[35.6247988, 33.1878695], [35.6246513, 33.1878628], [35.6246835, 33.1877865], [35.6248067, 33.1877556], [35.6248434, 33.1877507], [35.62489, 33.1878493], [35.6247988, 33.1878695]]]}}, {"type": "Feature", "properties": {"height": 3.0, "num_floors": null, "subtype": "residential", "class": "house", "roof_height": null, "height_source": "floored"}, "geometry": {"type": "Polygon", "coordinates": [[[35.6248418, 33.1877169], [35.6245655, 33.1876922], [35.6245601, 33.1876091], [35.6248471, 33.1876047], [35.6248418, 33.1877169]]]}}, {"type": "Feature", "properties": {"height": 5.0, "num_floors": null, "subtype": "residential", "class": "house", "roof_height": null, "height_source": "ndsm"}, "geometry": {"type": "Polygon", "coordinates": [[[35.6249232, 33.1882807], [35.6247144, 33.1882748], [35.6247126, 33.1881578], [35.6248329, 33.1881593], [35.6248312, 33.18814], [35.6248701, 33.1881371], [35.6248754, 33.1881697], [35.6249197, 33.1881667], [35.6249232, 33.1882807]]]}}, {"type": "Feature", "properties": {"height": 5.0, "num_floors": null, "subtype": "residential", "class": "house", "roof_height": null, "height_source": "ndsm"}, "geometry": {"type": "Polygon", "coordinates": [[[35.6246825, 33.1887309], [35.6246684, 33.1886983], [35.6246312, 33.188725], [35.6245887, 33.1886717], [35.6246418, 33.1886584], [35.6245905, 33.1885932], [35.6247073, 33.1885591], [35.6248029, 33.1886865], [35.6246825, 33.1887309]]]}}, {"type": "Feature", "properties": {"height": 5.0, "num_floors": null, "subtype": "residential", "class": "house", "roof_height": null, "height_source": "ndsm"}, "geometry": {"type": "Polygon", "coordinates": [[[35.6247268, 33.1889545], [35.624564, 33.1888983], [35.6246312, 33.1887724], [35.6247993, 33.1888257], [35.6247268, 33.1889545]]]}}, {"type": "Feature", "properties": {"height": 5.0, "num_floors": null, "subtype": "residential", "class": "house", "roof_height": null, "height_source": "ndsm"}, "geometry": {"type": "Polygon", "coordinates": [[[35.6248276, 33.1886569], [35.6247339, 33.1885117], [35.6248082, 33.1884644], [35.6249285, 33.1885947], [35.6248276, 33.1886569]]]}}, {"type": "Feature", "properties": {"height": 5.0, "num_floors": null, "subtype": "residential", "class": "house", "roof_height": null, "height_source": "ndsm"}, "geometry": {"type": "Polygon", "coordinates": [[[35.6249834, 33.1887768], [35.624909, 33.1887472], [35.6249303, 33.188725], [35.6248967, 33.1887132], [35.6249409, 33.1886391], [35.6251763, 33.1887368], [35.6251409, 33.1888035], [35.6250966, 33.1887902], [35.6250754, 33.1888109], [35.6250311, 33.1887916], [35.6250488, 33.1887694], [35.6249975, 33.1887517], [35.6249834, 33.1887768]]]}}, {"type": "Feature", "properties": {"height": 5.0, "num_floors": null, "subtype": "residential", "class": "house", "roof_height": null, "height_source": "ndsm"}, "geometry": {"type": "Polygon", "coordinates": [[[35.6250683, 33.1881386], [35.6249586, 33.188143], [35.6249657, 33.1880793], [35.6250648, 33.1880808], [35.6250683, 33.1881386]]]}}, {"type": "Feature", "properties": {"height": 5.0, "num_floors": null, "subtype": "residential", "class": "house", "roof_height": null, "height_source": "ndsm"}, "geometry": {"type": "Polygon", "coordinates": [[[35.6253037, 33.1880856], [35.6252051, 33.1880856], [35.6252128, 33.1879722], [35.6252559, 33.1879773], [35.6252482, 33.1880057], [35.6253129, 33.188007], [35.6253037, 33.1880856]]]}}, {"type": "Feature", "properties": {"height": 5.0, "num_floors": null, "subtype": "residential", "class": "house", "roof_height": null, "height_source": "ndsm"}, "geometry": {"type": "Polygon", "coordinates": [[[35.6252694, 33.1886168], [35.6251876, 33.1885776], [35.6251943, 33.1885517], [35.6252238, 33.1885551], [35.6252533, 33.1884855], [35.6253754, 33.1885282], [35.6254156, 33.1884664], [35.6254612, 33.188481], [35.6254223, 33.188545], [35.6255229, 33.1885865], [35.6254652, 33.1886651], [35.6254398, 33.1886483], [35.6253405, 33.1886595], [35.6253137, 33.1886337], [35.6252694, 33.1886168]]]}}, {"type": "Feature", "properties": {"height": 4.2, "num_floors": null, "subtype": null, "class": null, "roof_height": null, "height_source": "ndsm"}, "geometry": {"type": "Polygon", "coordinates": [[[35.6253737, 33.1887196], [35.6253219, 33.1886982], [35.6253448, 33.1886593], [35.6253966, 33.1886807], [35.6253737, 33.1887196]]]}}, {"type": "Feature", "properties": {"height": 4.0, "num_floors": null, "subtype": "residential", "class": "house", "roof_height": null, "height_source": "ndsm"}, "geometry": {"type": "Polygon", "coordinates": [[[35.6255702, 33.1878406], [35.6253344, 33.1878489], [35.6253345, 33.1877519], [35.625434, 33.1877544], [35.625434, 33.1877357], [35.6254898, 33.1877309], [35.6254872, 33.1877125], [35.6255619, 33.1877126], [35.6255702, 33.1878406]]]}}, {"type": "Feature", "properties": {"height": 3.0, "num_floors": null, "subtype": null, "class": null, "roof_height": null, "height_source": "floored"}, "geometry": {"type": "Polygon", "coordinates": [[[35.6251665, 33.1876827], [35.6251697, 33.1877602], [35.6251013, 33.1877621], [35.6250982, 33.1876847], [35.6251665, 33.1876827]]]}}, {"type": "Feature", "properties": {"height": 5.0, "num_floors": null, "subtype": null, "class": null, "roof_height": null, "height_source": "ndsm"}, "geometry": {"type": "Polygon", "coordinates": [[[35.6250724, 33.1877699], [35.6251607, 33.1877666], [35.6251634, 33.1878171], [35.6250751, 33.1878204], [35.6250724, 33.1877699]]]}}, {"type": "Feature", "properties": {"height": 5.0, "num_floors": null, "subtype": null, "class": null, "roof_height": null, "height_source": "ndsm"}, "geometry": {"type": "Polygon", "coordinates": [[[35.6252736, 33.1878039], [35.6252307, 33.1878046], [35.6252292, 33.1877363], [35.6252721, 33.1877356], [35.6252736, 33.1878039]]]}}, {"type": "Feature", "properties": {"height": 3.0, "num_floors": null, "subtype": "residential", "class": "house", "roof_height": null, "height_source": "floored"}, "geometry": {"type": "Polygon", "coordinates": [[[35.6252669, 33.1877313], [35.6251757, 33.1877291], [35.6251766, 33.1876624], [35.6252775, 33.1876609], [35.6252669, 33.1877313]]]}}, {"type": "Feature", "properties": {"height": 3.0, "num_floors": null, "subtype": "residential", "class": "house", "roof_height": null, "height_source": "floored"}, "geometry": {"type": "Polygon", "coordinates": [[[35.6249917, 33.1874336], [35.6249837, 33.1874232], [35.6249687, 33.1873981], [35.6249528, 33.1873729], [35.6251881, 33.1873692], [35.6251863, 33.1874336], [35.6249917, 33.1874336]]]}}, {"type": "Feature", "properties": {"height": 3.0, "num_floors": null, "subtype": "residential", "class": "house", "roof_height": null, "height_source": "floored"}, "geometry": {"type": "Polygon", "coordinates": [[[35.6254031, 33.1875425], [35.6252129, 33.1875469], [35.6252147, 33.1874706], [35.625412, 33.1874714], [35.6254031, 33.1875425]]]}}, {"type": "Feature", "properties": {"height": 3.0, "num_floors": null, "subtype": null, "class": null, "roof_height": null, "height_source": "floored"}, "geometry": {"type": "Polygon", "coordinates": [[[35.6253687, 33.187412], [35.6253719, 33.1873583], [35.6254174, 33.1873602], [35.6254142, 33.1874139], [35.6253687, 33.187412]]]}}, {"type": "Feature", "properties": {"height": 3.0, "num_floors": null, "subtype": null, "class": null, "roof_height": null, "height_source": "floored"}, "geometry": {"type": "Polygon", "coordinates": [[[35.6255501, 33.1867073], [35.6254335, 33.1867536], [35.6253367, 33.186583], [35.6254532, 33.1865367], [35.6255501, 33.1867073]]]}}, {"type": "Feature", "properties": {"height": 3.0, "num_floors": null, "subtype": "residential", "class": "house", "roof_height": null, "height_source": "floored"}, "geometry": {"type": "Polygon", "coordinates": [[[35.6251111, 33.187207], [35.624897, 33.1872218], [35.6248935, 33.1871352], [35.624982, 33.18713], [35.6249873, 33.1871174], [35.6250589, 33.1871145], [35.6250651, 33.1871278], [35.6251076, 33.1871285], [35.6251111, 33.187207]]]}}, {"type": "Feature", "properties": {"height": 3.0, "num_floors": null, "subtype": "residential", "class": "house", "roof_height": null, "height_source": "floored"}, "geometry": {"type": "Polygon", "coordinates": [[[35.6250309, 33.1868271], [35.624752, 33.1868136], [35.6247587, 33.1867249], [35.6250242, 33.1867148], [35.6250309, 33.1868271]]]}}, {"type": "Feature", "properties": {"height": 3.0, "num_floors": null, "subtype": null, "class": null, "roof_height": null, "height_source": "floored"}, "geometry": {"type": "Polygon", "coordinates": [[[35.6248835, 33.1871448], [35.6248871, 33.1872311], [35.6248535, 33.187232], [35.6248499, 33.1871458], [35.6248835, 33.1871448]]]}}, {"type": "Feature", "properties": {"height": 3.0, "num_floors": null, "subtype": "residential", "class": "house", "roof_height": null, "height_source": "floored"}, "geometry": {"type": "Polygon", "coordinates": [[[35.6249446, 33.1870671], [35.6246719, 33.1870555], [35.6246788, 33.1869755], [35.624953, 33.1869652], [35.6249446, 33.1870671]]]}}, {"type": "Feature", "properties": {"height": 3.0, "num_floors": null, "subtype": null, "class": null, "roof_height": null, "height_source": "floored"}, "geometry": {"type": "Polygon", "coordinates": [[[35.6251364, 33.1862434], [35.6251495, 33.1862805], [35.6251224, 33.1862873], [35.6251093, 33.1862502], [35.6251364, 33.1862434]]]}}, {"type": "Feature", "properties": {"height": 3.0, "num_floors": null, "subtype": null, "class": null, "roof_height": null, "height_source": "floored"}, "geometry": {"type": "Polygon", "coordinates": [[[35.6253027, 33.1862332], [35.6251707, 33.1862924], [35.6250846, 33.1861579], [35.6252166, 33.1860987], [35.6253027, 33.1862332]]]}}, {"type": "Feature", "properties": {"height": 3.0, "num_floors": null, "subtype": null, "class": null, "roof_height": null, "height_source": "floored"}, "geometry": {"type": "Polygon", "coordinates": [[[35.6251611, 33.1863274], [35.6252114, 33.1863064], [35.6252398, 33.1863541], [35.6251895, 33.1863751], [35.6251611, 33.1863274]]]}}, {"type": "Feature", "properties": {"height": 3.0, "num_floors": null, "subtype": null, "class": null, "roof_height": null, "height_source": "floored"}, "geometry": {"type": "Polygon", "coordinates": [[[35.6255958, 33.1861637], [35.6254244, 33.1862468], [35.6253631, 33.1861582], [35.6255344, 33.186075], [35.6255958, 33.1861637]]]}}, {"type": "Feature", "properties": {"height": 3.0, "num_floors": null, "subtype": null, "class": null, "roof_height": null, "height_source": "floored"}, "geometry": {"type": "Polygon", "coordinates": [[[35.6256823, 33.1859365], [35.6255651, 33.1859341], [35.6255683, 33.185825], [35.6256515, 33.1858267], [35.62565, 33.1858777], [35.625684, 33.1858784], [35.6256823, 33.1859365]]]}}, {"type": "Feature", "properties": {"height": 3.0, "num_floors": null, "subtype": "religious", "class": null, "roof_height": null, "height_source": "floored"}, "geometry": {"type": "Polygon", "coordinates": [[[35.6259403, 33.185801], [35.6258395, 33.1858908], [35.625755, 33.1858244], [35.6258252, 33.1857618], [35.6257878, 33.1857325], [35.6258377, 33.1856879], [35.6259336, 33.1857632], [35.6259142, 33.1857805], [35.6259403, 33.185801]]]}}, {"type": "Feature", "properties": {"height": 3.0, "num_floors": null, "subtype": null, "class": null, "roof_height": null, "height_source": "floored"}, "geometry": {"type": "Polygon", "coordinates": [[[35.6255732, 33.1865701], [35.6255205, 33.1864921], [35.6256225, 33.1864439], [35.6256644, 33.186506], [35.6256883, 33.1864947], [35.6257425, 33.1865748], [35.6256394, 33.1866237], [35.6255959, 33.1865594], [35.6255732, 33.1865701]]]}}, {"type": "Feature", "properties": {"height": 3.0, "num_floors": null, "subtype": null, "class": null, "roof_height": null, "height_source": "floored"}, "geometry": {"type": "Polygon", "coordinates": [[[35.6257915, 33.1870435], [35.6256688, 33.1871045], [35.6255425, 33.1869265], [35.6256651, 33.1868655], [35.6257915, 33.1870435]]]}}, {"type": "Feature", "properties": {"height": 3.0, "num_floors": null, "subtype": null, "class": null, "roof_height": null, "height_source": "floored"}, "geometry": {"type": "Polygon", "coordinates": [[[35.6259868, 33.1869321], [35.6258722, 33.1870012], [35.6257135, 33.186817], [35.6257483, 33.186796], [35.6257331, 33.1867784], [35.6258129, 33.1867302], [35.6259868, 33.1869321]]]}}, {"type": "Feature", "properties": {"height": 3.0, "num_floors": null, "subtype": null, "class": null, "roof_height": null, "height_source": "floored"}, "geometry": {"type": "Polygon", "coordinates": [[[35.6259024, 33.1864755], [35.6257506, 33.1865229], [35.6256832, 33.1863716], [35.6258051, 33.1863335], [35.6258463, 33.186426], [35.6258762, 33.1864167], [35.6259024, 33.1864755]]]}}, {"type": "Feature", "properties": {"height": 3.0, "num_floors": null, "subtype": null, "class": null, "roof_height": null, "height_source": "floored"}, "geometry": {"type": "Polygon", "coordinates": [[[35.6260367, 33.1864277], [35.6260695, 33.1864575], [35.6260245, 33.1864922], [35.6259916, 33.1864623], [35.6260367, 33.1864277]]]}}, {"type": "Feature", "properties": {"height": 3.0, "num_floors": null, "subtype": null, "class": null, "roof_height": null, "height_source": "floored"}, "geometry": {"type": "Polygon", "coordinates": [[[35.6259329, 33.1866008], [35.6259723, 33.1865745], [35.6260115, 33.1866158], [35.6259721, 33.186642], [35.6259329, 33.1866008]]]}}, {"type": "Feature", "properties": {"height": 3.0, "num_floors": null, "subtype": null, "class": null, "roof_height": null, "height_source": "floored"}, "geometry": {"type": "Polygon", "coordinates": [[[35.6261571, 33.18685], [35.6260759, 33.1869059], [35.6259138, 33.1867409], [35.6260214, 33.1866669], [35.626095, 33.1867418], [35.626107, 33.1867336], [35.6261499, 33.1867773], [35.6261116, 33.1868037], [35.6261571, 33.18685]]]}}, {"type": "Feature", "properties": {"height": 3.0, "num_floors": null, "subtype": null, "class": null, "roof_height": null, "height_source": "floored"}, "geometry": {"type": "Polygon", "coordinates": [[[35.626148, 33.1867859], [35.626212, 33.1867666], [35.6262378, 33.1868262], [35.6261737, 33.1868455], [35.626148, 33.1867859]]]}}, {"type": "Feature", "properties": {"height": 3.0, "num_floors": null, "subtype": null, "class": null, "roof_height": null, "height_source": "floored"}, "geometry": {"type": "Polygon", "coordinates": [[[35.6262271, 33.1866332], [35.6261657, 33.1866769], [35.6261073, 33.1866196], [35.6261328, 33.1866014], [35.6260812, 33.1865508], [35.6261553, 33.186498], [35.6262333, 33.1865745], [35.6262051, 33.1865946], [35.6262271, 33.1866332]]]}}, {"type": "Feature", "properties": {"height": 3.0, "num_floors": null, "subtype": null, "class": null, "roof_height": null, "height_source": "floored"}, "geometry": {"type": "Polygon", "coordinates": [[[35.6263285, 33.1865277], [35.6262593, 33.1865126], [35.6262926, 33.1864054], [35.6263618, 33.1864205], [35.6263285, 33.1865277]]]}}, {"type": "Feature", "properties": {"height": 3.0, "num_floors": null, "subtype": null, "class": null, "roof_height": null, "height_source": "floored"}, "geometry": {"type": "Polygon", "coordinates": [[[35.6264413, 33.1860733], [35.6263568, 33.1861493], [35.6261411, 33.1859812], [35.6262111, 33.1859183], [35.6263029, 33.1859899], [35.6263175, 33.1859768], [35.6264413, 33.1860733]]]}}, {"type": "Feature", "properties": {"height": 3.0, "num_floors": null, "subtype": null, "class": null, "roof_height": null, "height_source": "floored"}, "geometry": {"type": "Polygon", "coordinates": [[[35.626077, 33.1864406], [35.6259181, 33.1863462], [35.6260081, 33.1862401], [35.6261747, 33.1863391], [35.6261317, 33.1863898], [35.6261064, 33.1863748], [35.6260848, 33.1864003], [35.6261024, 33.1864107], [35.626077, 33.1864406]]]}}, {"type": "Feature", "properties": {"height": 3.0, "num_floors": null, "subtype": null, "class": null, "roof_height": null, "height_source": "floored"}, "geometry": {"type": "Polygon", "coordinates": [[[35.626149, 33.186147], [35.6260339, 33.1861787], [35.6260027, 33.1860993], [35.6260424, 33.1860884], [35.6260333, 33.1860653], [35.6261086, 33.1860446], [35.626149, 33.186147]]]}}, {"type": "Feature", "properties": {"height": 3.0, "num_floors": null, "subtype": null, "class": null, "roof_height": null, "height_source": "floored"}, "geometry": {"type": "Polygon", "coordinates": [[[35.6261107, 33.1858797], [35.626173, 33.1859056], [35.6261378, 33.185965], [35.6260754, 33.1859391], [35.6261107, 33.1858797]]]}}, {"type": "Feature", "properties": {"height": 3.0, "num_floors": null, "subtype": null, "class": null, "roof_height": null, "height_source": "floored"}, "geometry": {"type": "Polygon", "coordinates": [[[35.626495, 33.1857791], [35.6263665, 33.1857296], [35.6264006, 33.1856676], [35.626666, 33.1857698], [35.6266194, 33.1858547], [35.6264825, 33.185802], [35.626495, 33.1857791]]]}}, {"type": "Feature", "properties": {"height": 3.0, "num_floors": null, "subtype": null, "class": null, "roof_height": null, "height_source": "floored"}, "geometry": {"type": "Polygon", "coordinates": [[[35.6264651, 33.1859771], [35.6265217, 33.1859947], [35.626499, 33.186046], [35.6264423, 33.1860285], [35.6264651, 33.1859771]]]}}, {"type": "Feature", "properties": {"height": 3.0, "num_floors": null, "subtype": null, "class": null, "roof_height": null, "height_source": "floored"}, "geometry": {"type": "Polygon", "coordinates": [[[35.6267905, 33.1863179], [35.6267359, 33.1863702], [35.6265617, 33.1862427], [35.6266143, 33.1861924], [35.6265861, 33.1861717], [35.6266357, 33.1861242], [35.6267876, 33.1862354], [35.6267401, 33.1862809], [35.6267905, 33.1863179]]]}}, {"type": "Feature", "properties": {"height": 3.0, "num_floors": null, "subtype": null, "class": null, "roof_height": null, "height_source": "floored"}, "geometry": {"type": "Polygon", "coordinates": [[[35.6267001, 33.1858348], [35.6266448, 33.185816], [35.6266901, 33.1857228], [35.6267454, 33.1857415], [35.6267001, 33.1858348]]]}}, {"type": "Feature", "properties": {"height": 3.0, "num_floors": null, "subtype": null, "class": null, "roof_height": null, "height_source": "floored"}, "geometry": {"type": "Polygon", "coordinates": [[[35.6265588, 33.1855722], [35.6264689, 33.1855325], [35.6265033, 33.1854779], [35.6267653, 33.1855937], [35.6266997, 33.1856977], [35.6265276, 33.1856217], [35.6265588, 33.1855722]]]}}, {"type": "Feature", "properties": {"height": 3.0, "num_floors": null, "subtype": null, "class": null, "roof_height": null, "height_source": "floored"}, "geometry": {"type": "Polygon", "coordinates": [[[35.6269757, 33.186], [35.6269617, 33.1860234], [35.6268856, 33.1859799], [35.6268696, 33.1859631], [35.6268596, 33.185948], [35.6268596, 33.1859229], [35.6268736, 33.1858911], [35.6269036, 33.1858877], [35.6269277, 33.185876], [35.6269657, 33.1858827], [35.6269938, 33.1858944], [35.6270018, 33.1859179], [35.6270739, 33.1859497], [35.6270198, 33.1860218], [35.6269757, 33.186]]]}}, {"type": "Feature", "properties": {"height": 3.0, "num_floors": null, "subtype": null, "class": null, "roof_height": null, "height_source": "floored"}, "geometry": {"type": "Polygon", "coordinates": [[[35.6269119, 33.1867008], [35.6268618, 33.1867077], [35.6268329, 33.1865602], [35.6269712, 33.1865412], [35.6270053, 33.1867149], [35.6269171, 33.186727], [35.6269119, 33.1867008]]]}}, {"type": "Feature", "properties": {"height": 3.0, "num_floors": null, "subtype": null, "class": null, "roof_height": null, "height_source": "floored"}, "geometry": {"type": "Polygon", "coordinates": [[[35.6271603, 33.1865928], [35.6270067, 33.1865044], [35.627091, 33.1864018], [35.6272446, 33.1864902], [35.6271603, 33.1865928]]]}}, {"type": "Feature", "properties": {"height": 3.0, "num_floors": null, "subtype": null, "class": null, "roof_height": null, "height_source": "floored"}, "geometry": {"type": "Polygon", "coordinates": [[[35.6270645, 33.1870394], [35.6269402, 33.1868973], [35.6270323, 33.1868409], [35.6270529, 33.1868645], [35.6271126, 33.1868279], [35.6272391, 33.1869725], [35.6271276, 33.1870409], [35.6271047, 33.1870148], [35.6270645, 33.1870394]]]}}, {"type": "Feature", "properties": {"height": 3.0, "num_floors": null, "subtype": null, "class": null, "roof_height": null, "height_source": "floored"}, "geometry": {"type": "Polygon", "coordinates": [[[35.6271235, 33.1872085], [35.627021, 33.18726], [35.6269384, 33.1871448], [35.6269891, 33.1871193], [35.626973, 33.1870969], [35.6270561, 33.1870551], [35.6271095, 33.1871296], [35.6270782, 33.1871454], [35.6271235, 33.1872085]]]}}, {"type": "Feature", "properties": {"height": 3.0, "num_floors": null, "subtype": null, "class": null, "roof_height": null, "height_source": "floored"}, "geometry": {"type": "Polygon", "coordinates": [[[35.6268386, 33.1869104], [35.6267098, 33.186916], [35.6267006, 33.1867645], [35.6268082, 33.1867599], [35.6268124, 33.1868287], [35.6268336, 33.1868278], [35.6268386, 33.1869104]]]}}, {"type": "Feature", "properties": {"height": 3.0, "num_floors": null, "subtype": null, "class": null, "roof_height": null, "height_source": "floored"}, "geometry": {"type": "Polygon", "coordinates": [[[35.6265801, 33.1863363], [35.6265518, 33.1864493], [35.6264634, 33.1864338], [35.6263826, 33.1863151], [35.6264965, 33.1862608], [35.6265435, 33.1863299], [35.6265801, 33.1863363]]]}}, {"type": "Feature", "properties": {"height": 3.0, "num_floors": null, "subtype": null, "class": null, "roof_height": null, "height_source": "floored"}, "geometry": {"type": "Polygon", "coordinates": [[[35.6263976, 33.1865676], [35.6263411, 33.186552], [35.6263653, 33.1864907], [35.6263941, 33.1864987], [35.626402, 33.1864785], [35.6264602, 33.1864946], [35.6264444, 33.1865348], [35.6264901, 33.1865474], [35.626448, 33.1866541], [35.6263717, 33.186633], [35.6263976, 33.1865676]]]}}, {"type": "Feature", "properties": {"height": 3.0, "num_floors": null, "subtype": null, "class": null, "roof_height": null, "height_source": "floored"}, "geometry": {"type": "Polygon", "coordinates": [[[35.6264963, 33.1868348], [35.6264522, 33.1867954], [35.6265007, 33.1867573], [35.6265449, 33.1867968], [35.6264963, 33.1868348]]]}}, {"type": "Feature", "properties": {"height": 3.0, "num_floors": null, "subtype": null, "class": null, "roof_height": null, "height_source": "floored"}, "geometry": {"type": "Polygon", "coordinates": [[[35.6264772, 33.186989], [35.626447, 33.1869828], [35.6264734, 33.1868916], [35.6266252, 33.1869223], [35.626592, 33.1870371], [35.6264704, 33.1870124], [35.6264772, 33.186989]]]}}, {"type": "Feature", "properties": {"height": 3.0, "num_floors": null, "subtype": null, "class": null, "roof_height": null, "height_source": "floored"}, "geometry": {"type": "Polygon", "coordinates": [[[35.6264368, 33.1880249], [35.6263476, 33.1880703], [35.6263073, 33.1880148], [35.6263965, 33.1879694], [35.6264368, 33.1880249]]]}}, {"type": "Feature", "properties": {"height": 3.0, "num_floors": null, "subtype": null, "class": null, "roof_height": null, "height_source": "floored"}, "geometry": {"type": "Polygon", "coordinates": [[[35.6266368, 33.1878143], [35.6266837, 33.1877741], [35.6267282, 33.1878106], [35.6266813, 33.1878507], [35.6266368, 33.1878143]]]}}, {"type": "Feature", "properties": {"height": 3.0, "num_floors": null, "subtype": null, "class": null, "roof_height": null, "height_source": "floored"}, "geometry": {"type": "Polygon", "coordinates": [[[35.626663, 33.1880515], [35.6265885, 33.1880957], [35.6264697, 33.1879556], [35.6265789, 33.1878908], [35.6266074, 33.1879244], [35.6266221, 33.1879157], [35.6266999, 33.1880075], [35.6266506, 33.1880368], [35.626663, 33.1880515]]]}}, {"type": "Feature", "properties": {"height": 3.0, "num_floors": null, "subtype": null, "class": null, "roof_height": null, "height_source": "floored"}, "geometry": {"type": "Polygon", "coordinates": [[[35.6267663, 33.1872353], [35.6267329, 33.1872568], [35.626645, 33.187161], [35.6267741, 33.1870781], [35.6269414, 33.1872606], [35.6267983, 33.1873526], [35.6267536, 33.187304], [35.6268013, 33.1872734], [35.6267663, 33.1872353]]]}}, {"type": "Feature", "properties": {"height": 3.0, "num_floors": null, "subtype": null, "class": null, "roof_height": null, "height_source": "floored"}, "geometry": {"type": "Polygon", "coordinates": [[[35.6272786, 33.1877529], [35.6272288, 33.1877961], [35.6271037, 33.1876952], [35.6271906, 33.1876197], [35.627299, 33.1877071], [35.6272619, 33.1877394], [35.6272786, 33.1877529]]]}}, {"type": "Feature", "properties": {"height": 3.0, "num_floors": null, "subtype": null, "class": null, "roof_height": null, "height_source": "floored"}, "geometry": {"type": "Polygon", "coordinates": [[[35.6270562, 33.187768], [35.6269646, 33.1878346], [35.6268429, 33.1877173], [35.6269344, 33.1876507], [35.6270562, 33.187768]]]}}, {"type": "Feature", "properties": {"height": 3.0, "num_floors": null, "subtype": null, "class": null, "roof_height": null, "height_source": "floored"}, "geometry": {"type": "Polygon", "coordinates": [[[35.626904, 33.1880167], [35.6268243, 33.1880549], [35.6267126, 33.1878917], [35.6268012, 33.1878492], [35.6268216, 33.1878791], [35.6268778, 33.1878522], [35.6269388, 33.1879414], [35.6268738, 33.1879726], [35.626904, 33.1880167]]]}}, {"type": "Feature", "properties": {"height": 3.0, "num_floors": null, "subtype": null, "class": null, "roof_height": null, "height_source": "floored"}, "geometry": {"type": "Polygon", "coordinates": [[[35.6272334, 33.1880843], [35.6271908, 33.1881624], [35.6271254, 33.1881374], [35.6270732, 33.1880338], [35.627161, 33.1880028], [35.6271945, 33.1880694], [35.6272334, 33.1880843]]]}}, {"type": "Feature", "properties": {"height": 3.0, "num_floors": null, "subtype": null, "class": null, "roof_height": null, "height_source": "floored"}, "geometry": {"type": "Polygon", "coordinates": [[[35.627123, 33.1882652], [35.6270821, 33.1883612], [35.6269993, 33.1883365], [35.6269257, 33.1882283], [35.6270315, 33.1881779], [35.6270827, 33.1882531], [35.627123, 33.1882652]]]}}, {"type": "Feature", "properties": {"height": 3.0, "num_floors": null, "subtype": null, "class": null, "roof_height": null, "height_source": "floored"}, "geometry": {"type": "Polygon", "coordinates": [[[35.6270083, 33.1885922], [35.6269892, 33.1885436], [35.6270472, 33.1885275], [35.6270664, 33.1885761], [35.6270083, 33.1885922]]]}}, {"type": "Feature", "properties": {"height": 3.0, "num_floors": null, "subtype": null, "class": null, "roof_height": null, "height_source": "floored"}, "geometry": {"type": "Polygon", "coordinates": [[[35.6272001, 33.1884346], [35.6272281, 33.1884713], [35.6271747, 33.1884998], [35.6271467, 33.1884631], [35.6272001, 33.1884346]]]}}, {"type": "Feature", "properties": {"height": 3.0, "num_floors": null, "subtype": null, "class": null, "roof_height": null, "height_source": "floored"}, "geometry": {"type": "Polygon", "coordinates": [[[35.627154, 33.1888475], [35.6271258, 33.1887926], [35.6271836, 33.1887718], [35.6272118, 33.1888268], [35.627154, 33.1888475]]]}}, {"type": "Feature", "properties": {"height": 3.0, "num_floors": null, "subtype": null, "class": null, "roof_height": null, "height_source": "floored"}, "geometry": {"type": "Polygon", "coordinates": [[[35.6271615, 33.1887313], [35.627049, 33.188776], [35.627009, 33.1887055], [35.6270264, 33.1886986], [35.6269988, 33.1886499], [35.6270938, 33.1886121], [35.6271615, 33.1887313]]]}}, {"type": "Feature", "properties": {"height": 3.0, "num_floors": null, "subtype": null, "class": null, "roof_height": null, "height_source": "floored"}, "geometry": {"type": "Polygon", "coordinates": [[[35.6267289, 33.1885185], [35.6266147, 33.1885672], [35.6265398, 33.1884442], [35.626654, 33.1883955], [35.6267289, 33.1885185]]]}}, {"type": "Feature", "properties": {"height": 3.0, "num_floors": null, "subtype": null, "class": null, "roof_height": null, "height_source": "floored"}, "geometry": {"type": "Polygon", "coordinates": [[[35.6268609, 33.188355], [35.6267525, 33.1883669], [35.6267293, 33.1882189], [35.6268378, 33.1882071], [35.6268609, 33.188355]]]}}, {"type": "Feature", "properties": {"height": 3.0, "num_floors": null, "subtype": null, "class": null, "roof_height": null, "height_source": "floored"}, "geometry": {"type": "Polygon", "coordinates": [[[35.6265505, 33.1881668], [35.6263878, 33.1882469], [35.6263405, 33.1881794], [35.6264192, 33.1881407], [35.626401, 33.1881147], [35.6264848, 33.1880735], [35.6265505, 33.1881668]]]}}, {"type": "Feature", "properties": {"height": 3.0, "num_floors": null, "subtype": "residential", "class": "house", "roof_height": null, "height_source": "floored"}, "geometry": {"type": "Polygon", "coordinates": [[[35.6259665, 33.1885637], [35.6260054, 33.1884817], [35.6261019, 33.1885177], [35.6260469, 33.1886276], [35.6259879, 33.1886086], [35.626004, 33.1885827], [35.6259665, 33.1885637]]]}}, {"type": "Feature", "properties": {"height": 3.0, "num_floors": null, "subtype": null, "class": null, "roof_height": null, "height_source": "floored"}, "geometry": {"type": "Polygon", "coordinates": [[[35.6259689, 33.1884128], [35.6261376, 33.1884618], [35.6261193, 33.1885059], [35.6259506, 33.1884569], [35.6259689, 33.1884128]]]}}, {"type": "Feature", "properties": {"height": 3.0, "num_floors": null, "subtype": null, "class": null, "roof_height": null, "height_source": "floored"}, "geometry": {"type": "Polygon", "coordinates": [[[35.625955, 33.1882739], [35.6260057, 33.1882714], [35.6260091, 33.1883184], [35.6259583, 33.1883209], [35.625955, 33.1882739]]]}}, {"type": "Feature", "properties": {"height": 3.0, "num_floors": null, "subtype": null, "class": null, "roof_height": null, "height_source": "floored"}, "geometry": {"type": "Polygon", "coordinates": [[[35.6262664, 33.1877676], [35.626203, 33.187666], [35.626318, 33.1876158], [35.6263813, 33.1877174], [35.6262664, 33.1877676]]]}}, {"type": "Feature", "properties": {"height": 4.2, "num_floors": null, "subtype": "residential", "class": "house", "roof_height": null, "height_source": "ndsm"}, "geometry": {"type": "Polygon", "coordinates": [[[35.6256857, 33.1881791], [35.6254362, 33.1882017], [35.6254377, 33.1880921], [35.6255533, 33.1880921], [35.6255548, 33.1880779], [35.6256873, 33.1880766], [35.6256857, 33.1881791]]]}}, {"type": "Feature", "properties": {"height": 3.0, "num_floors": null, "subtype": "residential", "class": "house", "roof_height": null, "height_source": "floored"}, "geometry": {"type": "Polygon", "coordinates": [[[35.6256105, 33.1883073], [35.6256105, 33.1882733], [35.6257397, 33.1882703], [35.6257414, 33.1883695], [35.6256158, 33.1883725], [35.6256122, 33.1883222], [35.6256105, 33.1883073]]]}}, {"type": "Feature", "properties": {"height": 3.0, "num_floors": null, "subtype": null, "class": null, "roof_height": null, "height_source": "floored"}, "geometry": {"type": "Polygon", "coordinates": [[[35.6259558, 33.1883196], [35.6258808, 33.1883182], [35.6258833, 33.1882307], [35.6259583, 33.1882322], [35.6259558, 33.1883196]]]}}, {"type": "Feature", "properties": {"height": 3.0, "num_floors": null, "subtype": null, "class": null, "roof_height": null, "height_source": "floored"}, "geometry": {"type": "Polygon", "coordinates": [[[35.6257785, 33.1882287], [35.6258723, 33.1882307], [35.6258688, 33.1883429], [35.6258099, 33.1883416], [35.6258112, 33.1882967], [35.6257764, 33.188296], [35.6257785, 33.1882287]]]}}, {"type": "Feature", "properties": {"height": 3.0, "num_floors": null, "subtype": "residential", "class": "house", "roof_height": null, "height_source": "floored"}, "geometry": {"type": "Polygon", "coordinates": [[[35.6258565, 33.1887758], [35.6257653, 33.1887646], [35.625823, 33.1886546], [35.6258525, 33.1886636], [35.625886, 33.18864], [35.6259101, 33.1886501], [35.6258927, 33.1886748], [35.6259209, 33.1886939], [35.6259249, 33.188704], [35.625941, 33.1887096], [35.6258994, 33.1887825], [35.6258739, 33.1887691], [35.6258565, 33.1887758]]]}}, {"type": "Feature", "properties": {"height": 3.0, "num_floors": null, "subtype": null, "class": null, "roof_height": null, "height_source": "floored"}, "geometry": {"type": "Polygon", "coordinates": [[[35.6257334, 33.1886053], [35.625815, 33.1886232], [35.6257815, 33.1887303], [35.6256999, 33.1887125], [35.6257334, 33.1886053]]]}}, {"type": "Feature", "properties": {"height": 4.2, "num_floors": null, "subtype": null, "class": null, "roof_height": null, "height_source": "ndsm"}, "geometry": {"type": "Polygon", "coordinates": [[[35.6255778, 33.1885776], [35.6255452, 33.1885462], [35.6255894, 33.188514], [35.625622, 33.1885454], [35.6255778, 33.1885776]]]}}, {"type": "Feature", "properties": {"height": 4.2, "num_floors": null, "subtype": null, "class": null, "roof_height": null, "height_source": "ndsm"}, "geometry": {"type": "Polygon", "coordinates": [[[35.6255967, 33.1887525], [35.6256386, 33.1887824], [35.625587, 33.1888331], [35.6255451, 33.1888031], [35.6255967, 33.1887525]]]}}, {"type": "Feature", "properties": {"height": 3.0, "num_floors": null, "subtype": null, "class": null, "roof_height": null, "height_source": "floored"}, "geometry": {"type": "Polygon", "coordinates": [[[35.6269727, 33.1891674], [35.6270052, 33.1891501], [35.6270404, 33.1891964], [35.627008, 33.1892137], [35.6269727, 33.1891674]]]}}, {"type": "Feature", "properties": {"height": 3.0, "num_floors": null, "subtype": null, "class": null, "roof_height": null, "height_source": "floored"}, "geometry": {"type": "Polygon", "coordinates": [[[35.6270625, 33.188865], [35.6270275, 33.1889604], [35.6268725, 33.1889206], [35.6269075, 33.1888251], [35.6270625, 33.188865]]]}}, {"type": "Feature", "properties": {"height": 3.0, "num_floors": null, "subtype": null, "class": null, "roof_height": null, "height_source": "floored"}, "geometry": {"type": "Polygon", "coordinates": [[[35.627111, 33.1889533], [35.6270953, 33.1889231], [35.6271472, 33.1889042], [35.6271629, 33.1889344], [35.627111, 33.1889533]]]}}, {"type": "Feature", "properties": {"height": 3.0, "num_floors": null, "subtype": null, "class": null, "roof_height": null, "height_source": "floored"}, "geometry": {"type": "Polygon", "coordinates": [[[35.62719, 33.1892298], [35.6271301, 33.1892592], [35.6270648, 33.1891661], [35.6271613, 33.1891187], [35.6272116, 33.1891905], [35.6271751, 33.1892084], [35.62719, 33.1892298]]]}}, {"type": "Feature", "properties": {"height": 4.2, "num_floors": null, "subtype": "residential", "class": "house", "roof_height": null, "height_source": "ndsm"}, "geometry": {"type": "Polygon", "coordinates": [[[35.6254835, 33.18904], [35.6253087, 33.1889226], [35.6254246, 33.1888222], [35.6255201, 33.188892], [35.6255303, 33.1888801], [35.6255994, 33.1889719], [35.6255303, 33.1890757], [35.6254835, 33.18904]]]}}, {"type": "Feature", "properties": {"height": 3.0, "num_floors": null, "subtype": null, "class": null, "roof_height": null, "height_source": "floored"}, "geometry": {"type": "Polygon", "coordinates": [[[35.6252552, 33.1891877], [35.6253019, 33.189216], [35.6252764, 33.1892454], [35.6252297, 33.1892171], [35.6252552, 33.1891877]]]}}, {"type": "Feature", "properties": {"height": 3.0, "num_floors": null, "subtype": "residential", "class": "house", "roof_height": null, "height_source": "floored"}, "geometry": {"type": "Polygon", "coordinates": [[[35.6253939, 33.189187], [35.6253497, 33.1892418], [35.625224, 33.1891634], [35.6251957, 33.1891737], [35.6251373, 33.1891352], [35.6251586, 33.1891026], [35.6252152, 33.1890493], [35.625247, 33.1890508], [35.6252753, 33.1890197], [35.6253656, 33.1890701], [35.625316, 33.1891115], [35.6253939, 33.189187]]]}}, {"type": "Feature", "properties": {"height": 3.0, "num_floors": null, "subtype": null, "class": null, "roof_height": null, "height_source": "floored"}, "geometry": {"type": "Polygon", "coordinates": [[[35.6248521, 33.1893307], [35.6248919, 33.1893503], [35.6248578, 33.1893986], [35.624818, 33.189379], [35.6248521, 33.1893307]]]}}, {"type": "Feature", "properties": {"height": 3.0, "num_floors": null, "subtype": "residential", "class": "house", "roof_height": null, "height_source": "floored"}, "geometry": {"type": "Polygon", "coordinates": [[[35.6251763, 33.189344], [35.6250559, 33.1894521], [35.6249515, 33.1893781], [35.6248347, 33.1893011], [35.624909, 33.1892241], [35.6249834, 33.1892626], [35.6250188, 33.1892389], [35.6251763, 33.189344]]]}}, {"type": "Feature", "properties": {"height": 3.0, "num_floors": null, "subtype": "residential", "class": "house", "roof_height": null, "height_source": "floored"}, "geometry": {"type": "Polygon", "coordinates": [[[35.6250418, 33.1890878], [35.6249922, 33.1891604], [35.6249002, 33.1891012], [35.624771, 33.189073], [35.6248719, 33.1889264], [35.6249887, 33.1889812], [35.6249621, 33.1890375], [35.6250418, 33.1890878]]]}}, {"type": "Feature", "properties": {"height": 3.0, "num_floors": null, "subtype": "residential", "class": "house", "roof_height": null, "height_source": "floored"}, "geometry": {"type": "Polygon", "coordinates": [[[35.6247976, 33.189464], [35.624725, 33.1895277], [35.6245321, 33.1893959], [35.6246224, 33.1893114], [35.6246719, 33.1893366], [35.6247533, 33.1893662], [35.6247462, 33.1894003], [35.6247569, 33.1894403], [35.6247976, 33.189464]]]}}, {"type": "Feature", "properties": {"height": 3.5, "num_floors": null, "subtype": null, "class": null, "roof_height": null, "height_source": "ndsm"}, "geometry": {"type": "Polygon", "coordinates": [[[35.624213, 33.1898362], [35.6242427, 33.1898068], [35.624325, 33.1898649], [35.6242953, 33.1898944], [35.624213, 33.1898362]]]}}, {"type": "Feature", "properties": {"height": 3.9, "num_floors": null, "subtype": "residential", "class": "house", "roof_height": null, "height_source": "ndsm"}, "geometry": {"type": "Polygon", "coordinates": [[[35.6245199, 33.189759], [35.6242958, 33.1896183], [35.6243798, 33.1895558], [35.6245806, 33.1896613], [35.6245199, 33.189759]]]}}, {"type": "Feature", "properties": {"height": 3.9, "num_floors": null, "subtype": "residential", "class": "house", "roof_height": null, "height_source": "ndsm"}, "geometry": {"type": "Polygon", "coordinates": [[[35.6245799, 33.1892952], [35.6243693, 33.1891559], [35.6245056, 33.1890449], [35.6246878, 33.1891826], [35.6245799, 33.1892952]]]}}, {"type": "Feature", "properties": {"height": 4.4, "num_floors": null, "subtype": "residential", "class": "house", "roof_height": null, "height_source": "ndsm"}, "geometry": {"type": "Polygon", "coordinates": [[[35.6242915, 33.1892167], [35.6240826, 33.1890789], [35.6241747, 33.1890005], [35.6243375, 33.1890715], [35.6244259, 33.1890597], [35.6242915, 33.1892167]]]}}, {"type": "Feature", "properties": {"height": 4.4, "num_floors": null, "subtype": null, "class": null, "roof_height": null, "height_source": "ndsm"}, "geometry": {"type": "Polygon", "coordinates": [[[35.624141, 33.1896948], [35.6240626, 33.1896344], [35.6241027, 33.1895979], [35.6241811, 33.1896583], [35.624141, 33.1896948]]]}}, {"type": "Feature", "properties": {"height": 4.4, "num_floors": null, "subtype": "residential", "class": "house", "roof_height": null, "height_source": "ndsm"}, "geometry": {"type": "Polygon", "coordinates": [[[35.6240389, 33.1894229], [35.6238708, 33.1893252], [35.6239362, 33.1892471], [35.6241019, 33.1893545], [35.6240389, 33.1894229]]]}}, {"type": "Feature", "properties": {"height": 4.4, "num_floors": null, "subtype": "residential", "class": "house", "roof_height": null, "height_source": "ndsm"}, "geometry": {"type": "Polygon", "coordinates": [[[35.6238307, 33.1898049], [35.623721, 33.1898049], [35.6237192, 33.1897101], [35.6238307, 33.189716], [35.6238307, 33.1898049]]]}}, {"type": "Feature", "properties": {"height": 3.5, "num_floors": null, "subtype": "residential", "class": "house", "roof_height": null, "height_source": "ndsm"}, "geometry": {"type": "Polygon", "coordinates": [[[35.6242304, 33.1899584], [35.6240763, 33.1898509], [35.6241463, 33.1897844], [35.6242887, 33.1898958], [35.6242304, 33.1899584]]]}}, {"type": "Feature", "properties": {"height": 3.8, "num_floors": null, "subtype": "residential", "class": "house", "roof_height": null, "height_source": "ndsm"}, "geometry": {"type": "Polygon", "coordinates": [[[35.6228468, 33.18991], [35.6227106, 33.1899159], [35.6227035, 33.18983], [35.6227725, 33.1898271], [35.6227955, 33.1898241], [35.6227902, 33.189796], [35.6228539, 33.1897945], [35.6228574, 33.1898286], [35.6228751, 33.1898345], [35.6228751, 33.1898745], [35.6228468, 33.189876], [35.6228468, 33.18991]]]}}, {"type": "Feature", "properties": {"height": 3.8, "num_floors": null, "subtype": "residential", "class": "house", "roof_height": null, "height_source": "ndsm"}, "geometry": {"type": "Polygon", "coordinates": [[[35.6227108, 33.1899662], [35.6226267, 33.1899721], [35.6226279, 33.1899174], [35.6227061, 33.1899213], [35.6227108, 33.1899662]]]}}, {"type": "Feature", "properties": {"height": 3.8, "num_floors": null, "subtype": "residential", "class": "house", "roof_height": null, "height_source": "ndsm"}, "geometry": {"type": "Polygon", "coordinates": [[[35.6222191, 33.1898459], [35.6219803, 33.1897351], [35.6220404, 33.1896771], [35.6222483, 33.1897325], [35.6222191, 33.1898459]]]}}, {"type": "Feature", "properties": {"height": 3.8, "num_floors": null, "subtype": "residential", "class": "house", "roof_height": null, "height_source": "ndsm"}, "geometry": {"type": "Polygon", "coordinates": [[[35.6222998, 33.1900044], [35.622252, 33.1900044], [35.6222578, 33.1899242], [35.6223944, 33.189934], [35.6224878, 33.1899389], [35.6225006, 33.1900337], [35.6224925, 33.1900854], [35.6224142, 33.190063], [35.6223477, 33.1900434], [35.622343, 33.190019], [35.6223045, 33.1900219], [35.6222998, 33.1900044]]]}}, {"type": "Feature", "properties": {"height": 3.8, "num_floors": null, "subtype": null, "class": null, "roof_height": null, "height_source": "ndsm"}, "geometry": {"type": "Polygon", "coordinates": [[[35.6223569, 33.189501], [35.6224277, 33.1894634], [35.6225193, 33.1895843], [35.6224485, 33.1896219], [35.6223569, 33.189501]]]}}, {"type": "Feature", "properties": {"height": 3.0, "num_floors": null, "subtype": "residential", "class": "house", "roof_height": null, "height_source": "floored"}, "geometry": {"type": "Polygon", "coordinates": [[[35.6222162, 33.1890253], [35.6222209, 33.1890419], [35.6221648, 33.18908], [35.6221508, 33.1890702], [35.6221158, 33.1890947], [35.6220866, 33.1890702], [35.6221158, 33.1890468], [35.6221064, 33.1890312], [35.6220761, 33.1890507], [35.6220376, 33.1890185], [35.6220609, 33.188997], [35.6220434, 33.1889725], [35.6220527, 33.1889618], [35.6220329, 33.1889403], [35.6220644, 33.18891], [35.6220843, 33.1889286], [35.6221088, 33.1889071], [35.6222162, 33.1890253]]]}}, {"type": "Feature", "properties": {"height": 3.8, "num_floors": null, "subtype": "residential", "class": "house", "roof_height": null, "height_source": "ndsm"}, "geometry": {"type": "Polygon", "coordinates": [[[35.6221601, 33.1892539], [35.622145, 33.1892285], [35.6221695, 33.189209], [35.6221707, 33.1891924], [35.6222337, 33.1891592], [35.622361, 33.1892832], [35.6222944, 33.1893155], [35.6222629, 33.1892891], [35.6222232, 33.1893047], [35.622201, 33.1892872], [35.622229, 33.1892578], [35.6222068, 33.1892383], [35.6221601, 33.1892539]]]}}, {"type": "Feature", "properties": {"height": 3.0, "num_floors": null, "subtype": "residential", "class": "house", "roof_height": null, "height_source": "floored"}, "geometry": {"type": "Polygon", "coordinates": [[[35.6225758, 33.1891162], [35.6224777, 33.1890155], [35.6225384, 33.1889638], [35.6226423, 33.1890673], [35.6225758, 33.1891162]]]}}, {"type": "Feature", "properties": {"height": 3.8, "num_floors": null, "subtype": "residential", "class": "house", "roof_height": null, "height_source": "ndsm"}, "geometry": {"type": "Polygon", "coordinates": [[[35.6226599, 33.1892248], [35.6225942, 33.1891575], [35.6226424, 33.1891149], [35.6227243, 33.1891732], [35.6226599, 33.1892248]]]}}, {"type": "Feature", "properties": {"height": 3.8, "num_floors": null, "subtype": "residential", "class": "house", "roof_height": null, "height_source": "ndsm"}, "geometry": {"type": "Polygon", "coordinates": [[[35.6225271, 33.1894269], [35.622385, 33.1892854], [35.6224601, 33.1892248], [35.6226277, 33.1893764], [35.6225271, 33.1894269]]]}}, {"type": "Feature", "properties": {"height": 3.8, "num_floors": null, "subtype": null, "class": null, "roof_height": null, "height_source": "ndsm"}, "geometry": {"type": "Polygon", "coordinates": [[[35.6225077, 33.18964], [35.622564, 33.1895848], [35.6226183, 33.1896236], [35.622562, 33.1896788], [35.6225077, 33.18964]]]}}, {"type": "Feature", "properties": {"height": 3.8, "num_floors": null, "subtype": "residential", "class": "house", "roof_height": null, "height_source": "ndsm"}, "geometry": {"type": "Polygon", "coordinates": [[[35.6227685, 33.1895413], [35.6226854, 33.1894583], [35.6227524, 33.1894033], [35.622904, 33.189492], [35.6228771, 33.1895391], [35.6227685, 33.1895413]]]}}, {"type": "Feature", "properties": {"height": 3.8, "num_floors": null, "subtype": "residential", "class": "house", "roof_height": null, "height_source": "ndsm"}, "geometry": {"type": "Polygon", "coordinates": [[[35.6227446, 33.1892716], [35.6226787, 33.1892164], [35.6227295, 33.1891705], [35.6227978, 33.1892335], [35.6227446, 33.1892716]]]}}, {"type": "Feature", "properties": {"height": 3.0, "num_floors": null, "subtype": "residential", "class": "house", "roof_height": null, "height_source": "floored"}, "geometry": {"type": "Polygon", "coordinates": [[[35.6228992, 33.1889892], [35.6227182, 33.1889159], [35.6227381, 33.1888113], [35.6230101, 33.1888924], [35.6228992, 33.1889892]]]}}, {"type": "Feature", "properties": {"height": 4.2, "num_floors": null, "subtype": "residential", "class": "house", "roof_height": null, "height_source": "ndsm"}, "geometry": {"type": "Polygon", "coordinates": [[[35.6230533, 33.1891914], [35.622926, 33.1891201], [35.6229575, 33.1890644], [35.6230988, 33.1891289], [35.6230533, 33.1891914]]]}}, {"type": "Feature", "properties": {"height": 4.2, "num_floors": null, "subtype": "residential", "class": "house", "roof_height": null, "height_source": "ndsm"}, "geometry": {"type": "Polygon", "coordinates": [[[35.6232296, 33.1889647], [35.6231117, 33.18891], [35.6231712, 33.1888348], [35.623295, 33.18891], [35.6232296, 33.1889647]]]}}, {"type": "Feature", "properties": {"height": 3.4, "num_floors": null, "subtype": "residential", "class": "house", "roof_height": null, "height_source": "ndsm"}, "geometry": {"type": "Polygon", "coordinates": [[[35.6229241, 33.1896064], [35.6228745, 33.1895604], [35.6229388, 33.1894875], [35.6230019, 33.1895368], [35.6229241, 33.1896064]]]}}, {"type": "Feature", "properties": {"height": 3.0, "num_floors": null, "subtype": "residential", "class": "house", "roof_height": null, "height_source": "ndsm"}, "geometry": {"type": "Polygon", "coordinates": [[[35.6231654, 33.1900433], [35.62313, 33.1900611], [35.6230928, 33.1899885], [35.6231406, 33.189987], [35.6231654, 33.1900433]]]}}, {"type": "Feature", "properties": {"height": 4.4, "num_floors": null, "subtype": "residential", "class": "house", "roof_height": null, "height_source": "ndsm"}, "geometry": {"type": "Polygon", "coordinates": [[[35.6233459, 33.1897812], [35.6232379, 33.1897901], [35.6232273, 33.1896908], [35.6233264, 33.1896938], [35.6233459, 33.1897812]]]}}, {"type": "Feature", "properties": {"height": 4.4, "num_floors": null, "subtype": "residential", "class": "house", "roof_height": null, "height_source": "ndsm"}, "geometry": {"type": "Polygon", "coordinates": [[[35.62336, 33.1898182], [35.6233565, 33.1896612], [35.6234449, 33.1896657], [35.6234273, 33.1898152], [35.62336, 33.1898182]]]}}, {"type": "Feature", "properties": {"height": 3.2, "num_floors": null, "subtype": "residential", "class": "house", "roof_height": null, "height_source": "ndsm"}, "geometry": {"type": "Polygon", "coordinates": [[[35.6234025, 33.1901218], [35.6232078, 33.1900181], [35.6232981, 33.1899367], [35.6233529, 33.1899663], [35.6234131, 33.1899989], [35.6234166, 33.1900181], [35.6234538, 33.1900477], [35.6234025, 33.1901218]]]}}, {"type": "Feature", "properties": {"height": 3.5, "num_floors": null, "subtype": "residential", "class": "house", "roof_height": null, "height_source": "ndsm"}, "geometry": {"type": "Polygon", "coordinates": [[[35.623767, 33.1901336], [35.6236272, 33.1900655], [35.6237281, 33.18995], [35.6238608, 33.1900196], [35.623767, 33.1901336]]]}}, {"type": "Feature", "properties": {"height": 3.5, "num_floors": null, "subtype": "residential", "class": "house", "roof_height": null, "height_source": "ndsm"}, "geometry": {"type": "Polygon", "coordinates": [[[35.6236042, 33.1899944], [35.6235635, 33.1899618], [35.6236254, 33.1899115], [35.6236573, 33.1898745], [35.6236892, 33.1898937], [35.6236962, 33.1899159], [35.6237245, 33.1899367], [35.6236325, 33.1900418], [35.6235865, 33.1900166], [35.6236042, 33.1899944]]]}}, {"type": "Feature", "properties": {"height": 3.2, "num_floors": null, "subtype": null, "class": null, "roof_height": null, "height_source": "ndsm"}, "geometry": {"type": "Polygon", "coordinates": [[[35.6235259, 33.1898166], [35.6235275, 33.1897773], [35.6235719, 33.1897786], [35.6235702, 33.1898178], [35.6235259, 33.1898166]]]}}, {"type": "Feature", "properties": {"height": 4.4, "num_floors": null, "subtype": null, "class": null, "roof_height": null, "height_source": "ndsm"}, "geometry": {"type": "Polygon", "coordinates": [[[35.6235778, 33.1897795], [35.623571, 33.1896327], [35.6236421, 33.1896304], [35.6236433, 33.1896562], [35.6236927, 33.1896546], [35.6236983, 33.1897756], [35.6235778, 33.1897795]]]}}, {"type": "Feature", "properties": {"height": 4.4, "num_floors": null, "subtype": "residential", "class": "house", "roof_height": null, "height_source": "ndsm"}, "geometry": {"type": "Polygon", "coordinates": [[[35.6237045, 33.1894554], [35.6235644, 33.1894437], [35.6235644, 33.1893206], [35.6236957, 33.1893176], [35.6237045, 33.1894554]]]}}, {"type": "Feature", "properties": {"height": 4.4, "num_floors": null, "subtype": null, "class": null, "roof_height": null, "height_source": "ndsm"}, "geometry": {"type": "Polygon", "coordinates": [[[35.6235958, 33.1888925], [35.6236792, 33.188801], [35.6238564, 33.1889141], [35.623773, 33.1890056], [35.6235958, 33.1888925]]]}}, {"type": "Feature", "properties": {"height": 3.0, "num_floors": null, "subtype": "residential", "class": "house", "roof_height": null, "height_source": "floored"}, "geometry": {"type": "Polygon", "coordinates": [[[35.6235472, 33.1887145], [35.6232729, 33.1885072], [35.6233755, 33.1884006], [35.6236622, 33.1886109], [35.6235472, 33.1887145]]]}}, {"type": "Feature", "properties": {"height": 3.0, "num_floors": null, "subtype": null, "class": null, "roof_height": null, "height_source": "floored"}, "geometry": {"type": "Polygon", "coordinates": [[[35.6235043, 33.1888061], [35.6234698, 33.1887694], [35.6235053, 33.1887459], [35.6235399, 33.1887826], [35.6235043, 33.1888061]]]}}, {"type": "Feature", "properties": {"height": 3.0, "num_floors": null, "subtype": null, "class": null, "roof_height": null, "height_source": "floored"}, "geometry": {"type": "Polygon", "coordinates": [[[35.6234629, 33.1887739], [35.6235077, 33.1888127], [35.6234703, 33.188843], [35.6234254, 33.1888041], [35.6234629, 33.1887739]]]}}, {"type": "Feature", "properties": {"height": 3.0, "num_floors": null, "subtype": null, "class": null, "roof_height": null, "height_source": "floored"}, "geometry": {"type": "Polygon", "coordinates": [[[35.6233775, 33.1887113], [35.6234272, 33.1886563], [35.6234955, 33.1886995], [35.6234458, 33.1887545], [35.6233775, 33.1887113]]]}}, {"type": "Feature", "properties": {"height": 3.0, "num_floors": null, "subtype": "commercial", "class": null, "roof_height": null, "height_source": "floored"}, "geometry": {"type": "Polygon", "coordinates": [[[35.6231461, 33.1878439], [35.6230504, 33.1878995], [35.6229152, 33.1877366], [35.6230536, 33.1876562], [35.6231071, 33.1877207], [35.6230644, 33.1877455], [35.6231461, 33.1878439]]]}}, {"type": "Feature", "properties": {"height": 3.0, "num_floors": null, "subtype": null, "class": null, "roof_height": null, "height_source": "floored"}, "geometry": {"type": "Polygon", "coordinates": [[[35.6231084, 33.1872729], [35.6230013, 33.1872764], [35.6229972, 33.187189], [35.6232007, 33.1871823], [35.6232059, 33.1872932], [35.6233411, 33.1872888], [35.6233437, 33.1873448], [35.6232568, 33.1873477], [35.6232583, 33.1873802], [35.6230601, 33.1873867], [35.6230579, 33.1873385], [35.6231114, 33.1873367], [35.6231084, 33.1872729]]]}}, {"type": "Feature", "properties": {"height": 3.0, "num_floors": null, "subtype": null, "class": null, "roof_height": null, "height_source": "floored"}, "geometry": {"type": "Polygon", "coordinates": [[[35.6233797, 33.1872541], [35.6232739, 33.1872552], [35.6232724, 33.1871553], [35.6233782, 33.1871542], [35.6233797, 33.1872541]]]}}, {"type": "Feature", "properties": {"height": 3.0, "num_floors": null, "subtype": null, "class": null, "roof_height": null, "height_source": "floored"}, "geometry": {"type": "Polygon", "coordinates": [[[35.6235502, 33.188034], [35.6235378, 33.1880347], [35.6233575, 33.1879339], [35.6234022, 33.1878828], [35.6235776, 33.1879825], [35.6235962, 33.1879754], [35.623642, 33.1880194], [35.6236102, 33.1880669], [35.6235502, 33.188034]]]}}, {"type": "Feature", "properties": {"height": 3.0, "num_floors": null, "subtype": null, "class": null, "roof_height": null, "height_source": "floored"}, "geometry": {"type": "Polygon", "coordinates": [[[35.6236037, 33.1879359], [35.6234012, 33.1876821], [35.6236173, 33.1875613], [35.6238198, 33.1878152], [35.6236037, 33.1879359]]]}}, {"type": "Feature", "properties": {"height": 3.0, "num_floors": null, "subtype": null, "class": null, "roof_height": null, "height_source": "floored"}, "geometry": {"type": "Polygon", "coordinates": [[[35.6235622, 33.1870809], [35.6236719, 33.1870764], [35.6236746, 33.1871234], [35.6234914, 33.1871309], [35.6234887, 33.1870839], [35.6234578, 33.1870851], [35.6234558, 33.1870504], [35.6235602, 33.1870461], [35.6235622, 33.1870809]]]}}, {"type": "Feature", "properties": {"height": 3.3, "num_floors": null, "subtype": null, "class": null, "roof_height": null, "height_source": "ndsm"}, "geometry": {"type": "Polygon", "coordinates": [[[35.6232555, 33.1868868], [35.6232607, 33.186786], [35.6234589, 33.1867932], [35.6234536, 33.1868941], [35.6232555, 33.1868868]]]}}, {"type": "Feature", "properties": {"height": 3.3, "num_floors": null, "subtype": null, "class": null, "roof_height": null, "height_source": "ndsm"}, "geometry": {"type": "Polygon", "coordinates": [[[35.6233395, 33.1862454], [35.623224, 33.1859928], [35.6233129, 33.1859644], [35.6234159, 33.1861895], [35.6233948, 33.1861963], [35.6234073, 33.1862237], [35.6233395, 33.1862454]]]}}, {"type": "Feature", "properties": {"height": 3.0, "num_floors": null, "subtype": null, "class": null, "roof_height": null, "height_source": "floored"}, "geometry": {"type": "Polygon", "coordinates": [[[35.6229686, 33.1871329], [35.6229721, 33.1870701], [35.623197, 33.1870789], [35.6231935, 33.1871416], [35.6229686, 33.1871329]]]}}, {"type": "Feature", "properties": {"height": 3.0, "num_floors": null, "subtype": null, "class": null, "roof_height": null, "height_source": "floored"}, "geometry": {"type": "Polygon", "coordinates": [[[35.6227156, 33.1861868], [35.6226922, 33.186136], [35.6227519, 33.1861168], [35.6227753, 33.1861676], [35.6227156, 33.1861868]]]}}, {"type": "Feature", "properties": {"height": 3.0, "num_floors": null, "subtype": null, "class": null, "roof_height": null, "height_source": "floored"}, "geometry": {"type": "Polygon", "coordinates": [[[35.6227503, 33.1860958], [35.6228673, 33.1860663], [35.6229117, 33.1861898], [35.622748, 33.1862311], [35.6227799, 33.1863195], [35.6226854, 33.1863434], [35.6226394, 33.1862158], [35.6227807, 33.1861802], [35.6227503, 33.1860958]]]}}, {"type": "Feature", "properties": {"height": 3.0, "num_floors": null, "subtype": null, "class": null, "roof_height": null, "height_source": "floored"}, "geometry": {"type": "Polygon", "coordinates": [[[35.6226546, 33.1856039], [35.6226718, 33.185641], [35.6226392, 33.1856516], [35.622622, 33.1856145], [35.6226546, 33.1856039]]]}}, {"type": "Feature", "properties": {"height": 3.0, "num_floors": null, "subtype": null, "class": null, "roof_height": null, "height_source": "floored"}, "geometry": {"type": "Polygon", "coordinates": [[[35.6224886, 33.1862403], [35.6225323, 33.1862254], [35.6225641, 33.186291], [35.6225203, 33.1863058], [35.6224886, 33.1862403]]]}}, {"type": "Feature", "properties": {"height": 3.0, "num_floors": null, "subtype": null, "class": null, "roof_height": null, "height_source": "floored"}, "geometry": {"type": "Polygon", "coordinates": [[[35.6219889, 33.1861224], [35.622294, 33.1860258], [35.6223535, 33.1861574], [35.6219991, 33.1862696], [35.6219716, 33.1862087], [35.621927, 33.1862228], [35.6219586, 33.1862926], [35.6218436, 33.186329], [35.6217042, 33.1860206], [35.6218346, 33.1859794], [35.621816, 33.1859381], [35.622175, 33.1858245], [35.6222225, 33.1859295], [35.6219419, 33.1860183], [35.6219889, 33.1861224]]]}}, {"type": "Feature", "properties": {"height": 3.0, "num_floors": null, "subtype": null, "class": null, "roof_height": null, "height_source": "floored"}, "geometry": {"type": "Polygon", "coordinates": [[[35.6221138, 33.1865608], [35.6221588, 33.1866937], [35.622062, 33.1867167], [35.6220169, 33.1865838], [35.6221138, 33.1865608]]]}}, {"type": "Feature", "properties": {"height": 3.0, "num_floors": null, "subtype": null, "class": null, "roof_height": null, "height_source": "floored"}, "geometry": {"type": "Polygon", "coordinates": [[[35.6221834, 33.1865177], [35.622501, 33.1864096], [35.6225824, 33.1865772], [35.6225249, 33.1865968], [35.6225099, 33.1865659], [35.622388, 33.1866075], [35.6224067, 33.186646], [35.6222686, 33.186693], [35.6221834, 33.1865177]]]}}, {"type": "Feature", "properties": {"height": 3.0, "num_floors": null, "subtype": null, "class": null, "roof_height": null, "height_source": "floored"}, "geometry": {"type": "Polygon", "coordinates": [[[35.6222625, 33.1870659], [35.6222044, 33.1869507], [35.6223478, 33.1869], [35.6224059, 33.1870152], [35.6222625, 33.1870659]]]}}, {"type": "Feature", "properties": {"height": 3.0, "num_floors": null, "subtype": null, "class": null, "roof_height": null, "height_source": "floored"}, "geometry": {"type": "Polygon", "coordinates": [[[35.6221299, 33.1879402], [35.6222097, 33.1880041], [35.6221601, 33.1880475], [35.6220803, 33.1879836], [35.6221299, 33.1879402]]]}}, {"type": "Feature", "properties": {"height": 3.0, "num_floors": null, "subtype": null, "class": null, "roof_height": null, "height_source": "floored"}, "geometry": {"type": "Polygon", "coordinates": [[[35.6222355, 33.1878799], [35.6220083, 33.1876959], [35.6221222, 33.1875974], [35.6223495, 33.1877814], [35.6222355, 33.1878799]]]}}, {"type": "Feature", "properties": {"height": 3.0, "num_floors": null, "subtype": null, "class": null, "roof_height": null, "height_source": "floored"}, "geometry": {"type": "Polygon", "coordinates": [[[35.6227481, 33.1871204], [35.6228434, 33.1873115], [35.6225659, 33.1874084], [35.6224821, 33.1872402], [35.6223701, 33.1872793], [35.6222719, 33.1870823], [35.6224215, 33.1870301], [35.6224434, 33.1870741], [35.6226731, 33.1869939], [35.6227141, 33.1870761], [35.6225907, 33.1871192], [35.6226146, 33.187167], [35.6227481, 33.1871204]]]}}, {"type": "Feature", "properties": {"height": 3.0, "num_floors": null, "subtype": null, "class": null, "roof_height": null, "height_source": "floored"}, "geometry": {"type": "Polygon", "coordinates": [[[35.6226761, 33.1874146], [35.6226941, 33.1874902], [35.6226476, 33.1874979], [35.6226605, 33.1875519], [35.6225611, 33.1875685], [35.6225303, 33.1874389], [35.6226761, 33.1874146]]]}}, {"type": "Feature", "properties": {"height": 3.0, "num_floors": null, "subtype": null, "class": null, "roof_height": null, "height_source": "floored"}, "geometry": {"type": "Polygon", "coordinates": [[[35.6228953, 33.1879496], [35.622807, 33.1879989], [35.6226217, 33.1877715], [35.6228124, 33.1876627], [35.6228684, 33.1877367], [35.6227699, 33.1877913], [35.6228953, 33.1879496]]]}}, {"type": "Feature", "properties": {"height": 3.0, "num_floors": null, "subtype": null, "class": null, "roof_height": null, "height_source": "floored"}, "geometry": {"type": "Polygon", "coordinates": [[[35.622454, 33.1883585], [35.6224294, 33.1883822], [35.6223653, 33.1883355], [35.6224729, 33.188232], [35.6225881, 33.1883159], [35.6225051, 33.1883957], [35.622454, 33.1883585]]]}}, {"type": "Feature", "properties": {"height": 3.0, "num_floors": null, "subtype": null, "class": null, "roof_height": null, "height_source": "floored"}, "geometry": {"type": "Polygon", "coordinates": [[[35.6228647, 33.1885151], [35.6227279, 33.18841], [35.6228161, 33.1883296], [35.6229528, 33.1884347], [35.6228647, 33.1885151]]]}}, {"type": "Feature", "properties": {"height": 3.0, "num_floors": null, "subtype": null, "class": null, "roof_height": null, "height_source": "floored"}, "geometry": {"type": "Polygon", "coordinates": [[[35.6226743, 33.1885121], [35.6226335, 33.188484], [35.6226953, 33.1884211], [35.6228682, 33.18854], [35.6228268, 33.1885822], [35.6228028, 33.1885657], [35.6227508, 33.1886186], [35.6226427, 33.1885443], [35.6226743, 33.1885121]]]}}, {"type": "Feature", "properties": {"height": 3.0, "num_floors": null, "subtype": null, "class": null, "roof_height": null, "height_source": "floored"}, "geometry": {"type": "Polygon", "coordinates": [[[35.6226171, 33.1884772], [35.6226687, 33.188511], [35.6226413, 33.1885402], [35.6225898, 33.1885065], [35.6226171, 33.1884772]]]}}, {"type": "Feature", "properties": {"height": 3.0, "num_floors": null, "subtype": "residential", "class": "house", "roof_height": null, "height_source": "floored"}, "geometry": {"type": "Polygon", "coordinates": [[[35.6226143, 33.1888201], [35.6224438, 33.1887097], [35.6225256, 33.1886247], [35.6226914, 33.1887351], [35.6226143, 33.1888201]]]}}, {"type": "Feature", "properties": {"height": 3.0, "num_floors": null, "subtype": "residential", "class": "house", "roof_height": null, "height_source": "floored"}, "geometry": {"type": "Polygon", "coordinates": [[[35.6222674, 33.1881734], [35.6221353, 33.1880832], [35.622241, 33.1879828], [35.622367, 33.1880696], [35.6222674, 33.1881734]]]}}, {"type": "Feature", "properties": {"height": 3.0, "num_floors": null, "subtype": null, "class": null, "roof_height": null, "height_source": "floored"}, "geometry": {"type": "Polygon", "coordinates": [[[35.6222428, 33.1884306], [35.6222891, 33.1883973], [35.6223355, 33.1884424], [35.6222892, 33.1884757], [35.6222428, 33.1884306]]]}}, {"type": "Feature", "properties": {"height": 3.0, "num_floors": null, "subtype": null, "class": null, "roof_height": null, "height_source": "floored"}, "geometry": {"type": "Polygon", "coordinates": [[[35.6222145, 33.1887179], [35.6221345, 33.1886352], [35.6222422, 33.1885622], [35.6223222, 33.1886449], [35.6222145, 33.1887179]]]}}, {"type": "Feature", "properties": {"height": 3.9, "num_floors": null, "subtype": null, "class": null, "roof_height": null, "height_source": "ndsm"}, "geometry": {"type": "Polygon", "coordinates": [[[35.6216458, 33.1883092], [35.6216302, 33.1882802], [35.6216938, 33.1882563], [35.6217159, 33.1882974], [35.6217393, 33.1882885], [35.621773, 33.1883511], [35.6215745, 33.1884259], [35.6215343, 33.1883513], [35.6216458, 33.1883092]]]}}, {"type": "Feature", "properties": {"height": 3.9, "num_floors": null, "subtype": "residential", "class": "house", "roof_height": null, "height_source": "ndsm"}, "geometry": {"type": "Polygon", "coordinates": [[[35.6216308, 33.1887819], [35.621409, 33.1886917], [35.6214475, 33.1886105], [35.6215554, 33.1886569], [35.6216201, 33.1886981], [35.6216478, 33.1887291], [35.6216308, 33.1887819]]]}}, {"type": "Feature", "properties": {"height": 3.9, "num_floors": null, "subtype": "residential", "class": "house", "roof_height": null, "height_source": "ndsm"}, "geometry": {"type": "Polygon", "coordinates": [[[35.6213982, 33.1885189], [35.6211286, 33.1884506], [35.6211625, 33.1883578], [35.6212349, 33.1883423], [35.6214028, 33.1884261], [35.6214121, 33.188497], [35.6213982, 33.1885189]]]}}, {"type": "Feature", "properties": {"height": 3.7, "num_floors": null, "subtype": null, "class": null, "roof_height": null, "height_source": "ndsm"}, "geometry": {"type": "Polygon", "coordinates": [[[35.6214789, 33.1883142], [35.6214499, 33.1882291], [35.6216756, 33.1881752], [35.6217046, 33.1882603], [35.6214789, 33.1883142]]]}}, {"type": "Feature", "properties": {"height": 3.7, "num_floors": null, "subtype": null, "class": null, "roof_height": null, "height_source": "ndsm"}, "geometry": {"type": "Polygon", "coordinates": [[[35.6214078, 33.1881317], [35.6215567, 33.188057], [35.6216046, 33.1881237], [35.6214557, 33.1881985], [35.6214078, 33.1881317]]]}}, {"type": "Feature", "properties": {"height": 3.7, "num_floors": null, "subtype": "residential", "class": "house", "roof_height": null, "height_source": "ndsm"}, "geometry": {"type": "Polygon", "coordinates": [[[35.6213661, 33.1880038], [35.6214608, 33.1879653], [35.6215059, 33.188029], [35.6214254, 33.1880853], [35.6213661, 33.1880038]]]}}, {"type": "Feature", "properties": {"height": 3.2, "num_floors": null, "subtype": "residential", "class": "house", "roof_height": null, "height_source": "ndsm"}, "geometry": {"type": "Polygon", "coordinates": [[[35.6213962, 33.1878328], [35.6214316, 33.1878846], [35.6214458, 33.187909], [35.6212962, 33.1879527], [35.6212653, 33.187892], [35.6213962, 33.1878328]]]}}, {"type": "Feature", "properties": {"height": 3.2, "num_floors": null, "subtype": "residential", "class": "house", "roof_height": null, "height_source": "ndsm"}, "geometry": {"type": "Polygon", "coordinates": [[[35.621244, 33.1877817], [35.6213077, 33.1877343], [35.6213785, 33.1878054], [35.6212387, 33.1878779], [35.6212106, 33.1878162], [35.621244, 33.1877817]]]}}, {"type": "Feature", "properties": {"height": 3.2, "num_floors": null, "subtype": null, "class": null, "roof_height": null, "height_source": "ndsm"}, "geometry": {"type": "Polygon", "coordinates": [[[35.6217305, 33.1872454], [35.6218285, 33.1873484], [35.6217826, 33.187379], [35.6216845, 33.187276], [35.6217305, 33.1872454]]]}}, {"type": "Feature", "properties": {"height": 3.2, "num_floors": null, "subtype": null, "class": null, "roof_height": null, "height_source": "ndsm"}, "geometry": {"type": "Polygon", "coordinates": [[[35.6217938, 33.1876394], [35.6218338, 33.1876764], [35.6217131, 33.187768], [35.6216731, 33.187731], [35.6217938, 33.1876394]]]}}, {"type": "Feature", "properties": {"height": 3.2, "num_floors": null, "subtype": null, "class": null, "roof_height": null, "height_source": "ndsm"}, "geometry": {"type": "Polygon", "coordinates": [[[35.6218515, 33.1876153], [35.6218749, 33.1876429], [35.6218303, 33.1876694], [35.6218069, 33.1876418], [35.6218515, 33.1876153]]]}}, {"type": "Feature", "properties": {"height": 3.2, "num_floors": null, "subtype": "residential", "class": "house", "roof_height": null, "height_source": "ndsm"}, "geometry": {"type": "Polygon", "coordinates": [[[35.62181, 33.1878791], [35.6217145, 33.1877702], [35.6219259, 33.1876154], [35.6220092, 33.1877089], [35.621932, 33.1877549], [35.6219544, 33.1877889], [35.62181, 33.1878791]]]}}, {"type": "Feature", "properties": {"height": 3.2, "num_floors": null, "subtype": "residential", "class": "house", "roof_height": null, "height_source": "ndsm"}, "geometry": {"type": "Polygon", "coordinates": [[[35.6219116, 33.1875969], [35.6218233, 33.1875292], [35.6219554, 33.1874374], [35.6220865, 33.1875837], [35.6219777, 33.1876645], [35.6219116, 33.1875969]]]}}, {"type": "Feature", "properties": {"height": 3.0, "num_floors": null, "subtype": null, "class": null, "roof_height": null, "height_source": "floored"}, "geometry": {"type": "Polygon", "coordinates": [[[35.6217718, 33.1870308], [35.6218303, 33.1870105], [35.6218606, 33.1870718], [35.6218021, 33.1870921], [35.6217718, 33.1870308]]]}}, {"type": "Feature", "properties": {"height": 3.0, "num_floors": null, "subtype": null, "class": null, "roof_height": null, "height_source": "floored"}, "geometry": {"type": "Polygon", "coordinates": [[[35.6216383, 33.1870539], [35.6217356, 33.1871495], [35.6216742, 33.1871932], [35.621577, 33.1870976], [35.6216383, 33.1870539]]]}}, {"type": "Feature", "properties": {"height": 4.0, "num_floors": null, "subtype": null, "class": null, "roof_height": null, "height_source": "ndsm"}, "geometry": {"type": "Polygon", "coordinates": [[[35.6221901, 33.1856477], [35.6217375, 33.1858358], [35.6216834, 33.1857445], [35.6221622, 33.1855456], [35.6221901, 33.1856477]]]}}, {"type": "Feature", "properties": {"height": 3.0, "num_floors": null, "subtype": null, "class": null, "roof_height": null, "height_source": "floored"}, "geometry": {"type": "Polygon", "coordinates": [[[35.6217573, 33.1859515], [35.6216492, 33.1859968], [35.6215411, 33.1858158], [35.6216492, 33.1857706], [35.6217573, 33.1859515]]]}}, {"type": "Feature", "properties": {"height": 4.0, "num_floors": null, "subtype": null, "class": null, "roof_height": null, "height_source": "ndsm"}, "geometry": {"type": "Polygon", "coordinates": [[[35.6214124, 33.185596], [35.6213215, 33.1855134], [35.6213732, 33.1854736], [35.621464, 33.1855562], [35.6214124, 33.185596]]]}}, {"type": "Feature", "properties": {"height": 3.3, "num_floors": null, "subtype": "residential", "class": "house", "roof_height": null, "height_source": "ndsm"}, "geometry": {"type": "Polygon", "coordinates": [[[35.6213791, 33.186323], [35.6211933, 33.1863926], [35.6211455, 33.1863037], [35.6213348, 33.1862312], [35.6213791, 33.186323]]]}}, {"type": "Feature", "properties": {"height": 3.5, "num_floors": null, "subtype": "residential", "class": "house", "roof_height": null, "height_source": "ndsm"}, "geometry": {"type": "Polygon", "coordinates": [[[35.6213083, 33.1861749], [35.6211243, 33.1862519], [35.6210747, 33.1861675], [35.6212729, 33.1860875], [35.6213083, 33.1861749]]]}}, {"type": "Feature", "properties": {"height": 3.0, "num_floors": null, "subtype": null, "class": null, "roof_height": null, "height_source": "floored"}, "geometry": {"type": "Polygon", "coordinates": [[[35.6212227, 33.1864758], [35.621287, 33.1864744], [35.6212885, 33.1865238], [35.6212242, 33.1865251], [35.6212227, 33.1864758]]]}}, {"type": "Feature", "properties": {"height": 3.0, "num_floors": null, "subtype": null, "class": null, "roof_height": null, "height_source": "floored"}, "geometry": {"type": "Polygon", "coordinates": [[[35.6211433, 33.1866231], [35.6211851, 33.186599], [35.6212515, 33.1866795], [35.6212098, 33.1867037], [35.6211433, 33.1866231]]]}}, {"type": "Feature", "properties": {"height": 3.0, "num_floors": null, "subtype": null, "class": null, "roof_height": null, "height_source": "floored"}, "geometry": {"type": "Polygon", "coordinates": [[[35.6214688, 33.1865903], [35.6212777, 33.1866618], [35.6212395, 33.1865903], [35.6214306, 33.1865188], [35.6214688, 33.1865903]]]}}, {"type": "Feature", "properties": {"height": 3.0, "num_floors": null, "subtype": null, "class": null, "roof_height": null, "height_source": "floored"}, "geometry": {"type": "Polygon", "coordinates": [[[35.6214751, 33.1869212], [35.6213901, 33.1868217], [35.6214948, 33.186759], [35.6215164, 33.1867843], [35.6216069, 33.1867301], [35.6216704, 33.1868044], [35.6214751, 33.1869212]]]}}, {"type": "Feature", "properties": {"height": 3.0, "num_floors": null, "subtype": null, "class": null, "roof_height": null, "height_source": "floored"}, "geometry": {"type": "Polygon", "coordinates": [[[35.6211537, 33.1869753], [35.6211596, 33.1870174], [35.6211014, 33.1870231], [35.6210955, 33.186981], [35.6211537, 33.1869753]]]}}, {"type": "Feature", "properties": {"height": 3.0, "num_floors": null, "subtype": "residential", "class": "house", "roof_height": null, "height_source": "floored"}, "geometry": {"type": "Polygon", "coordinates": [[[35.6209533, 33.1868079], [35.6207846, 33.1866828], [35.620807, 33.1866581], [35.6208944, 33.1866667], [35.6209625, 33.1867185], [35.6209828, 33.1867806], [35.6209533, 33.1868079]]]}}, {"type": "Feature", "properties": {"height": 3.0, "num_floors": null, "subtype": null, "class": null, "roof_height": null, "height_source": "floored"}, "geometry": {"type": "Polygon", "coordinates": [[[35.620824, 33.1865408], [35.6206921, 33.1864591], [35.6207481, 33.1863958], [35.6209094, 33.1864956], [35.620824, 33.1865408]]]}}, {"type": "Feature", "properties": {"height": 3.5, "num_floors": null, "subtype": "residential", "class": "house", "roof_height": null, "height_source": "ndsm"}, "geometry": {"type": "Polygon", "coordinates": [[[35.6212216, 33.1860372], [35.6210375, 33.1860431], [35.6210429, 33.1859602], [35.6210659, 33.1858698], [35.6211048, 33.1858713], [35.621126, 33.185895], [35.6211756, 33.1859024], [35.621195, 33.1859616], [35.6212216, 33.1859587], [35.6212216, 33.1860372]]]}}, {"type": "Feature", "properties": {"height": 3.5, "num_floors": null, "subtype": "residential", "class": "house", "roof_height": null, "height_source": "ndsm"}, "geometry": {"type": "Polygon", "coordinates": [[[35.6207084, 33.1861749], [35.6206058, 33.1861053], [35.6207279, 33.1859794], [35.6208482, 33.1860742], [35.6207084, 33.1861749]]]}}, {"type": "Feature", "properties": {"height": 3.3, "num_floors": null, "subtype": "residential", "class": "house", "roof_height": null, "height_source": "ndsm"}, "geometry": {"type": "Polygon", "coordinates": [[[35.620827, 33.1863185], [35.6206482, 33.1863171], [35.6206164, 33.1862119], [35.6208181, 33.1862075], [35.620827, 33.1863185]]]}}, {"type": "Feature", "properties": {"height": 3.5, "num_floors": null, "subtype": null, "class": null, "roof_height": null, "height_source": "ndsm"}, "geometry": {"type": "Polygon", "coordinates": [[[35.6203084, 33.1860556], [35.6203299, 33.1860302], [35.6203932, 33.1860676], [35.6203718, 33.1860931], [35.6203084, 33.1860556]]]}}, {"type": "Feature", "properties": {"height": 3.4, "num_floors": null, "subtype": null, "class": null, "roof_height": null, "height_source": "ndsm"}, "geometry": {"type": "Polygon", "coordinates": [[[35.620325, 33.1864693], [35.6202081, 33.1864242], [35.6203326, 33.1863048], [35.6204256, 33.1863727], [35.620325, 33.1864693]]]}}, {"type": "Feature", "properties": {"height": 3.0, "num_floors": null, "subtype": "residential", "class": "house", "roof_height": null, "height_source": "floored"}, "geometry": {"type": "Polygon", "coordinates": [[[35.6206854, 33.1869015], [35.6205878, 33.1868437], [35.6206183, 33.1867977], [35.6206912, 33.1867757], [35.6207505, 33.1867926], [35.6207746, 33.1867975], [35.6207584, 33.1868732], [35.6207233, 33.1868545], [35.6206854, 33.1869015]]]}}, {"type": "Feature", "properties": {"height": 3.4, "num_floors": null, "subtype": null, "class": null, "roof_height": null, "height_source": "ndsm"}, "geometry": {"type": "Polygon", "coordinates": [[[35.620501, 33.1871358], [35.62053, 33.1871031], [35.6205681, 33.1871267], [35.6205391, 33.1871594], [35.620501, 33.1871358]]]}}, {"type": "Feature", "properties": {"height": 3.4, "num_floors": null, "subtype": "residential", "class": "house", "roof_height": null, "height_source": "ndsm"}, "geometry": {"type": "Polygon", "coordinates": [[[35.6205533, 33.1870818], [35.6203907, 33.1870002], [35.6204557, 33.1869253], [35.6204964, 33.1869593], [35.6205167, 33.1869389], [35.6205797, 33.1869747], [35.6205594, 33.1869985], [35.620596, 33.1870325], [35.6205533, 33.1870818]]]}}, {"type": "Feature", "properties": {"height": 3.4, "num_floors": null, "subtype": "residential", "class": "house", "roof_height": null, "height_source": "ndsm"}, "geometry": {"type": "Polygon", "coordinates": [[[35.6203981, 33.1867685], [35.6204123, 33.1867421], [35.6205373, 33.1867795], [35.6204936, 33.1868382], [35.6203981, 33.1867685]]]}}, {"type": "Feature", "properties": {"height": 3.4, "num_floors": null, "subtype": null, "class": null, "roof_height": null, "height_source": "ndsm"}, "geometry": {"type": "Polygon", "coordinates": [[[35.6203385, 33.1869396], [35.6202351, 33.1868681], [35.6203789, 33.1867665], [35.6204778, 33.1868342], [35.6203385, 33.1869396]]]}}, {"type": "Feature", "properties": {"height": 3.0, "num_floors": null, "subtype": "residential", "class": "house", "roof_height": null, "height_source": "floored"}, "geometry": {"type": "Polygon", "coordinates": [[[35.6205693, 33.1874478], [35.6204525, 33.187504], [35.6203941, 33.1874137], [35.6204968, 33.1873589], [35.6205693, 33.1874478]]]}}, {"type": "Feature", "properties": {"height": 3.0, "num_floors": null, "subtype": "residential", "class": "house", "roof_height": null, "height_source": "floored"}, "geometry": {"type": "Polygon", "coordinates": [[[35.6206171, 33.1876655], [35.6205895, 33.1876806], [35.6205003, 33.1876047], [35.6205516, 33.1875722], [35.6206118, 33.1875262], [35.6206843, 33.187627], [35.6206472, 33.1876536], [35.6206256, 33.1876673], [35.6206171, 33.1876655]]]}}, {"type": "Feature", "properties": {"height": 3.0, "num_floors": null, "subtype": "residential", "class": "house", "roof_height": null, "height_source": "floored"}, "geometry": {"type": "Polygon", "coordinates": [[[35.6207569, 33.1873944], [35.6206206, 33.1874344], [35.6205587, 33.1873308], [35.6206596, 33.1872863], [35.6207569, 33.1873944]]]}}, {"type": "Feature", "properties": {"height": 3.0, "num_floors": null, "subtype": "residential", "class": "house", "roof_height": null, "height_source": "floored"}, "geometry": {"type": "Polygon", "coordinates": [[[35.6208854, 33.1875918], [35.6207616, 33.1876273], [35.6206651, 33.1875], [35.6207899, 33.1874333], [35.6208854, 33.1875918]]]}}, {"type": "Feature", "properties": {"height": 3.7, "num_floors": null, "subtype": "residential", "class": "house", "roof_height": null, "height_source": "ndsm"}, "geometry": {"type": "Polygon", "coordinates": [[[35.6211425, 33.1880239], [35.6210932, 33.1880858], [35.6209545, 33.1880265], [35.6210069, 33.1879439], [35.6211425, 33.1880239]]]}}, {"type": "Feature", "properties": {"height": 3.0, "num_floors": null, "subtype": "residential", "class": "house", "roof_height": null, "height_source": "floored"}, "geometry": {"type": "Polygon", "coordinates": [[[35.6209915, 33.1879401], [35.620933, 33.1880355], [35.6207943, 33.1879736], [35.6208051, 33.1879543], [35.6207897, 33.1879439], [35.6208328, 33.1878846], [35.6209915, 33.1879401]]]}}, {"type": "Feature", "properties": {"height": 3.0, "num_floors": null, "subtype": "residential", "class": "house", "roof_height": null, "height_source": "floored"}, "geometry": {"type": "Polygon", "coordinates": [[[35.6209583, 33.1877835], [35.6209151, 33.1878607], [35.620831, 33.1878245], [35.6207645, 33.187844], [35.6207551, 33.1878098], [35.6207353, 33.1878147], [35.6207143, 33.1877756], [35.620754, 33.187761], [35.620768, 33.1877805], [35.6207873, 33.187758], [35.6207718, 33.1877237], [35.6208399, 33.1876949], [35.6208766, 33.1877542], [35.6209583, 33.1877835]]]}}, {"type": "Feature", "properties": {"height": 3.9, "num_floors": null, "subtype": "residential", "class": "house", "roof_height": null, "height_source": "ndsm"}, "geometry": {"type": "Polygon", "coordinates": [[[35.620746, 33.1883669], [35.6206643, 33.1882754], [35.6206951, 33.1882303], [35.6208076, 33.1881826], [35.6209385, 33.1883386], [35.6209031, 33.1884004], [35.6208153, 33.1883218], [35.620746, 33.1883669]]]}}, {"type": "Feature", "properties": {"height": 3.9, "num_floors": null, "subtype": "residential", "class": "house", "roof_height": null, "height_source": "ndsm"}, "geometry": {"type": "Polygon", "coordinates": [[[35.6212057, 33.1883397], [35.6210408, 33.1883243], [35.621144, 33.1881605], [35.6211872, 33.188176], [35.6211687, 33.1882057], [35.6212549, 33.1882534], [35.6212057, 33.1883397]]]}}, {"type": "Feature", "properties": {"height": 3.9, "num_floors": null, "subtype": null, "class": null, "roof_height": null, "height_source": "ndsm"}, "geometry": {"type": "Polygon", "coordinates": [[[35.6210048, 33.188832], [35.6210403, 33.188804], [35.6211019, 33.1888587], [35.6210664, 33.1888867], [35.6210048, 33.188832]]]}}, {"type": "Feature", "properties": {"height": 3.9, "num_floors": null, "subtype": "residential", "class": "house", "roof_height": null, "height_source": "ndsm"}, "geometry": {"type": "Polygon", "coordinates": [[[35.6210171, 33.1886338], [35.6208184, 33.1885087], [35.62092, 33.1884043], [35.6209894, 33.188443], [35.6209662, 33.1884739], [35.6209909, 33.188492], [35.6209847, 33.1885087], [35.6210664, 33.1885861], [35.6210171, 33.1886338]]]}}, {"type": "Feature", "properties": {"height": 3.9, "num_floors": null, "subtype": "residential", "class": "house", "roof_height": null, "height_source": "ndsm"}, "geometry": {"type": "Polygon", "coordinates": [[[35.6213236, 33.1891314], [35.6211003, 33.1890554], [35.6211619, 33.1889458], [35.6213683, 33.1890373], [35.6213236, 33.1891314]]]}}, {"type": "Feature", "properties": {"height": 3.1, "num_floors": null, "subtype": "residential", "class": "house", "roof_height": null, "height_source": "ndsm"}, "geometry": {"type": "Polygon", "coordinates": [[[35.6215547, 33.1895775], [35.6213652, 33.1894873], [35.6214222, 33.1894099], [35.6215948, 33.1894821], [35.6215547, 33.1895775]]]}}, {"type": "Feature", "properties": {"height": 3.9, "num_floors": null, "subtype": "residential", "class": "house", "roof_height": null, "height_source": "ndsm"}, "geometry": {"type": "Polygon", "coordinates": [[[35.6213745, 33.1893635], [35.6212774, 33.1893093], [35.6213791, 33.1891405], [35.6214469, 33.1891688], [35.6214207, 33.1892436], [35.6215023, 33.1892758], [35.6214762, 33.1893558], [35.6213976, 33.1893313], [35.6213745, 33.1893635]]]}}, {"type": "Feature", "properties": {"height": 3.9, "num_floors": null, "subtype": "residential", "class": "house", "roof_height": null, "height_source": "ndsm"}, "geometry": {"type": "Polygon", "coordinates": [[[35.6216348, 33.1890141], [35.6215039, 33.1889561], [35.6215439, 33.1888852], [35.621678, 33.188938], [35.6216348, 33.1890141]]]}}, {"type": "Feature", "properties": {"height": 3.9, "num_floors": null, "subtype": null, "class": null, "roof_height": null, "height_source": "ndsm"}, "geometry": {"type": "Polygon", "coordinates": [[[35.6216393, 33.1890787], [35.6217615, 33.1890232], [35.6217975, 33.1890786], [35.6216753, 33.1891342], [35.6216393, 33.1890787]]]}}, {"type": "Feature", "properties": {"height": 3.8, "num_floors": null, "subtype": null, "class": null, "roof_height": null, "height_source": "ndsm"}, "geometry": {"type": "Polygon", "coordinates": [[[35.6219885, 33.1892296], [35.6219471, 33.1891243], [35.6220512, 33.1890956], [35.6220926, 33.189201], [35.6219885, 33.1892296]]]}}, {"type": "Feature", "properties": {"height": 3.8, "num_floors": null, "subtype": "residential", "class": "house", "roof_height": null, "height_source": "ndsm"}, "geometry": {"type": "Polygon", "coordinates": [[[35.6218012, 33.1893441], [35.6216703, 33.1893055], [35.6217288, 33.1892217], [35.6218598, 33.1892513], [35.6219414, 33.1893197], [35.6219583, 33.1893416], [35.6219368, 33.1893712], [35.6218166, 33.1893274], [35.6218012, 33.1893441]]]}}, {"type": "Feature", "properties": {"height": 3.8, "num_floors": null, "subtype": "residential", "class": "house", "roof_height": null, "height_source": "ndsm"}, "geometry": {"type": "Polygon", "coordinates": [[[35.6220336, 33.1895593], [35.621882, 33.189492], [35.6219008, 33.1894729], [35.6219786, 33.1894863], [35.6220054, 33.1894594], [35.6220913, 33.1895032], [35.6220832, 33.1895211], [35.6221368, 33.1895615], [35.6221436, 33.1896143], [35.6220336, 33.1895593]]]}}, {"type": "Feature", "properties": {"height": 3.5, "num_floors": null, "subtype": "residential", "class": "house", "roof_height": null, "height_source": "ndsm"}, "geometry": {"type": "Polygon", "coordinates": [[[35.6216661, 33.1897737], [35.621473, 33.1896973], [35.621524, 33.1896087], [35.6217278, 33.1896962], [35.6216661, 33.1897737]]]}}, {"type": "Feature", "properties": {"height": 3.5, "num_floors": null, "subtype": "residential", "class": "house", "roof_height": null, "height_source": "ndsm"}, "geometry": {"type": "Polygon", "coordinates": [[[35.6218981, 33.1900161], [35.6216728, 33.1899375], [35.6217211, 33.1898567], [35.6219357, 33.1899341], [35.6218981, 33.1900161]]]}}, {"type": "Feature", "properties": {"height": 3.5, "num_floors": null, "subtype": null, "class": null, "roof_height": null, "height_source": "ndsm"}, "geometry": {"type": "Polygon", "coordinates": [[[35.6219179, 33.1901337], [35.6219624, 33.1900621], [35.6220215, 33.1900878], [35.6219771, 33.1901594], [35.6219179, 33.1901337]]]}}, {"type": "Feature", "properties": {"height": 3.1, "num_floors": null, "subtype": null, "class": null, "roof_height": null, "height_source": "ndsm"}, "geometry": {"type": "Polygon", "coordinates": [[[35.6215939, 33.1898039], [35.6215432, 33.1897819], [35.6215662, 33.1897447], [35.6216169, 33.1897667], [35.6215939, 33.1898039]]]}}, {"type": "Feature", "properties": {"height": 3.0, "num_floors": null, "subtype": null, "class": null, "roof_height": null, "height_source": "floored"}, "geometry": {"type": "Polygon", "coordinates": [[[35.6291855, 33.1928453], [35.6293005, 33.1928501], [35.629298, 33.1928926], [35.629183, 33.1928879], [35.6291855, 33.1928453]]]}}, {"type": "Feature", "properties": {"height": 3.0, "num_floors": null, "subtype": null, "class": null, "roof_height": null, "height_source": "floored"}, "geometry": {"type": "Polygon", "coordinates": [[[35.6293509, 33.1928961], [35.6293497, 33.1928265], [35.6295116, 33.1928246], [35.6295128, 33.1928941], [35.6293509, 33.1928961]]]}}, {"type": "Feature", "properties": {"height": 3.0, "num_floors": null, "subtype": null, "class": null, "roof_height": null, "height_source": "floored"}, "geometry": {"type": "Polygon", "coordinates": [[[35.6274154, 33.1890851], [35.6274626, 33.1891653], [35.627412, 33.1891862], [35.6273648, 33.189106], [35.6274154, 33.1890851]]]}}, {"type": "Feature", "properties": {"height": 3.0, "num_floors": null, "subtype": null, "class": null, "roof_height": null, "height_source": "floored"}, "geometry": {"type": "Polygon", "coordinates": [[[35.6273728, 33.1890603], [35.6272643, 33.189111], [35.6271747, 33.188977], [35.6272833, 33.1889262], [35.6273728, 33.1890603]]]}}, {"type": "Feature", "properties": {"height": 3.0, "num_floors": null, "subtype": null, "class": null, "roof_height": null, "height_source": "floored"}, "geometry": {"type": "Polygon", "coordinates": [[[35.6275992, 33.1890158], [35.6274755, 33.1890718], [35.6273475, 33.1888739], [35.6274528, 33.1888262], [35.627536, 33.1889548], [35.6275544, 33.1889465], [35.6275992, 33.1890158]]]}}, {"type": "Feature", "properties": {"height": 3.0, "num_floors": null, "subtype": null, "class": null, "roof_height": null, "height_source": "floored"}, "geometry": {"type": "Polygon", "coordinates": [[[35.6286797, 33.1882585], [35.6285719, 33.1882624], [35.6285651, 33.188127], [35.6286414, 33.1881243], [35.6286428, 33.1881513], [35.6286742, 33.1881502], [35.6286797, 33.1882585]]]}}, {"type": "Feature", "properties": {"height": 3.0, "num_floors": null, "subtype": null, "class": null, "roof_height": null, "height_source": "floored"}, "geometry": {"type": "Polygon", "coordinates": [[[35.6290479, 33.1878667], [35.6289759, 33.1879693], [35.6288815, 33.1879228], [35.628898, 33.1878992], [35.6288662, 33.1878725], [35.6288412, 33.187759], [35.6288961, 33.1877505], [35.6289074, 33.1878017], [35.6289567, 33.1877941], [35.6289635, 33.1878251], [35.6290479, 33.1878667]]]}}, {"type": "Feature", "properties": {"height": 3.0, "num_floors": null, "subtype": null, "class": null, "roof_height": null, "height_source": "floored"}, "geometry": {"type": "Polygon", "coordinates": [[[35.6289887, 33.1876793], [35.6289459, 33.1877243], [35.6288496, 33.1876603], [35.6288924, 33.1876152], [35.6289887, 33.1876793]]]}}, {"type": "Feature", "properties": {"height": 3.0, "num_floors": null, "subtype": null, "class": null, "roof_height": null, "height_source": "floored"}, "geometry": {"type": "Polygon", "coordinates": [[[35.6287207, 33.1876272], [35.6286769, 33.1876862], [35.6286074, 33.1876501], [35.6286204, 33.1876326], [35.6285929, 33.1876183], [35.6286626, 33.1875242], [35.6287408, 33.1875648], [35.6287018, 33.1876174], [35.6287207, 33.1876272]]]}}, {"type": "Feature", "properties": {"height": 3.0, "num_floors": null, "subtype": null, "class": null, "roof_height": null, "height_source": "floored"}, "geometry": {"type": "Polygon", "coordinates": [[[35.6287754, 33.1874046], [35.6287041, 33.1874899], [35.628653, 33.18746], [35.6286696, 33.1874401], [35.6286162, 33.1874088], [35.6286385, 33.1873822], [35.6286, 33.1873597], [35.6286509, 33.1872988], [35.6287406, 33.1873512], [35.6287299, 33.1873779], [35.6287754, 33.1874046]]]}}, {"type": "Feature", "properties": {"height": 3.0, "num_floors": null, "subtype": null, "class": null, "roof_height": null, "height_source": "floored"}, "geometry": {"type": "Polygon", "coordinates": [[[35.6286147, 33.1878056], [35.6285298, 33.1878731], [35.6284787, 33.187828], [35.6285636, 33.1877606], [35.6286147, 33.1878056]]]}}, {"type": "Feature", "properties": {"height": 3.0, "num_floors": null, "subtype": null, "class": null, "roof_height": null, "height_source": "floored"}, "geometry": {"type": "Polygon", "coordinates": [[[35.6288127, 33.1880006], [35.6287117, 33.1880506], [35.6286176, 33.1879175], [35.6287186, 33.1878675], [35.6288127, 33.1880006]]]}}, {"type": "Feature", "properties": {"height": 3.0, "num_floors": null, "subtype": null, "class": null, "roof_height": null, "height_source": "floored"}, "geometry": {"type": "Polygon", "coordinates": [[[35.6284633, 33.1878781], [35.6283563, 33.187978], [35.6282729, 33.1879155], [35.6282873, 33.1879021], [35.6282459, 33.187871], [35.6283385, 33.1877846], [35.6284633, 33.1878781]]]}}, {"type": "Feature", "properties": {"height": 3.0, "num_floors": null, "subtype": null, "class": null, "roof_height": null, "height_source": "floored"}, "geometry": {"type": "Polygon", "coordinates": [[[35.6284831, 33.187682], [35.6283671, 33.1877425], [35.6283049, 33.1876589], [35.6284208, 33.1875984], [35.6284831, 33.187682]]]}}, {"type": "Feature", "properties": {"height": 3.0, "num_floors": null, "subtype": null, "class": null, "roof_height": null, "height_source": "floored"}, "geometry": {"type": "Polygon", "coordinates": [[[35.6284565, 33.1873893], [35.6285062, 33.1874128], [35.6284774, 33.1874553], [35.6284277, 33.1874317], [35.6284565, 33.1873893]]]}}, {"type": "Feature", "properties": {"height": 3.0, "num_floors": null, "subtype": null, "class": null, "roof_height": null, "height_source": "floored"}, "geometry": {"type": "Polygon", "coordinates": [[[35.628374, 33.1873158], [35.628323, 33.1872881], [35.6283622, 33.1872375], [35.6284132, 33.1872652], [35.628374, 33.1873158]]]}}, {"type": "Feature", "properties": {"height": 3.0, "num_floors": null, "subtype": null, "class": null, "roof_height": null, "height_source": "floored"}, "geometry": {"type": "Polygon", "coordinates": [[[35.6283657, 33.1875767], [35.6283168, 33.1875453], [35.6283422, 33.1875175], [35.6283912, 33.187549], [35.6283657, 33.1875767]]]}}, {"type": "Feature", "properties": {"height": 3.0, "num_floors": null, "subtype": null, "class": null, "roof_height": null, "height_source": "floored"}, "geometry": {"type": "Polygon", "coordinates": [[[35.6281682, 33.187309], [35.6281024, 33.1873445], [35.6280106, 33.1872252], [35.628106, 33.1871738], [35.6281682, 33.1872545], [35.6282056, 33.1872555], [35.6282037, 33.1873099], [35.6281682, 33.187309]]]}}, {"type": "Feature", "properties": {"height": 3.0, "num_floors": null, "subtype": null, "class": null, "roof_height": null, "height_source": "floored"}, "geometry": {"type": "Polygon", "coordinates": [[[35.628184, 33.1879038], [35.62815, 33.1880353], [35.6280896, 33.1880244], [35.6280948, 33.1880042], [35.6280775, 33.1880011], [35.6280815, 33.1879855], [35.6280561, 33.1879809], [35.6280809, 33.1878851], [35.628184, 33.1879038]]]}}, {"type": "Feature", "properties": {"height": 3.0, "num_floors": null, "subtype": null, "class": null, "roof_height": null, "height_source": "floored"}, "geometry": {"type": "Polygon", "coordinates": [[[35.6283375, 33.1880754], [35.6282645, 33.1881365], [35.6281968, 33.1880799], [35.6282698, 33.1880188], [35.6283375, 33.1880754]]]}}, {"type": "Feature", "properties": {"height": 3.0, "num_floors": null, "subtype": null, "class": null, "roof_height": null, "height_source": "floored"}, "geometry": {"type": "Polygon", "coordinates": [[[35.6284599, 33.1883303], [35.6283355, 33.1884036], [35.6282169, 33.1882626], [35.6283413, 33.1881893], [35.6284599, 33.1883303]]]}}, {"type": "Feature", "properties": {"height": 3.0, "num_floors": null, "subtype": null, "class": null, "roof_height": null, "height_source": "floored"}, "geometry": {"type": "Polygon", "coordinates": [[[35.6283487, 33.188507], [35.6282162, 33.1885944], [35.6281416, 33.1885152], [35.6281936, 33.1884809], [35.6281646, 33.1884502], [35.6282452, 33.188397], [35.6283487, 33.188507]]]}}, {"type": "Feature", "properties": {"height": 3.0, "num_floors": null, "subtype": null, "class": null, "roof_height": null, "height_source": "floored"}, "geometry": {"type": "Polygon", "coordinates": [[[35.6280732, 33.1886005], [35.6279705, 33.1886373], [35.6279048, 33.1885089], [35.6280076, 33.1884721], [35.6280732, 33.1886005]]]}}, {"type": "Feature", "properties": {"height": 3.0, "num_floors": null, "subtype": null, "class": null, "roof_height": null, "height_source": "floored"}, "geometry": {"type": "Polygon", "coordinates": [[[35.6280962, 33.1882072], [35.6280212, 33.188243], [35.6279463, 33.1881332], [35.62806, 33.1880789], [35.6281151, 33.1881596], [35.6280764, 33.1881781], [35.6280962, 33.1882072]]]}}, {"type": "Feature", "properties": {"height": 3.0, "num_floors": null, "subtype": null, "class": null, "roof_height": null, "height_source": "floored"}, "geometry": {"type": "Polygon", "coordinates": [[[35.6278629, 33.1882325], [35.6278126, 33.1882979], [35.6276716, 33.1882221], [35.62771, 33.1881721], [35.627733, 33.1881845], [35.6277449, 33.1881691], [35.6278629, 33.1882325]]]}}, {"type": "Feature", "properties": {"height": 3.0, "num_floors": null, "subtype": null, "class": null, "roof_height": null, "height_source": "floored"}, "geometry": {"type": "Polygon", "coordinates": [[[35.6278075, 33.1884172], [35.6277621, 33.1885091], [35.6276837, 33.188482], [35.6276965, 33.188456], [35.6276593, 33.1884338], [35.6276108, 33.1884545], [35.6275723, 33.1883913], [35.627688, 33.1883419], [35.6277142, 33.1883849], [35.6278075, 33.1884172]]]}}, {"type": "Feature", "properties": {"height": 3.0, "num_floors": null, "subtype": null, "class": null, "roof_height": null, "height_source": "floored"}, "geometry": {"type": "Polygon", "coordinates": [[[35.6279419, 33.1888213], [35.6278248, 33.188837], [35.6277976, 33.1886952], [35.6279147, 33.1886795], [35.6279419, 33.1888213]]]}}, {"type": "Feature", "properties": {"height": 3.0, "num_floors": null, "subtype": null, "class": null, "roof_height": null, "height_source": "floored"}, "geometry": {"type": "Polygon", "coordinates": [[[35.6276839, 33.1888188], [35.6276122, 33.1888627], [35.6275737, 33.1888186], [35.6275944, 33.1888059], [35.6275376, 33.188741], [35.6276193, 33.188691], [35.6276711, 33.1887504], [35.6276405, 33.1887691], [35.6276839, 33.1888188]]]}}, {"type": "Feature", "properties": {"height": 3.0, "num_floors": null, "subtype": null, "class": null, "roof_height": null, "height_source": "floored"}, "geometry": {"type": "Polygon", "coordinates": [[[35.6274086, 33.1887079], [35.6272783, 33.1887398], [35.6272356, 33.1886176], [35.6273523, 33.1885891], [35.62737, 33.1886397], [35.6273836, 33.1886363], [35.6274086, 33.1887079]]]}}, {"type": "Feature", "properties": {"height": 3.0, "num_floors": null, "subtype": null, "class": null, "roof_height": null, "height_source": "floored"}, "geometry": {"type": "Polygon", "coordinates": [[[35.6275451, 33.1884858], [35.6274537, 33.1885716], [35.6273383, 33.1884855], [35.6274136, 33.1884148], [35.6274663, 33.1884541], [35.6274823, 33.188439], [35.6275451, 33.1884858]]]}}, {"type": "Feature", "properties": {"height": 3.0, "num_floors": null, "subtype": null, "class": null, "roof_height": null, "height_source": "floored"}, "geometry": {"type": "Polygon", "coordinates": [[[35.6273111, 33.1882293], [35.6272761, 33.188189], [35.6273359, 33.1881527], [35.6273708, 33.188193], [35.6273111, 33.1882293]]]}}, {"type": "Feature", "properties": {"height": 3.0, "num_floors": null, "subtype": null, "class": null, "roof_height": null, "height_source": "floored"}, "geometry": {"type": "Polygon", "coordinates": [[[35.627642, 33.1878533], [35.6275275, 33.1879425], [35.6274002, 33.187828], [35.6274328, 33.1878025], [35.6274103, 33.1877822], [35.6274703, 33.1877355], [35.6275502, 33.1878074], [35.6275644, 33.1877836], [35.627642, 33.1878533]]]}}, {"type": "Feature", "properties": {"height": 3.0, "num_floors": null, "subtype": null, "class": null, "roof_height": null, "height_source": "floored"}, "geometry": {"type": "Polygon", "coordinates": [[[35.6274686, 33.1880811], [35.6273555, 33.1880995], [35.6273246, 33.1879656], [35.62725, 33.1879092], [35.6273144, 33.1878496], [35.6274364, 33.1879418], [35.6274686, 33.1880811]]]}}, {"type": "Feature", "properties": {"height": 3.0, "num_floors": null, "subtype": null, "class": null, "roof_height": null, "height_source": "floored"}, "geometry": {"type": "Polygon", "coordinates": [[[35.6273894, 33.1875066], [35.6272922, 33.1875804], [35.627177, 33.1874742], [35.6272553, 33.1874147], [35.6273104, 33.1874655], [35.6273246, 33.1874468], [35.6273894, 33.1875066]]]}}, {"type": "Feature", "properties": {"height": 3.0, "num_floors": null, "subtype": null, "class": null, "roof_height": null, "height_source": "floored"}, "geometry": {"type": "Polygon", "coordinates": [[[35.6276229, 33.1873962], [35.627524, 33.1874882], [35.627438, 33.1874234], [35.6274754, 33.1873886], [35.6273971, 33.1873296], [35.6274585, 33.1872724], [35.6276229, 33.1873962]]]}}, {"type": "Feature", "properties": {"height": 3.0, "num_floors": null, "subtype": null, "class": null, "roof_height": null, "height_source": "floored"}, "geometry": {"type": "Polygon", "coordinates": [[[35.6277203, 33.1872315], [35.627638, 33.187318], [35.6274925, 33.187221], [35.6275747, 33.1871345], [35.6277203, 33.1872315]]]}}, {"type": "Feature", "properties": {"height": 3.0, "num_floors": null, "subtype": null, "class": null, "roof_height": null, "height_source": "floored"}, "geometry": {"type": "Polygon", "coordinates": [[[35.6277843, 33.187586], [35.6277358, 33.1875858], [35.6277366, 33.1874837], [35.6278651, 33.1874844], [35.6278639, 33.1876327], [35.6277839, 33.1876323], [35.6277843, 33.187586]]]}}, {"type": "Feature", "properties": {"height": 3.0, "num_floors": null, "subtype": null, "class": null, "roof_height": null, "height_source": "floored"}, "geometry": {"type": "Polygon", "coordinates": [[[35.6278507, 33.1877902], [35.6277196, 33.1878526], [35.6276274, 33.1877169], [35.6277193, 33.1876731], [35.6277618, 33.1877356], [35.6278009, 33.187717], [35.6278507, 33.1877902]]]}}, {"type": "Feature", "properties": {"height": 3.0, "num_floors": null, "subtype": null, "class": null, "roof_height": null, "height_source": "floored"}, "geometry": {"type": "Polygon", "coordinates": [[[35.6278713, 33.1879576], [35.6279172, 33.1879999], [35.6278643, 33.1880401], [35.6278184, 33.1879978], [35.6278713, 33.1879576]]]}}, {"type": "Feature", "properties": {"height": 3.0, "num_floors": null, "subtype": null, "class": null, "roof_height": null, "height_source": "floored"}, "geometry": {"type": "Polygon", "coordinates": [[[35.6280708, 33.1878437], [35.6280361, 33.1878123], [35.6280714, 33.1877849], [35.6281062, 33.1878163], [35.6280708, 33.1878437]]]}}, {"type": "Feature", "properties": {"height": 3.0, "num_floors": null, "subtype": null, "class": null, "roof_height": null, "height_source": "floored"}, "geometry": {"type": "Polygon", "coordinates": [[[35.6280634, 33.1875165], [35.6279651, 33.1874983], [35.6279845, 33.1874247], [35.6281587, 33.1874569], [35.6281305, 33.1875639], [35.6280546, 33.1875499], [35.6280634, 33.1875165]]]}}, {"type": "Feature", "properties": {"height": 3.0, "num_floors": null, "subtype": null, "class": null, "roof_height": null, "height_source": "floored"}, "geometry": {"type": "Polygon", "coordinates": [[[35.627899, 33.1872308], [35.6279398, 33.1872454], [35.6279247, 33.187275], [35.6278838, 33.1872604], [35.627899, 33.1872308]]]}}, {"type": "Feature", "properties": {"height": 3.0, "num_floors": null, "subtype": null, "class": null, "roof_height": null, "height_source": "floored"}, "geometry": {"type": "Polygon", "coordinates": [[[35.6279593, 33.1869793], [35.6278577, 33.186992], [35.6278468, 33.1869305], [35.6278049, 33.1869358], [35.6277919, 33.1868629], [35.6279046, 33.1868488], [35.6279162, 33.1869138], [35.6279469, 33.18691], [35.6279593, 33.1869793]]]}}, {"type": "Feature", "properties": {"height": 3.0, "num_floors": null, "subtype": null, "class": null, "roof_height": null, "height_source": "floored"}, "geometry": {"type": "Polygon", "coordinates": [[[35.6279241, 33.1871606], [35.627864, 33.1872311], [35.6277894, 33.1871866], [35.6278105, 33.1871618], [35.6277766, 33.1871416], [35.627798, 33.1871164], [35.6277677, 33.1870984], [35.6278139, 33.1870441], [35.6279281, 33.1871122], [35.6278994, 33.1871459], [35.6279241, 33.1871606]]]}}, {"type": "Feature", "properties": {"height": 3.0, "num_floors": null, "subtype": null, "class": null, "roof_height": null, "height_source": "floored"}, "geometry": {"type": "Polygon", "coordinates": [[[35.6276609, 33.1870662], [35.6276969, 33.1870923], [35.6276571, 33.1871308], [35.627621, 33.1871046], [35.6276609, 33.1870662]]]}}, {"type": "Feature", "properties": {"height": 3.0, "num_floors": null, "subtype": null, "class": null, "roof_height": null, "height_source": "floored"}, "geometry": {"type": "Polygon", "coordinates": [[[35.6274682, 33.1867932], [35.6275211, 33.1868236], [35.6274831, 33.18687], [35.6274302, 33.1868397], [35.6274682, 33.1867932]]]}}, {"type": "Feature", "properties": {"height": 3.0, "num_floors": null, "subtype": null, "class": null, "roof_height": null, "height_source": "floored"}, "geometry": {"type": "Polygon", "coordinates": [[[35.6274926, 33.1870778], [35.6275409, 33.1870364], [35.6275835, 33.1870712], [35.6275352, 33.1871126], [35.6274926, 33.1870778]]]}}, {"type": "Feature", "properties": {"height": 3.0, "num_floors": null, "subtype": null, "class": null, "roof_height": null, "height_source": "floored"}, "geometry": {"type": "Polygon", "coordinates": [[[35.6273534, 33.1869671], [35.6272187, 33.186853], [35.6273067, 33.1867802], [35.6273673, 33.1868314], [35.6273885, 33.1868139], [35.6274626, 33.1868767], [35.6273534, 33.1869671]]]}}, {"type": "Feature", "properties": {"height": 3.0, "num_floors": null, "subtype": null, "class": null, "roof_height": null, "height_source": "floored"}, "geometry": {"type": "Polygon", "coordinates": [[[35.6274346, 33.1867318], [35.6272791, 33.1866478], [35.627349, 33.1865571], [35.6275046, 33.1866412], [35.6274346, 33.1867318]]]}}, {"type": "Feature", "properties": {"height": 3.0, "num_floors": null, "subtype": null, "class": null, "roof_height": null, "height_source": "floored"}, "geometry": {"type": "Polygon", "coordinates": [[[35.6276199, 33.1864434], [35.6274677, 33.1863633], [35.6275322, 33.1862775], [35.6277508, 33.1863926], [35.6277049, 33.1864537], [35.6276385, 33.1864187], [35.6276199, 33.1864434]]]}}, {"type": "Feature", "properties": {"height": 3.0, "num_floors": null, "subtype": null, "class": null, "roof_height": null, "height_source": "floored"}, "geometry": {"type": "Polygon", "coordinates": [[[35.627717, 33.1857658], [35.627675, 33.1857609], [35.6276838, 33.1857081], [35.6277259, 33.185713], [35.627717, 33.1857658]]]}}, {"type": "Feature", "properties": {"height": 3.0, "num_floors": null, "subtype": null, "class": null, "roof_height": null, "height_source": "floored"}, "geometry": {"type": "Polygon", "coordinates": [[[35.6276811, 33.1860567], [35.6276329, 33.186055], [35.6276355, 33.1860032], [35.6278481, 33.1860108], [35.6278468, 33.1860369], [35.6279101, 33.1860391], [35.6279058, 33.1861243], [35.6277567, 33.186119], [35.6277579, 33.1860959], [35.6276793, 33.1860931], [35.6276811, 33.1860567]]]}}, {"type": "Feature", "properties": {"height": 3.0, "num_floors": null, "subtype": null, "class": null, "roof_height": null, "height_source": "floored"}, "geometry": {"type": "Polygon", "coordinates": [[[35.6275955, 33.1862033], [35.6275565, 33.1861891], [35.6275915, 33.1861217], [35.6279242, 33.1862427], [35.6278725, 33.1863422], [35.6276334, 33.1862553], [35.6276624, 33.1861993], [35.6276078, 33.1861795], [35.6275955, 33.1862033]]]}}, {"type": "Feature", "properties": {"height": 3.0, "num_floors": null, "subtype": null, "class": null, "roof_height": null, "height_source": "floored"}, "geometry": {"type": "Polygon", "coordinates": [[[35.6280416, 33.1861179], [35.6279907, 33.1860983], [35.6280189, 33.1860471], [35.6280698, 33.1860667], [35.6280416, 33.1861179]]]}}, {"type": "Feature", "properties": {"height": 3.0, "num_floors": null, "subtype": null, "class": null, "roof_height": null, "height_source": "floored"}, "geometry": {"type": "Polygon", "coordinates": [[[35.6280371, 33.1860135], [35.6278542, 33.185965], [35.6279022, 33.1858383], [35.6281316, 33.1858991], [35.628105, 33.1859696], [35.6280583, 33.1859572], [35.6280371, 33.1860135]]]}}, {"type": "Feature", "properties": {"height": 3.0, "num_floors": null, "subtype": null, "class": null, "roof_height": null, "height_source": "floored"}, "geometry": {"type": "Polygon", "coordinates": [[[35.6279135, 33.1857637], [35.6278293, 33.1857301], [35.6278922, 33.1856196], [35.6281124, 33.1857074], [35.6280521, 33.1858134], [35.6279836, 33.1857861], [35.6279963, 33.1857637], [35.6279289, 33.1857368], [35.6279135, 33.1857637]]]}}, {"type": "Feature", "properties": {"height": 3.0, "num_floors": null, "subtype": null, "class": null, "roof_height": null, "height_source": "floored"}, "geometry": {"type": "Polygon", "coordinates": [[[35.6282198, 33.1856529], [35.6279971, 33.18562], [35.6280212, 33.1855058], [35.6282662, 33.1855421], [35.6282515, 33.1856121], [35.6282291, 33.1856087], [35.6282198, 33.1856529]]]}}, {"type": "Feature", "properties": {"height": 3.0, "num_floors": null, "subtype": null, "class": null, "roof_height": null, "height_source": "floored"}, "geometry": {"type": "Polygon", "coordinates": [[[35.6285009, 33.1862738], [35.6282828, 33.1861901], [35.6283392, 33.1860873], [35.6285573, 33.186171], [35.6285009, 33.1862738]]]}}, {"type": "Feature", "properties": {"height": 3.0, "num_floors": null, "subtype": null, "class": null, "roof_height": null, "height_source": "floored"}, "geometry": {"type": "Polygon", "coordinates": [[[35.6284374, 33.1864472], [35.6282648, 33.1863681], [35.6282928, 33.1863254], [35.6282301, 33.1862966], [35.6282594, 33.1862519], [35.6284947, 33.1863597], [35.6284374, 33.1864472]]]}}, {"type": "Feature", "properties": {"height": 3.0, "num_floors": null, "subtype": null, "class": null, "roof_height": null, "height_source": "floored"}, "geometry": {"type": "Polygon", "coordinates": [[[35.6282313, 33.1865935], [35.6280815, 33.1865156], [35.6281699, 33.1863967], [35.6283899, 33.1865112], [35.6283531, 33.1865608], [35.6282828, 33.1865242], [35.6282313, 33.1865935]]]}}, {"type": "Feature", "properties": {"height": 3.0, "num_floors": null, "subtype": null, "class": null, "roof_height": null, "height_source": "floored"}, "geometry": {"type": "Polygon", "coordinates": [[[35.6282186, 33.1867847], [35.6280376, 33.1866939], [35.6281042, 33.1866011], [35.6282851, 33.186692], [35.6282186, 33.1867847]]]}}, {"type": "Feature", "properties": {"height": 3.0, "num_floors": null, "subtype": null, "class": null, "roof_height": null, "height_source": "floored"}, "geometry": {"type": "Polygon", "coordinates": [[[35.6282964, 33.1872215], [35.6282405, 33.1871884], [35.6283043, 33.187113], [35.6284412, 33.1871941], [35.6283914, 33.1872529], [35.6283104, 33.1872049], [35.6282964, 33.1872215]]]}}, {"type": "Feature", "properties": {"height": 3.0, "num_floors": null, "subtype": null, "class": null, "roof_height": null, "height_source": "floored"}, "geometry": {"type": "Polygon", "coordinates": [[[35.6284535, 33.1869148], [35.6283761, 33.1868729], [35.6284342, 33.1867978], [35.6286418, 33.1869103], [35.6285743, 33.1869975], [35.6284706, 33.1869413], [35.6284932, 33.1869122], [35.6284666, 33.1868978], [35.6284535, 33.1869148]]]}}, {"type": "Feature", "properties": {"height": 3.0, "num_floors": null, "subtype": null, "class": null, "roof_height": null, "height_source": "floored"}, "geometry": {"type": "Polygon", "coordinates": [[[35.6286896, 33.186738], [35.6287149, 33.1867082], [35.628772, 33.1867421], [35.6287467, 33.1867719], [35.6286896, 33.186738]]]}}, {"type": "Feature", "properties": {"height": 3.0, "num_floors": null, "subtype": null, "class": null, "roof_height": null, "height_source": "floored"}, "geometry": {"type": "Polygon", "coordinates": [[[35.6286149, 33.1867867], [35.6284613, 33.1867162], [35.6285215, 33.1866243], [35.6286751, 33.1866947], [35.6286149, 33.1867867]]]}}, {"type": "Feature", "properties": {"height": 3.0, "num_floors": null, "subtype": null, "class": null, "roof_height": null, "height_source": "floored"}, "geometry": {"type": "Polygon", "coordinates": [[[35.629008, 33.187189], [35.6288419, 33.1871488], [35.6288688, 33.1870712], [35.6289677, 33.1870952], [35.6289742, 33.1870764], [35.6290413, 33.1870926], [35.629008, 33.187189]]]}}, {"type": "Feature", "properties": {"height": 3.0, "num_floors": null, "subtype": null, "class": null, "roof_height": null, "height_source": "floored"}, "geometry": {"type": "Polygon", "coordinates": [[[35.6287965, 33.1866714], [35.6286652, 33.1865947], [35.6287358, 33.1865102], [35.628867, 33.1865869], [35.6287965, 33.1866714]]]}}, {"type": "Feature", "properties": {"height": 3.0, "num_floors": null, "subtype": null, "class": null, "roof_height": null, "height_source": "floored"}, "geometry": {"type": "Polygon", "coordinates": [[[35.628788, 33.1864442], [35.6286799, 33.1863991], [35.6287452, 33.1862896], [35.6288877, 33.186349], [35.6288468, 33.1864177], [35.6288124, 33.1864033], [35.628788, 33.1864442]]]}}, {"type": "Feature", "properties": {"height": 3.0, "num_floors": null, "subtype": null, "class": null, "roof_height": null, "height_source": "floored"}, "geometry": {"type": "Polygon", "coordinates": [[[35.6290622, 33.1862634], [35.628995, 33.1863521], [35.6287438, 33.1862188], [35.628811, 33.1861301], [35.6290622, 33.1862634]]]}}, {"type": "Feature", "properties": {"height": 3.0, "num_floors": null, "subtype": null, "class": null, "roof_height": null, "height_source": "floored"}, "geometry": {"type": "Polygon", "coordinates": [[[35.6289032, 33.1860447], [35.6288564, 33.1860267], [35.628907, 33.1859341], [35.6289941, 33.1859674], [35.6289816, 33.1859902], [35.6290044, 33.1859989], [35.6289577, 33.1860843], [35.6288947, 33.1860602], [35.6289032, 33.1860447]]]}}, {"type": "Feature", "properties": {"height": 3.0, "num_floors": null, "subtype": null, "class": null, "roof_height": null, "height_source": "floored"}, "geometry": {"type": "Polygon", "coordinates": [[[35.6286601, 33.1861102], [35.6283744, 33.1860418], [35.6284135, 33.1859274], [35.6286037, 33.1859729], [35.6286113, 33.1859506], [35.6287068, 33.1859734], [35.6286601, 33.1861102]]]}}, {"type": "Feature", "properties": {"height": 3.0, "num_floors": null, "subtype": null, "class": null, "roof_height": null, "height_source": "floored"}, "geometry": {"type": "Polygon", "coordinates": [[[35.6286992, 33.1860156], [35.6287091, 33.1859856], [35.6287465, 33.1859942], [35.6287366, 33.1860242], [35.6286992, 33.1860156]]]}}, {"type": "Feature", "properties": {"height": 3.0, "num_floors": null, "subtype": null, "class": null, "roof_height": null, "height_source": "floored"}, "geometry": {"type": "Polygon", "coordinates": [[[35.6285482, 33.185808], [35.6284852, 33.1857834], [35.6285174, 33.1857255], [35.6287955, 33.185834], [35.6287683, 33.1858828], [35.6286735, 33.1858458], [35.6286431, 33.1859004], [35.6285229, 33.1858535], [35.6285482, 33.185808]]]}}, {"type": "Feature", "properties": {"height": 3.0, "num_floors": null, "subtype": null, "class": null, "roof_height": null, "height_source": "floored"}, "geometry": {"type": "Polygon", "coordinates": [[[35.628817, 33.1857218], [35.6286041, 33.1856907], [35.6286241, 33.1855948], [35.628837, 33.1856259], [35.628817, 33.1857218]]]}}, {"type": "Feature", "properties": {"height": 3.0, "num_floors": null, "subtype": null, "class": null, "roof_height": null, "height_source": "floored"}, "geometry": {"type": "Polygon", "coordinates": [[[35.6291809, 33.1856594], [35.6291608, 33.1857436], [35.6290638, 33.1857274], [35.6290023, 33.1855979], [35.629092, 33.185568], [35.6291315, 33.1856511], [35.6291809, 33.1856594]]]}}, {"type": "Feature", "properties": {"height": 3.0, "num_floors": null, "subtype": null, "class": null, "roof_height": null, "height_source": "floored"}, "geometry": {"type": "Polygon", "coordinates": [[[35.6290752, 33.1858518], [35.6290048, 33.1858625], [35.6289942, 33.1858131], [35.6291401, 33.1857911], [35.6291466, 33.1858216], [35.6292105, 33.185812], [35.6292281, 33.1858933], [35.6290887, 33.1859143], [35.6290752, 33.1858518]]]}}, {"type": "Feature", "properties": {"height": 3.0, "num_floors": null, "subtype": null, "class": null, "roof_height": null, "height_source": "floored"}, "geometry": {"type": "Polygon", "coordinates": [[[35.6292558, 33.1861969], [35.6292967, 33.1861109], [35.6293536, 33.1861299], [35.6293126, 33.1862158], [35.6292558, 33.1861969]]]}}, {"type": "Feature", "properties": {"height": 3.0, "num_floors": null, "subtype": null, "class": null, "roof_height": null, "height_source": "floored"}, "geometry": {"type": "Polygon", "coordinates": [[[35.629294, 33.1858211], [35.6292294, 33.1858107], [35.6292403, 33.1857631], [35.629305, 33.1857735], [35.629294, 33.1858211]]]}}, {"type": "Feature", "properties": {"height": 3.0, "num_floors": null, "subtype": null, "class": null, "roof_height": null, "height_source": "floored"}, "geometry": {"type": "Polygon", "coordinates": [[[35.6294482, 33.1857473], [35.6294915, 33.1857555], [35.6294731, 33.1858238], [35.6294297, 33.1858156], [35.6294482, 33.1857473]]]}}, {"type": "Feature", "properties": {"height": 3.0, "num_floors": null, "subtype": null, "class": null, "roof_height": null, "height_source": "floored"}, "geometry": {"type": "Polygon", "coordinates": [[[35.6295152, 33.1856937], [35.6296026, 33.1857247], [35.6295814, 33.1857666], [35.629494, 33.1857356], [35.6295152, 33.1856937]]]}}, {"type": "Feature", "properties": {"height": 3.0, "num_floors": null, "subtype": null, "class": null, "roof_height": null, "height_source": "floored"}, "geometry": {"type": "Polygon", "coordinates": [[[35.6296378, 33.1859774], [35.6294713, 33.1859415], [35.6295, 33.1858483], [35.6296665, 33.1858842], [35.6296378, 33.1859774]]]}}, {"type": "Feature", "properties": {"height": 3.0, "num_floors": null, "subtype": null, "class": null, "roof_height": null, "height_source": "floored"}, "geometry": {"type": "Polygon", "coordinates": [[[35.6295385, 33.1856277], [35.629492, 33.1856251], [35.6294956, 33.1855804], [35.6295421, 33.185583], [35.6295385, 33.1856277]]]}}, {"type": "Feature", "properties": {"height": 3.0, "num_floors": null, "subtype": null, "class": null, "roof_height": null, "height_source": "floored"}, "geometry": {"type": "Polygon", "coordinates": [[[35.629855, 33.1856052], [35.6296329, 33.1855588], [35.6296565, 33.1854795], [35.6297664, 33.1855025], [35.6297757, 33.1854714], [35.6297925, 33.1854749], [35.6298026, 33.1854411], [35.6298981, 33.185461], [35.629855, 33.1856052]]]}}, {"type": "Feature", "properties": {"height": 3.0, "num_floors": null, "subtype": null, "class": null, "roof_height": null, "height_source": "floored"}, "geometry": {"type": "Polygon", "coordinates": [[[35.6296704, 33.1857713], [35.6296425, 33.1857637], [35.6296773, 33.1856743], [35.6298723, 33.1857274], [35.6298268, 33.1858446], [35.6296596, 33.185799], [35.6296704, 33.1857713]]]}}, {"type": "Feature", "properties": {"height": 3.0, "num_floors": null, "subtype": null, "class": null, "roof_height": null, "height_source": "floored"}, "geometry": {"type": "Polygon", "coordinates": [[[35.6296131, 33.1862094], [35.6294888, 33.1861988], [35.6294977, 33.1861258], [35.6296017, 33.1861347], [35.629607, 33.1860909], [35.6297189, 33.1861004], [35.6297093, 33.1861795], [35.6296176, 33.1861718], [35.6296131, 33.1862094]]]}}, {"type": "Feature", "properties": {"height": 3.0, "num_floors": null, "subtype": null, "class": null, "roof_height": null, "height_source": "floored"}, "geometry": {"type": "Polygon", "coordinates": [[[35.6294519, 33.1863767], [35.6293286, 33.1863605], [35.6293445, 33.1862761], [35.6294016, 33.1862836], [35.6294063, 33.1862587], [35.6294724, 33.1862674], [35.6294519, 33.1863767]]]}}, {"type": "Feature", "properties": {"height": 3.0, "num_floors": null, "subtype": null, "class": null, "roof_height": null, "height_source": "floored"}, "geometry": {"type": "Polygon", "coordinates": [[[35.6294453, 33.1865543], [35.6293887, 33.1866519], [35.6292193, 33.186583], [35.6292461, 33.1865368], [35.629228, 33.1865294], [35.6292578, 33.186478], [35.6294453, 33.1865543]]]}}, {"type": "Feature", "properties": {"height": 3.0, "num_floors": null, "subtype": null, "class": null, "roof_height": null, "height_source": "floored"}, "geometry": {"type": "Polygon", "coordinates": [[[35.6293499, 33.1867308], [35.6293173, 33.1868104], [35.6292096, 33.1867794], [35.6291946, 33.1868161], [35.6290831, 33.186784], [35.6291003, 33.1867422], [35.6290646, 33.186732], [35.629102, 33.1866407], [35.6292888, 33.1866943], [35.6292818, 33.1867113], [35.6293499, 33.1867308]]]}}, {"type": "Feature", "properties": {"height": 3.0, "num_floors": null, "subtype": null, "class": null, "roof_height": null, "height_source": "floored"}, "geometry": {"type": "Polygon", "coordinates": [[[35.6292752, 33.1869262], [35.6292192, 33.1870375], [35.629042, 33.1869751], [35.629053, 33.1869533], [35.6290086, 33.1869377], [35.6290409, 33.1868735], [35.6291644, 33.1869171], [35.6291772, 33.1868917], [35.6292752, 33.1869262]]]}}, {"type": "Feature", "properties": {"height": 3.0, "num_floors": null, "subtype": null, "class": null, "roof_height": null, "height_source": "floored"}, "geometry": {"type": "Polygon", "coordinates": [[[35.629121, 33.1876648], [35.6291083, 33.1877245], [35.6290101, 33.18771], [35.6290202, 33.1876622], [35.628952, 33.1876001], [35.6290348, 33.1875366], [35.6291157, 33.1876104], [35.6290839, 33.1876593], [35.629121, 33.1876648]]]}}, {"type": "Feature", "properties": {"height": 3.0, "num_floors": null, "subtype": null, "class": null, "roof_height": null, "height_source": "floored"}, "geometry": {"type": "Polygon", "coordinates": [[[35.628981, 33.1841991], [35.6288903, 33.1842075], [35.6288736, 33.1840824], [35.6290535, 33.1840656], [35.6290638, 33.1841429], [35.6289746, 33.1841512], [35.628981, 33.1841991]]]}}, {"type": "Feature", "properties": {"height": 3.0, "num_floors": null, "subtype": null, "class": null, "roof_height": null, "height_source": "floored"}, "geometry": {"type": "Polygon", "coordinates": [[[35.6290435, 33.1845607], [35.6289674, 33.1845815], [35.6289376, 33.184505], [35.6290001, 33.1844879], [35.6289865, 33.184453], [35.6290535, 33.1844347], [35.6290863, 33.1845189], [35.6290329, 33.1845335], [35.6290435, 33.1845607]]]}}, {"type": "Feature", "properties": {"height": 3.0, "num_floors": null, "subtype": null, "class": null, "roof_height": null, "height_source": "floored"}, "geometry": {"type": "Polygon", "coordinates": [[[35.6293366, 33.1855087], [35.6291968, 33.1855457], [35.6291687, 33.1854713], [35.6292315, 33.1854547], [35.6292148, 33.1854104], [35.6292918, 33.18539], [35.6293366, 33.1855087]]]}}, {"type": "Feature", "properties": {"height": 3.0, "num_floors": null, "subtype": null, "class": null, "roof_height": null, "height_source": "floored"}, "geometry": {"type": "Polygon", "coordinates": [[[35.6292958, 33.1852104], [35.6292887, 33.18531], [35.6291945, 33.1853053], [35.6291029, 33.185194], [35.6291876, 33.1851452], [35.6292389, 33.1852075], [35.6292958, 33.1852104]]]}}, {"type": "Feature", "properties": {"height": 3.0, "num_floors": null, "subtype": null, "class": null, "roof_height": null, "height_source": "floored"}, "geometry": {"type": "Polygon", "coordinates": [[[35.6287439, 33.1853346], [35.6287158, 33.1853228], [35.6287279, 33.1852177], [35.628955, 33.1852358], [35.6289398, 33.1853694], [35.6288516, 33.1853624], [35.6288568, 33.1853168], [35.6287469, 33.1853079], [35.6287439, 33.1853346]]]}}, {"type": "Feature", "properties": {"height": 3.0, "num_floors": null, "subtype": null, "class": null, "roof_height": null, "height_source": "floored"}, "geometry": {"type": "Polygon", "coordinates": [[[35.6288772, 33.1851761], [35.6287024, 33.1851413], [35.6287321, 33.1850366], [35.628907, 33.1850713], [35.6288772, 33.1851761]]]}}, {"type": "Feature", "properties": {"height": 3.0, "num_floors": null, "subtype": null, "class": null, "roof_height": null, "height_source": "floored"}, "geometry": {"type": "Polygon", "coordinates": [[[35.6288745, 33.1855581], [35.6285754, 33.1855046], [35.6285998, 33.1854088], [35.6288989, 33.1854622], [35.6288745, 33.1855581]]]}}, {"type": "Feature", "properties": {"height": 3.0, "num_floors": null, "subtype": null, "class": null, "roof_height": null, "height_source": "floored"}, "geometry": {"type": "Polygon", "coordinates": [[[35.6286392, 33.185366], [35.6286595, 33.1853328], [35.6286986, 33.1853496], [35.6286783, 33.1853827], [35.6286392, 33.185366]]]}}, {"type": "Feature", "properties": {"height": 3.0, "num_floors": null, "subtype": null, "class": null, "roof_height": null, "height_source": "floored"}, "geometry": {"type": "Polygon", "coordinates": [[[35.62893, 33.1843882], [35.6287784, 33.184386], [35.6287803, 33.1842957], [35.6289319, 33.1842979], [35.62893, 33.1843882]]]}}, {"type": "Feature", "properties": {"height": 3.0, "num_floors": null, "subtype": null, "class": null, "roof_height": null, "height_source": "floored"}, "geometry": {"type": "Polygon", "coordinates": [[[35.6286898, 33.1842], [35.6286921, 33.1841507], [35.6287483, 33.1841526], [35.628746, 33.1842019], [35.6286898, 33.1842]]]}}, {"type": "Feature", "properties": {"height": 3.0, "num_floors": null, "subtype": null, "class": null, "roof_height": null, "height_source": "floored"}, "geometry": {"type": "Polygon", "coordinates": [[[35.6285102, 33.1842103], [35.6285637, 33.1842121], [35.6285611, 33.1842682], [35.6285075, 33.1842664], [35.6285102, 33.1842103]]]}}, {"type": "Feature", "properties": {"height": 3.0, "num_floors": null, "subtype": null, "class": null, "roof_height": null, "height_source": "floored"}, "geometry": {"type": "Polygon", "coordinates": [[[35.628444, 33.1845259], [35.6282941, 33.1845269], [35.6282933, 33.1844419], [35.6285252, 33.1844402], [35.6285266, 33.1845787], [35.6284445, 33.1845793], [35.628444, 33.1845259]]]}}, {"type": "Feature", "properties": {"height": 3.0, "num_floors": null, "subtype": null, "class": null, "roof_height": null, "height_source": "floored"}, "geometry": {"type": "Polygon", "coordinates": [[[35.6284113, 33.1843731], [35.6282171, 33.184363], [35.6282248, 33.1842601], [35.6284189, 33.1842702], [35.6284113, 33.1843731]]]}}, {"type": "Feature", "properties": {"height": 3.0, "num_floors": null, "subtype": null, "class": null, "roof_height": null, "height_source": "floored"}, "geometry": {"type": "Polygon", "coordinates": [[[35.6285075, 33.183993], [35.6281814, 33.1840327], [35.628173, 33.1839843], [35.6282234, 33.1839782], [35.6282089, 33.1838946], [35.6284846, 33.183861], [35.6285075, 33.183993]]]}}, {"type": "Feature", "properties": {"height": 3.0, "num_floors": null, "subtype": null, "class": null, "roof_height": null, "height_source": "floored"}, "geometry": {"type": "Polygon", "coordinates": [[[35.6285139, 33.1841718], [35.6283348, 33.1841866], [35.6283222, 33.1840805], [35.6285013, 33.1840656], [35.6285139, 33.1841718]]]}}, {"type": "Feature", "properties": {"height": 3.0, "num_floors": null, "subtype": null, "class": null, "roof_height": null, "height_source": "floored"}, "geometry": {"type": "Polygon", "coordinates": [[[35.6281684, 33.1844531], [35.6282221, 33.1844541], [35.6282199, 33.1845318], [35.6281663, 33.1845308], [35.6281684, 33.1844531]]]}}, {"type": "Feature", "properties": {"height": 3.0, "num_floors": null, "subtype": null, "class": null, "roof_height": null, "height_source": "floored"}, "geometry": {"type": "Polygon", "coordinates": [[[35.6281778, 33.18508], [35.6281038, 33.1850672], [35.6281291, 33.1849643], [35.6282737, 33.1849892], [35.6282792, 33.1849668], [35.6284059, 33.1849886], [35.6283885, 33.1850594], [35.6283532, 33.1850533], [35.6283398, 33.1851079], [35.6282582, 33.1850939], [35.6282634, 33.1850728], [35.628183, 33.185059], [35.6281778, 33.18508]]]}}, {"type": "Feature", "properties": {"height": 3.0, "num_floors": null, "subtype": null, "class": null, "roof_height": null, "height_source": "floored"}, "geometry": {"type": "Polygon", "coordinates": [[[35.6284852, 33.1847853], [35.6281761, 33.1847522], [35.6281959, 33.1846227], [35.6282849, 33.1846322], [35.6282766, 33.184687], [35.6284355, 33.184704], [35.6284437, 33.1846499], [35.6285049, 33.1846564], [35.6284852, 33.1847853]]]}}, {"type": "Feature", "properties": {"height": 3.0, "num_floors": null, "subtype": null, "class": null, "roof_height": null, "height_source": "floored"}, "geometry": {"type": "Polygon", "coordinates": [[[35.6283576, 33.1854321], [35.6282969, 33.1854255], [35.6283083, 33.1853526], [35.628369, 33.1853593], [35.6283576, 33.1854321]]]}}, {"type": "Feature", "properties": {"height": 3.0, "num_floors": null, "subtype": null, "class": null, "roof_height": null, "height_source": "floored"}, "geometry": {"type": "Polygon", "coordinates": [[[35.6280833, 33.1852266], [35.6280926, 33.1851321], [35.6282125, 33.1851404], [35.6282122, 33.1851434], [35.628364, 33.1851539], [35.628355, 33.1852453], [35.6280833, 33.1852266]]]}}, {"type": "Feature", "properties": {"height": 3.0, "num_floors": null, "subtype": null, "class": null, "roof_height": null, "height_source": "floored"}, "geometry": {"type": "Polygon", "coordinates": [[[35.6280791, 33.1854303], [35.6279245, 33.1853876], [35.6279463, 33.1853324], [35.6279185, 33.1853248], [35.627941, 33.1852678], [35.6281929, 33.1853373], [35.6281702, 33.185395], [35.6281006, 33.1853758], [35.6280791, 33.1854303]]]}}, {"type": "Feature", "properties": {"height": 3.0, "num_floors": null, "subtype": null, "class": null, "roof_height": null, "height_source": "floored"}, "geometry": {"type": "Polygon", "coordinates": [[[35.6280265, 33.1852842], [35.6279725, 33.1852748], [35.6279814, 33.185239], [35.6280354, 33.1852484], [35.6280265, 33.1852842]]]}}, {"type": "Feature", "properties": {"height": 3.0, "num_floors": null, "subtype": null, "class": null, "roof_height": null, "height_source": "floored"}, "geometry": {"type": "Polygon", "coordinates": [[[35.6280532, 33.1851212], [35.6280871, 33.1851261], [35.6280706, 33.1852068], [35.6280367, 33.1852019], [35.6280532, 33.1851212]]]}}, {"type": "Feature", "properties": {"height": 3.0, "num_floors": null, "subtype": null, "class": null, "roof_height": null, "height_source": "floored"}, "geometry": {"type": "Polygon", "coordinates": [[[35.6279747, 33.1849307], [35.628035, 33.1849385], [35.6280307, 33.1849618], [35.6279705, 33.184954], [35.6279747, 33.1849307]]]}}, {"type": "Feature", "properties": {"height": 3.0, "num_floors": null, "subtype": null, "class": null, "roof_height": null, "height_source": "floored"}, "geometry": {"type": "Polygon", "coordinates": [[[35.6278749, 33.1854024], [35.6278386, 33.1853894], [35.6278561, 33.1853552], [35.6278924, 33.1853683], [35.6278749, 33.1854024]]]}}, {"type": "Feature", "properties": {"height": 3.0, "num_floors": null, "subtype": null, "class": null, "roof_height": null, "height_source": "floored"}, "geometry": {"type": "Polygon", "coordinates": [[[35.6274689, 33.1846514], [35.6272543, 33.1846372], [35.6272629, 33.1845454], [35.6274775, 33.1845596], [35.6274689, 33.1846514]]]}}, {"type": "Feature", "properties": {"height": 3.0, "num_floors": null, "subtype": null, "class": null, "roof_height": null, "height_source": "floored"}, "geometry": {"type": "Polygon", "coordinates": [[[35.6273598, 33.1838618], [35.627232, 33.1838932], [35.6272083, 33.1838255], [35.6274767, 33.1837596], [35.6275211, 33.1838863], [35.6273805, 33.1839208], [35.6273598, 33.1838618]]]}}, {"type": "Feature", "properties": {"height": 3.0, "num_floors": null, "subtype": null, "class": null, "roof_height": null, "height_source": "floored"}, "geometry": {"type": "Polygon", "coordinates": [[[35.6273415, 33.1840831], [35.6272321, 33.184096], [35.6272167, 33.1840043], [35.6274893, 33.1839722], [35.6275074, 33.1840799], [35.627393, 33.1840934], [35.6273862, 33.1840535], [35.6273294, 33.1840602], [35.6273415, 33.1840831]]]}}, {"type": "Feature", "properties": {"height": 3.0, "num_floors": null, "subtype": null, "class": null, "roof_height": null, "height_source": "floored"}, "geometry": {"type": "Polygon", "coordinates": [[[35.627574, 33.1842824], [35.6273671, 33.1842934], [35.6273577, 33.1841691], [35.6275258, 33.1841602], [35.6275279, 33.184189], [35.6275668, 33.1841869], [35.627574, 33.1842824]]]}}, {"type": "Feature", "properties": {"height": 3.0, "num_floors": null, "subtype": null, "class": null, "roof_height": null, "height_source": "floored"}, "geometry": {"type": "Polygon", "coordinates": [[[35.6279875, 33.184066], [35.6278058, 33.1840743], [35.6278013, 33.1840048], [35.6277754, 33.184006], [35.6277703, 33.1839273], [35.6279778, 33.1839178], [35.6279875, 33.184066]]]}}, {"type": "Feature", "properties": {"height": 3.0, "num_floors": null, "subtype": null, "class": null, "roof_height": null, "height_source": "floored"}, "geometry": {"type": "Polygon", "coordinates": [[[35.6277018, 33.1841629], [35.6277009, 33.1841068], [35.6277609, 33.1841062], [35.6277618, 33.1841623], [35.6277018, 33.1841629]]]}}, {"type": "Feature", "properties": {"height": 3.0, "num_floors": null, "subtype": null, "class": null, "roof_height": null, "height_source": "floored"}, "geometry": {"type": "Polygon", "coordinates": [[[35.6278486, 33.1844276], [35.6277839, 33.1844284], [35.6277832, 33.184383], [35.627962, 33.1843809], [35.627963, 33.1844398], [35.627933, 33.1844401], [35.6279338, 33.1844889], [35.6278497, 33.1844899], [35.6278486, 33.1844276]]]}}, {"type": "Feature", "properties": {"height": 3.0, "num_floors": null, "subtype": null, "class": null, "roof_height": null, "height_source": "floored"}, "geometry": {"type": "Polygon", "coordinates": [[[35.6279554, 33.1846979], [35.6278659, 33.1846947], [35.6278722, 33.1845721], [35.6281167, 33.1845809], [35.628111, 33.1846922], [35.6280155, 33.1846888], [35.6280178, 33.1846442], [35.6279583, 33.184642], [35.6279554, 33.1846979]]]}}, {"type": "Feature", "properties": {"height": 3.0, "num_floors": null, "subtype": null, "class": null, "roof_height": null, "height_source": "floored"}, "geometry": {"type": "Polygon", "coordinates": [[[35.6280993, 33.184282], [35.627877, 33.1842842], [35.627875, 33.1841375], [35.6279592, 33.1841367], [35.6279597, 33.1841744], [35.6280978, 33.1841731], [35.6280993, 33.184282]]]}}, {"type": "Feature", "properties": {"height": 3.0, "num_floors": null, "subtype": null, "class": null, "roof_height": null, "height_source": "floored"}, "geometry": {"type": "Polygon", "coordinates": [[[35.6278745, 33.1839009], [35.6278714, 33.183872], [35.6279167, 33.1838685], [35.6279198, 33.1838975], [35.6278745, 33.1839009]]]}}, {"type": "Feature", "properties": {"height": 3.0, "num_floors": null, "subtype": null, "class": null, "roof_height": null, "height_source": "floored"}, "geometry": {"type": "Polygon", "coordinates": [[[35.6280241, 33.1838202], [35.6280858, 33.1838192], [35.6280868, 33.183861], [35.6280251, 33.183862], [35.6280241, 33.1838202]]]}}, {"type": "Feature", "properties": {"height": 3.0, "num_floors": null, "subtype": null, "class": null, "roof_height": null, "height_source": "floored"}, "geometry": {"type": "Polygon", "coordinates": [[[35.6279946, 33.1835983], [35.6277055, 33.183654], [35.6276767, 33.1835494], [35.627817, 33.1835224], [35.6278097, 33.1834956], [35.6279585, 33.183467], [35.6279946, 33.1835983]]]}}, {"type": "Feature", "properties": {"height": 3.0, "num_floors": null, "subtype": null, "class": null, "roof_height": null, "height_source": "floored"}, "geometry": {"type": "Polygon", "coordinates": [[[35.6279563, 33.1838336], [35.6277561, 33.1838581], [35.6277386, 33.1837581], [35.6278486, 33.1837446], [35.6278411, 33.1837016], [35.6280105, 33.1836808], [35.6280263, 33.1837715], [35.6279471, 33.1837812], [35.6279563, 33.1838336]]]}}, {"type": "Feature", "properties": {"height": 3.0, "num_floors": null, "subtype": null, "class": null, "roof_height": null, "height_source": "floored"}, "geometry": {"type": "Polygon", "coordinates": [[[35.6273843, 33.183714], [35.6271669, 33.1837574], [35.6271323, 33.183636], [35.6273498, 33.1835926], [35.6273843, 33.183714]]]}}, {"type": "Feature", "properties": {"height": 3.0, "num_floors": null, "subtype": null, "class": null, "roof_height": null, "height_source": "floored"}, "geometry": {"type": "Polygon", "coordinates": [[[35.5851982, 33.2260943], [35.5850104, 33.2260895], [35.585014, 33.2259922], [35.5852017, 33.2259969], [35.5851982, 33.2260943]]]}}, {"type": "Feature", "properties": {"height": 3.0, "num_floors": null, "subtype": null, "class": null, "roof_height": null, "height_source": "floored"}, "geometry": {"type": "Polygon", "coordinates": [[[35.5849927, 33.2257916], [35.5848884, 33.2257913], [35.5848889, 33.2256428], [35.5849932, 33.225643], [35.5849927, 33.2257916]]]}}, {"type": "Feature", "properties": {"height": 3.0, "num_floors": null, "subtype": null, "class": null, "roof_height": null, "height_source": "floored"}, "geometry": {"type": "Polygon", "coordinates": [[[35.5849689, 33.2254889], [35.5848646, 33.2254887], [35.5848651, 33.2253401], [35.5849694, 33.2253404], [35.5849689, 33.2254889]]]}}, {"type": "Feature", "properties": {"height": 3.0, "num_floors": null, "subtype": null, "class": null, "roof_height": null, "height_source": "floored"}, "geometry": {"type": "Polygon", "coordinates": [[[35.5848596, 33.225789], [35.5847553, 33.2257888], [35.5847558, 33.2256402], [35.5848601, 33.2256405], [35.5848596, 33.225789]]]}}, {"type": "Feature", "properties": {"height": 3.0, "num_floors": null, "subtype": null, "class": null, "roof_height": null, "height_source": "floored"}, "geometry": {"type": "Polygon", "coordinates": [[[35.584726, 33.2257872], [35.5846217, 33.225787], [35.5846222, 33.2256384], [35.5847264, 33.2256387], [35.584726, 33.2257872]]]}}, {"type": "Feature", "properties": {"height": 3.0, "num_floors": null, "subtype": null, "class": null, "roof_height": null, "height_source": "floored"}, "geometry": {"type": "Polygon", "coordinates": [[[35.5847053, 33.2254879], [35.584601, 33.2254877], [35.5846015, 33.2253391], [35.5847058, 33.2253393], [35.5847053, 33.2254879]]]}}, {"type": "Feature", "properties": {"height": 3.0, "num_floors": null, "subtype": null, "class": null, "roof_height": null, "height_source": "floored"}, "geometry": {"type": "Polygon", "coordinates": [[[35.5848415, 33.2254866], [35.5847372, 33.2254864], [35.5847377, 33.2253379], [35.5848419, 33.2253381], [35.5848415, 33.2254866]]]}}, {"type": "Feature", "properties": {"height": 3.0, "num_floors": null, "subtype": null, "class": null, "roof_height": null, "height_source": "floored"}, "geometry": {"type": "Polygon", "coordinates": [[[35.5848852, 33.2249948], [35.5847976, 33.2249949], [35.5847971, 33.2248347], [35.5850264, 33.2248342], [35.5850268, 33.2249923], [35.5849497, 33.2249924], [35.5849495, 33.2249387], [35.5848851, 33.2249389], [35.5848852, 33.2249948]]]}}, {"type": "Feature", "properties": {"height": 3.0, "num_floors": null, "subtype": null, "class": null, "roof_height": null, "height_source": "floored"}, "geometry": {"type": "Polygon", "coordinates": [[[35.5851273, 33.2257701], [35.585023, 33.2257698], [35.5850235, 33.2256213], [35.5851278, 33.2256215], [35.5851273, 33.2257701]]]}}, {"type": "Feature", "properties": {"height": 3.0, "num_floors": null, "subtype": null, "class": null, "roof_height": null, "height_source": "floored"}, "geometry": {"type": "Polygon", "coordinates": [[[35.5853911, 33.2254657], [35.5850604, 33.2254631], [35.5850624, 33.2252849], [35.5852326, 33.2252862], [35.5852322, 33.2253246], [35.5853465, 33.2253255], [35.585346, 33.2253766], [35.5855176, 33.225378], [35.5855156, 33.2255571], [35.5855966, 33.2255578], [35.585594, 33.2257931], [35.5853874, 33.2257915], [35.5853911, 33.2254657]]]}}, {"type": "Feature", "properties": {"height": 3.0, "num_floors": null, "subtype": null, "class": null, "roof_height": null, "height_source": "floored"}, "geometry": {"type": "Polygon", "coordinates": [[[35.585316, 33.2249647], [35.5851145, 33.2249641], [35.5851151, 33.2248309], [35.5853166, 33.2248315], [35.585316, 33.2249647]]]}}, {"type": "Feature", "properties": {"height": 3.0, "num_floors": null, "subtype": null, "class": null, "roof_height": null, "height_source": "floored"}, "geometry": {"type": "Polygon", "coordinates": [[[35.5854117, 33.2247101], [35.5852386, 33.2247143], [35.5852344, 33.2245946], [35.5854075, 33.2245903], [35.5854117, 33.2247101]]]}}, {"type": "Feature", "properties": {"height": 3.0, "num_floors": null, "subtype": null, "class": null, "roof_height": null, "height_source": "floored"}, "geometry": {"type": "Polygon", "coordinates": [[[35.5850686, 33.2247294], [35.584921, 33.2247288], [35.584922, 33.2245643], [35.5850697, 33.224565], [35.5850686, 33.2247294]]]}}, {"type": "Feature", "properties": {"height": 3.0, "num_floors": null, "subtype": null, "class": null, "roof_height": null, "height_source": "floored"}, "geometry": {"type": "Polygon", "coordinates": [[[35.5851199, 33.2240749], [35.5849552, 33.2240749], [35.5849551, 33.2238891], [35.5851475, 33.2238891], [35.5851475, 33.2239732], [35.5851199, 33.2239732], [35.5851199, 33.2240749]]]}}, {"type": "Feature", "properties": {"height": 3.0, "num_floors": null, "subtype": null, "class": null, "roof_height": null, "height_source": "floored"}, "geometry": {"type": "Polygon", "coordinates": [[[35.5852855, 33.2241937], [35.585243, 33.2241841], [35.5852511, 33.224159], [35.5852936, 33.2241686], [35.5852855, 33.2241937]]]}}, {"type": "Feature", "properties": {"height": 3.0, "num_floors": null, "subtype": null, "class": null, "roof_height": null, "height_source": "floored"}, "geometry": {"type": "Polygon", "coordinates": [[[35.5854123, 33.2233385], [35.5852647, 33.2233379], [35.5852657, 33.2231734], [35.5854133, 33.2231741], [35.5854123, 33.2233385]]]}}, {"type": "Feature", "properties": {"height": 3.0, "num_floors": null, "subtype": null, "class": null, "roof_height": null, "height_source": "floored"}, "geometry": {"type": "Polygon", "coordinates": [[[35.5852182, 33.2229446], [35.5850167, 33.222944], [35.5850173, 33.2228108], [35.5852187, 33.2228114], [35.5852182, 33.2229446]]]}}, {"type": "Feature", "properties": {"height": 3.0, "num_floors": null, "subtype": null, "class": null, "roof_height": null, "height_source": "floored"}, "geometry": {"type": "Polygon", "coordinates": [[[35.5850709, 33.2236639], [35.5849599, 33.2236625], [35.5849628, 33.2234968], [35.5850739, 33.2234982], [35.5850709, 33.2236639]]]}}, {"type": "Feature", "properties": {"height": 3.0, "num_floors": null, "subtype": null, "class": null, "roof_height": null, "height_source": "floored"}, "geometry": {"type": "Polygon", "coordinates": [[[35.5849545, 33.2233497], [35.5848159, 33.2233476], [35.5848168, 33.2233093], [35.5848447, 33.2233097], [35.5848476, 33.2231733], [35.5849583, 33.223175], [35.5849545, 33.2233497]]]}}, {"type": "Feature", "properties": {"height": 3.0, "num_floors": null, "subtype": null, "class": null, "roof_height": null, "height_source": "floored"}, "geometry": {"type": "Polygon", "coordinates": [[[35.584816, 33.2236759], [35.5846684, 33.2236752], [35.5846694, 33.2235108], [35.584817, 33.2235114], [35.584816, 33.2236759]]]}}, {"type": "Feature", "properties": {"height": 3.0, "num_floors": null, "subtype": null, "class": null, "roof_height": null, "height_source": "floored"}, "geometry": {"type": "Polygon", "coordinates": [[[35.5847836, 33.224381], [35.584682, 33.2243791], [35.5846859, 33.2242324], [35.5847874, 33.2242343], [35.5847836, 33.224381]]]}}, {"type": "Feature", "properties": {"height": 3.0, "num_floors": null, "subtype": null, "class": null, "roof_height": null, "height_source": "floored"}, "geometry": {"type": "Polygon", "coordinates": [[[35.5849122, 33.2240851], [35.584658, 33.2240866], [35.5846562, 33.2238805], [35.5849104, 33.2238789], [35.5849122, 33.2240851]]]}}, {"type": "Feature", "properties": {"height": 3.0, "num_floors": null, "subtype": null, "class": null, "roof_height": null, "height_source": "floored"}, "geometry": {"type": "Polygon", "coordinates": [[[35.585007, 33.2243802], [35.5848256, 33.2243802], [35.5848256, 33.2242282], [35.585007, 33.2242282], [35.585007, 33.2243802]]]}}, {"type": "Feature", "properties": {"height": 3.0, "num_floors": null, "subtype": null, "class": null, "roof_height": null, "height_source": "floored"}, "geometry": {"type": "Polygon", "coordinates": [[[35.5848795, 33.2247278], [35.584661, 33.2247332], [35.5846554, 33.2245759], [35.5848739, 33.2245704], [35.5848795, 33.2247278]]]}}, {"type": "Feature", "properties": {"height": 3.0, "num_floors": null, "subtype": null, "class": null, "roof_height": null, "height_source": "floored"}, "geometry": {"type": "Polygon", "coordinates": [[[35.5846067, 33.2247355], [35.5844591, 33.2247348], [35.5844601, 33.2245704], [35.5846077, 33.224571], [35.5846067, 33.2247355]]]}}, {"type": "Feature", "properties": {"height": 3.0, "num_floors": null, "subtype": null, "class": null, "roof_height": null, "height_source": "floored"}, "geometry": {"type": "Polygon", "coordinates": [[[35.5841758, 33.2245285], [35.5842884, 33.2245259], [35.5842955, 33.2247366], [35.5841829, 33.2247392], [35.5841758, 33.2245285]]]}}, {"type": "Feature", "properties": {"height": 3.0, "num_floors": null, "subtype": null, "class": null, "roof_height": null, "height_source": "floored"}, "geometry": {"type": "Polygon", "coordinates": [[[35.5846578, 33.224396], [35.5844036, 33.2243975], [35.5844018, 33.2241914], [35.584656, 33.2241899], [35.5846578, 33.224396]]]}}, {"type": "Feature", "properties": {"height": 3.0, "num_floors": null, "subtype": null, "class": null, "roof_height": null, "height_source": "floored"}, "geometry": {"type": "Polygon", "coordinates": [[[35.5844464, 33.2237421], [35.5844838, 33.2237541], [35.5844694, 33.2237854], [35.584432, 33.2237733], [35.5844464, 33.2237421]]]}}, {"type": "Feature", "properties": {"height": 3.0, "num_floors": null, "subtype": null, "class": null, "roof_height": null, "height_source": "floored"}, "geometry": {"type": "Polygon", "coordinates": [[[35.5839408, 33.2257852], [35.5838365, 33.225785], [35.583837, 33.2256364], [35.5839412, 33.2256367], [35.5839408, 33.2257852]]]}}, {"type": "Feature", "properties": {"height": 3.0, "num_floors": null, "subtype": null, "class": null, "roof_height": null, "height_source": "floored"}, "geometry": {"type": "Polygon", "coordinates": [[[35.5840338, 33.225498], [35.5839295, 33.2254978], [35.58393, 33.2253492], [35.5840342, 33.2253495], [35.5840338, 33.225498]]]}}, {"type": "Feature", "properties": {"height": 3.0, "num_floors": null, "subtype": null, "class": null, "roof_height": null, "height_source": "floored"}, "geometry": {"type": "Polygon", "coordinates": [[[35.584064, 33.2255659], [35.5840629, 33.2255368], [35.584099, 33.2255359], [35.5841001, 33.225565], [35.584064, 33.2255659]]]}}, {"type": "Feature", "properties": {"height": 3.0, "num_floors": null, "subtype": null, "class": null, "roof_height": null, "height_source": "floored"}, "geometry": {"type": "Polygon", "coordinates": [[[35.5840739, 33.225784], [35.5839696, 33.2257837], [35.5839701, 33.2256352], [35.5840743, 33.2256354], [35.5840739, 33.225784]]]}}, {"type": "Feature", "properties": {"height": 3.0, "num_floors": null, "subtype": null, "class": null, "roof_height": null, "height_source": "floored"}, "geometry": {"type": "Polygon", "coordinates": [[[35.5842047, 33.2257865], [35.5841004, 33.2257863], [35.5841009, 33.2256377], [35.5842052, 33.2256379], [35.5842047, 33.2257865]]]}}, {"type": "Feature", "properties": {"height": 3.0, "num_floors": null, "subtype": null, "class": null, "roof_height": null, "height_source": "floored"}, "geometry": {"type": "Polygon", "coordinates": [[[35.5841729, 33.225498], [35.5840686, 33.2254978], [35.5840691, 33.2253492], [35.5841734, 33.2253495], [35.5841729, 33.225498]]]}}, {"type": "Feature", "properties": {"height": 3.0, "num_floors": null, "subtype": null, "class": null, "roof_height": null, "height_source": "floored"}, "geometry": {"type": "Polygon", "coordinates": [[[35.5841475, 33.2249987], [35.5840432, 33.2249969], [35.5840468, 33.2248532], [35.5841511, 33.224855], [35.5841475, 33.2249987]]]}}, {"type": "Feature", "properties": {"height": 3.0, "num_floors": null, "subtype": null, "class": null, "roof_height": null, "height_source": "floored"}, "geometry": {"type": "Polygon", "coordinates": [[[35.5844515, 33.2250011], [35.5843039, 33.2250005], [35.5843049, 33.224836], [35.5844526, 33.2248367], [35.5844515, 33.2250011]]]}}, {"type": "Feature", "properties": {"height": 3.0, "num_floors": null, "subtype": null, "class": null, "roof_height": null, "height_source": "floored"}, "geometry": {"type": "Polygon", "coordinates": [[[35.5845219, 33.2249494], [35.5844921, 33.2249493], [35.5844925, 33.2248694], [35.5845385, 33.2248696], [35.5845387, 33.224839], [35.58461, 33.2248392], [35.5846093, 33.2249863], [35.5845217, 33.224986], [35.5845219, 33.2249494]]]}}, {"type": "Feature", "properties": {"height": 3.0, "num_floors": null, "subtype": null, "class": null, "roof_height": null, "height_source": "floored"}, "geometry": {"type": "Polygon", "coordinates": [[[35.5844422, 33.2254892], [35.5843379, 33.2254889], [35.5843384, 33.2253404], [35.5844426, 33.2253406], [35.5844422, 33.2254892]]]}}, {"type": "Feature", "properties": {"height": 3.0, "num_floors": null, "subtype": null, "class": null, "roof_height": null, "height_source": "floored"}, "geometry": {"type": "Polygon", "coordinates": [[[35.5845692, 33.2254917], [35.5844649, 33.2254915], [35.5844654, 33.2253429], [35.5845697, 33.2253431], [35.5845692, 33.2254917]]]}}, {"type": "Feature", "properties": {"height": 3.0, "num_floors": null, "subtype": null, "class": null, "roof_height": null, "height_source": "floored"}, "geometry": {"type": "Polygon", "coordinates": [[[35.5846025, 33.2257852], [35.5844982, 33.225785], [35.5844987, 33.2256364], [35.5846029, 33.2256367], [35.5846025, 33.2257852]]]}}, {"type": "Feature", "properties": {"height": 3.0, "num_floors": null, "subtype": null, "class": null, "roof_height": null, "height_source": "floored"}, "geometry": {"type": "Polygon", "coordinates": [[[35.5844694, 33.225784], [35.5843651, 33.2257837], [35.5843656, 33.2256352], [35.5844698, 33.2256354], [35.5844694, 33.225784]]]}}, {"type": "Feature", "properties": {"height": 3.0, "num_floors": null, "subtype": null, "class": null, "roof_height": null, "height_source": "floored"}, "geometry": {"type": "Polygon", "coordinates": [[[35.5843045, 33.2254968], [35.5842002, 33.2254965], [35.5842007, 33.225348], [35.584305, 33.2253482], [35.5843045, 33.2254968]]]}}, {"type": "Feature", "properties": {"height": 3.0, "num_floors": null, "subtype": null, "class": null, "roof_height": null, "height_source": "floored"}, "geometry": {"type": "Polygon", "coordinates": [[[35.5843363, 33.2257852], [35.584232, 33.225785], [35.5842325, 33.2256364], [35.5843367, 33.2256367], [35.5843363, 33.2257852]]]}}, {"type": "Feature", "properties": {"height": 3.0, "num_floors": null, "subtype": null, "class": null, "roof_height": null, "height_source": "floored"}, "geometry": {"type": "Polygon", "coordinates": [[[35.5835332, 33.2257961], [35.5834239, 33.2257955], [35.5834244, 33.2257266], [35.5834791, 33.2257268], [35.5834796, 33.2256665], [35.5835026, 33.2256666], [35.5835028, 33.2256365], [35.5836613, 33.2256374], [35.5836602, 33.2257808], [35.5836247, 33.2257807], [35.5836248, 33.2257679], [35.5835677, 33.2257676], [35.5835678, 33.2257522], [35.5835335, 33.2257521], [35.5835332, 33.2257961]]]}}, {"type": "Feature", "properties": {"height": 3.0, "num_floors": null, "subtype": null, "class": null, "roof_height": null, "height_source": "floored"}, "geometry": {"type": "Polygon", "coordinates": [[[35.5838092, 33.2257865], [35.5837049, 33.2257863], [35.5837054, 33.2256377], [35.5838096, 33.2256379], [35.5838092, 33.2257865]]]}}, {"type": "Feature", "properties": {"height": 3.0, "num_floors": null, "subtype": null, "class": null, "roof_height": null, "height_source": "floored"}, "geometry": {"type": "Polygon", "coordinates": [[[35.583869, 33.2254937], [35.5836846, 33.2254951], [35.5836841, 33.2254452], [35.583702, 33.2254451], [35.5837012, 33.2253672], [35.5838479, 33.2253661], [35.5838486, 33.2254314], [35.5838683, 33.2254312], [35.583869, 33.2254937]]]}}, {"type": "Feature", "properties": {"height": 6.3, "num_floors": null, "subtype": null, "class": null, "roof_height": null, "height_source": "ndsm"}, "geometry": {"type": "Polygon", "coordinates": [[[35.5834557, 33.2232689], [35.5822611, 33.223254], [35.5822703, 33.222738], [35.5836829, 33.2227557], [35.5836763, 33.2231289], [35.5840729, 33.2231339], [35.5840685, 33.2233769], [35.5834539, 33.2233692], [35.5834557, 33.2232689]]]}}, {"type": "Feature", "properties": {"height": 3.0, "num_floors": null, "subtype": null, "class": null, "roof_height": null, "height_source": "floored"}, "geometry": {"type": "Polygon", "coordinates": [[[35.5837036, 33.2172339], [35.5837006, 33.2171712], [35.5837354, 33.21717], [35.5837384, 33.2172327], [35.5837036, 33.2172339]]]}}, {"type": "Feature", "properties": {"height": 5.8, "num_floors": null, "subtype": null, "class": null, "roof_height": null, "height_source": "ndsm"}, "geometry": {"type": "Polygon", "coordinates": [[[35.5835435, 33.2225414], [35.5833339, 33.2225415], [35.5833338, 33.2223517], [35.5835434, 33.2223517], [35.5835435, 33.2225414]]]}}, {"type": "Feature", "properties": {"height": 4.0, "num_floors": null, "subtype": null, "class": null, "roof_height": null, "height_source": "ndsm"}, "geometry": {"type": "Polygon", "coordinates": [[[35.5838824, 33.2225952], [35.5836477, 33.2225949], [35.5836482, 33.2223597], [35.5838828, 33.22236], [35.5838824, 33.2225952]]]}}, {"type": "Feature", "properties": {"height": 3.0, "num_floors": null, "subtype": null, "class": null, "roof_height": null, "height_source": "floored"}, "geometry": {"type": "Polygon", "coordinates": [[[35.5840467, 33.21863], [35.5840348, 33.2188682], [35.5839813, 33.2188664], [35.5839932, 33.2186281], [35.5840467, 33.21863]]]}}, {"type": "Feature", "properties": {"height": 3.0, "num_floors": null, "subtype": null, "class": null, "roof_height": null, "height_source": "floored"}, "geometry": {"type": "Polygon", "coordinates": [[[35.5843815, 33.2185731], [35.5840351, 33.2185681], [35.5840372, 33.2184645], [35.5843836, 33.2184695], [35.5843815, 33.2185731]]]}}, {"type": "Feature", "properties": {"height": 3.0, "num_floors": null, "subtype": null, "class": null, "roof_height": null, "height_source": "floored"}, "geometry": {"type": "Polygon", "coordinates": [[[35.5843756, 33.2188052], [35.5841824, 33.2188007], [35.5841879, 33.2186375], [35.5843812, 33.2186421], [35.5843756, 33.2188052]]]}}, {"type": "Feature", "properties": {"height": 3.0, "num_floors": null, "subtype": null, "class": null, "roof_height": null, "height_source": "floored"}, "geometry": {"type": "Polygon", "coordinates": [[[35.5844394, 33.2189695], [35.584094, 33.2189643], [35.5840964, 33.2188514], [35.5844419, 33.2188565], [35.5844394, 33.2189695]]]}}, {"type": "Feature", "properties": {"height": 3.0, "num_floors": null, "subtype": null, "class": null, "roof_height": null, "height_source": "floored"}, "geometry": {"type": "Polygon", "coordinates": [[[35.5842462, 33.2194027], [35.584122, 33.2194019], [35.5841243, 33.2191371], [35.5844472, 33.2191391], [35.5844462, 33.2192594], [35.5842475, 33.2192581], [35.5842462, 33.2194027]]]}}, {"type": "Feature", "properties": {"height": 3.0, "num_floors": null, "subtype": null, "class": null, "roof_height": null, "height_source": "floored"}, "geometry": {"type": "Polygon", "coordinates": [[[35.5842756, 33.2194694], [35.5842733, 33.2195367], [35.5841367, 33.2195334], [35.5841389, 33.2194662], [35.5842756, 33.2194694]]]}}, {"type": "Feature", "properties": {"height": 3.0, "num_floors": null, "subtype": null, "class": null, "roof_height": null, "height_source": "floored"}, "geometry": {"type": "Polygon", "coordinates": [[[35.5843707, 33.2199314], [35.584098, 33.2199298], [35.5841007, 33.2196054], [35.5843734, 33.219607], [35.5843707, 33.2199314]]]}}, {"type": "Feature", "properties": {"height": 3.0, "num_floors": null, "subtype": null, "class": null, "roof_height": null, "height_source": "floored"}, "geometry": {"type": "Polygon", "coordinates": [[[35.5841528, 33.2200384], [35.584151, 33.2199554], [35.5842931, 33.2199532], [35.5842949, 33.2200362], [35.5841528, 33.2200384]]]}}, {"type": "Feature", "properties": {"height": 3.0, "num_floors": null, "subtype": null, "class": null, "roof_height": null, "height_source": "floored"}, "geometry": {"type": "Polygon", "coordinates": [[[35.5844758, 33.2195448], [35.5845385, 33.2195433], [35.5845397, 33.2195777], [35.5844771, 33.2195793], [35.5844758, 33.2195448]]]}}, {"type": "Feature", "properties": {"height": 3.0, "num_floors": null, "subtype": null, "class": null, "roof_height": null, "height_source": "ndsm"}, "geometry": {"type": "Polygon", "coordinates": [[[35.5846168, 33.2200373], [35.5844665, 33.2200352], [35.5844683, 33.2199417], [35.5846186, 33.2199438], [35.5846168, 33.2200373]]]}}, {"type": "Feature", "properties": {"height": 3.0, "num_floors": null, "subtype": null, "class": null, "roof_height": null, "height_source": "ndsm"}, "geometry": {"type": "Polygon", "coordinates": [[[35.5844743, 33.2202053], [35.5844705, 33.2203008], [35.584424, 33.2202995], [35.5844277, 33.220204], [35.5844743, 33.2202053]]]}}, {"type": "Feature", "properties": {"height": 3.0, "num_floors": null, "subtype": null, "class": null, "roof_height": null, "height_source": "ndsm"}, "geometry": {"type": "Polygon", "coordinates": [[[35.5844759, 33.2201992], [35.5845939, 33.2201973], [35.5845963, 33.2203027], [35.5844784, 33.2203047], [35.5844759, 33.2201992]]]}}, {"type": "Feature", "properties": {"height": 3.0, "num_floors": null, "subtype": null, "class": null, "roof_height": null, "height_source": "ndsm"}, "geometry": {"type": "Polygon", "coordinates": [[[35.5851974, 33.2206341], [35.5852482, 33.2206361], [35.5852437, 33.2207159], [35.5851929, 33.2207139], [35.5851974, 33.2206341]]]}}, {"type": "Feature", "properties": {"height": 3.0, "num_floors": null, "subtype": null, "class": null, "roof_height": null, "height_source": "floored"}, "geometry": {"type": "Polygon", "coordinates": [[[35.5855591, 33.2198696], [35.584717, 33.2198489], [35.584727, 33.2195639], [35.5855692, 33.2195846], [35.5855591, 33.2198696]]]}}, {"type": "Feature", "properties": {"height": 3.0, "num_floors": null, "subtype": null, "class": null, "roof_height": null, "height_source": "ndsm"}, "geometry": {"type": "Polygon", "coordinates": [[[35.5851298, 33.2203077], [35.5852652, 33.2203191], [35.5852572, 33.2203858], [35.5852917, 33.2203887], [35.5852815, 33.2204731], [35.5851248, 33.2204598], [35.5851291, 33.2204243], [35.5850389, 33.2204167], [35.5850465, 33.2203537], [35.5849482, 33.2203454], [35.5849581, 33.220264], [35.5851333, 33.2202788], [35.5851298, 33.2203077]]]}}, {"type": "Feature", "properties": {"height": 3.0, "num_floors": null, "subtype": null, "class": null, "roof_height": null, "height_source": "ndsm"}, "geometry": {"type": "Polygon", "coordinates": [[[35.5848344, 33.2203087], [35.5847155, 33.2203067], [35.584713, 33.220409], [35.5846844, 33.2204085], [35.5846857, 33.2203577], [35.5846347, 33.2203569], [35.5846372, 33.2202582], [35.5847498, 33.2202601], [35.5847509, 33.2202153], [35.5848759, 33.2202174], [35.5848755, 33.2202345], [35.5849559, 33.2202359], [35.5849542, 33.2203077], [35.5849086, 33.2203069], [35.5849067, 33.2203832], [35.5850327, 33.2203853], [35.5850318, 33.2204235], [35.5848317, 33.22042], [35.5848344, 33.2203087]]]}}, {"type": "Feature", "properties": {"height": 3.0, "num_floors": null, "subtype": null, "class": null, "roof_height": null, "height_source": "ndsm"}, "geometry": {"type": "Polygon", "coordinates": [[[35.5850532, 33.2207219], [35.5841464, 33.220712], [35.5841509, 33.2204195], [35.5850577, 33.2204293], [35.5850532, 33.2207219]]]}}, {"type": "Feature", "properties": {"height": 3.0, "num_floors": null, "subtype": null, "class": null, "roof_height": null, "height_source": "floored"}, "geometry": {"type": "Polygon", "coordinates": [[[35.5852076, 33.2192979], [35.5847998, 33.2192909], [35.584821, 33.2184183], [35.5852288, 33.2184252], [35.5852076, 33.2192979]]]}}, {"type": "Feature", "properties": {"height": 3.0, "num_floors": null, "subtype": null, "class": null, "roof_height": null, "height_source": "floored"}, "geometry": {"type": "Polygon", "coordinates": [[[35.5849448, 33.2194336], [35.5849459, 33.2193932], [35.5851764, 33.2193974], [35.5851769, 33.2193795], [35.5852868, 33.2193815], [35.5852853, 33.2194398], [35.5849448, 33.2194336]]]}}, {"type": "Feature", "properties": {"height": 4.4, "num_floors": null, "subtype": null, "class": null, "roof_height": null, "height_source": "ndsm"}, "geometry": {"type": "Polygon", "coordinates": [[[35.5852908, 33.2169966], [35.5852942, 33.2168904], [35.5853773, 33.2168922], [35.5853739, 33.2169984], [35.5852908, 33.2169966]]]}}, {"type": "Feature", "properties": {"height": 6.2, "num_floors": null, "subtype": null, "class": null, "roof_height": null, "height_source": "ndsm"}, "geometry": {"type": "Polygon", "coordinates": [[[35.58514, 33.2173307], [35.5844174, 33.2173188], [35.5844222, 33.2171139], [35.5851448, 33.2171258], [35.58514, 33.2173307]]]}}, {"type": "Feature", "properties": {"height": 6.2, "num_floors": null, "subtype": null, "class": null, "roof_height": null, "height_source": "ndsm"}, "geometry": {"type": "Polygon", "coordinates": [[[35.5851955, 33.2169452], [35.5845513, 33.2169341], [35.5845558, 33.2167504], [35.5852001, 33.2167616], [35.5851955, 33.2169452]]]}}, {"type": "Feature", "properties": {"height": 6.2, "num_floors": null, "subtype": null, "class": null, "roof_height": null, "height_source": "ndsm"}, "geometry": {"type": "Polygon", "coordinates": [[[35.5847058, 33.2170724], [35.584707, 33.2171083], [35.5846373, 33.2171099], [35.5846362, 33.217074], [35.5847058, 33.2170724]]]}}, {"type": "Feature", "properties": {"height": 3.0, "num_floors": null, "subtype": null, "class": null, "roof_height": null, "height_source": "floored"}, "geometry": {"type": "Polygon", "coordinates": [[[35.5845108, 33.2184224], [35.5842878, 33.2184182], [35.5842953, 33.2181383], [35.5845183, 33.2181425], [35.5845108, 33.2184224]]]}}, {"type": "Feature", "properties": {"height": 6.2, "num_floors": null, "subtype": null, "class": null, "roof_height": null, "height_source": "ndsm"}, "geometry": {"type": "Polygon", "coordinates": [[[35.5844501, 33.217675], [35.5844353, 33.2180166], [35.5842752, 33.2180118], [35.58428, 33.2179008], [35.5842215, 33.217899], [35.5842235, 33.2178546], [35.5841693, 33.2178529], [35.5841774, 33.2176667], [35.5844501, 33.217675]]]}}, {"type": "Feature", "properties": {"height": 6.2, "num_floors": null, "subtype": null, "class": null, "roof_height": null, "height_source": "ndsm"}, "geometry": {"type": "Polygon", "coordinates": [[[35.5844629, 33.2176425], [35.5842886, 33.2176389], [35.5842915, 33.2175447], [35.5844657, 33.2175483], [35.5844629, 33.2176425]]]}}, {"type": "Feature", "properties": {"height": 3.6, "num_floors": null, "subtype": null, "class": null, "roof_height": null, "height_source": "ndsm"}, "geometry": {"type": "Polygon", "coordinates": [[[35.5840875, 33.2176972], [35.5841412, 33.2176979], [35.5841389, 33.2178101], [35.5840853, 33.2178094], [35.5840875, 33.2176972]]]}}, {"type": "Feature", "properties": {"height": 6.0, "num_floors": null, "subtype": null, "class": null, "roof_height": null, "height_source": "ndsm"}, "geometry": {"type": "Polygon", "coordinates": [[[35.5843366, 33.2173294], [35.5838906, 33.2173246], [35.5838951, 33.2170261], [35.5843411, 33.2170308], [35.5843366, 33.2173294]]]}}, {"type": "Feature", "properties": {"height": 6.2, "num_floors": null, "subtype": null, "class": null, "roof_height": null, "height_source": "ndsm"}, "geometry": {"type": "Polygon", "coordinates": [[[35.5839284, 33.2169163], [35.5838271, 33.2169151], [35.5838298, 33.2167474], [35.584474, 33.2167546], [35.5844715, 33.2169108], [35.5843193, 33.2169092], [35.5843181, 33.2169869], [35.5839274, 33.2169825], [35.5839284, 33.2169163]]]}}, {"type": "Feature", "properties": {"height": 5.7, "num_floors": null, "subtype": null, "class": null, "roof_height": null, "height_source": "ndsm"}, "geometry": {"type": "Polygon", "coordinates": [[[35.5843764, 33.2166916], [35.5843782, 33.2167432], [35.5843112, 33.2167449], [35.5843094, 33.2166933], [35.5843764, 33.2166916]]]}}, {"type": "Feature", "properties": {"height": 3.4, "num_floors": null, "subtype": null, "class": null, "roof_height": null, "height_source": "ndsm"}, "geometry": {"type": "Polygon", "coordinates": [[[35.5849619, 33.215949], [35.5841403, 33.2159314], [35.5841468, 33.2157198], [35.5849684, 33.2157373], [35.5849619, 33.215949]]]}}, {"type": "Feature", "properties": {"height": 3.3, "num_floors": null, "subtype": null, "class": null, "roof_height": null, "height_source": "ndsm"}, "geometry": {"type": "Polygon", "coordinates": [[[35.5838349, 33.2156933], [35.5838364, 33.215644], [35.5839316, 33.215646], [35.5839301, 33.2156953], [35.5838349, 33.2156933]]]}}, {"type": "Feature", "properties": {"height": 3.0, "num_floors": null, "subtype": null, "class": null, "roof_height": null, "height_source": "floored"}, "geometry": {"type": "Polygon", "coordinates": [[[35.5855027, 33.2149321], [35.5844631, 33.2149222], [35.5844661, 33.2147035], [35.5855057, 33.2147136], [35.5855027, 33.2149321]]]}}, {"type": "Feature", "properties": {"height": 3.0, "num_floors": null, "subtype": null, "class": null, "roof_height": null, "height_source": "floored"}, "geometry": {"type": "Polygon", "coordinates": [[[35.585221, 33.2133887], [35.5850792, 33.2132891], [35.5851245, 33.2132439], [35.5850982, 33.2132255], [35.5852014, 33.2131228], [35.5851441, 33.2130824], [35.5853021, 33.2129252], [35.5855908, 33.2131282], [35.5854421, 33.2132762], [35.5854869, 33.2133078], [35.5853755, 33.2134187], [35.5852673, 33.2133426], [35.585221, 33.2133887]]]}}, {"type": "Feature", "properties": {"height": 3.0, "num_floors": null, "subtype": null, "class": null, "roof_height": null, "height_source": "floored"}, "geometry": {"type": "Polygon", "coordinates": [[[35.5852604, 33.2139135], [35.5849906, 33.2139098], [35.5849954, 33.2136679], [35.5852653, 33.2136717], [35.5852604, 33.2139135]]]}}, {"type": "Feature", "properties": {"height": 3.0, "num_floors": null, "subtype": null, "class": null, "roof_height": null, "height_source": "floored"}, "geometry": {"type": "Polygon", "coordinates": [[[35.5848338, 33.2138881], [35.5844079, 33.2138893], [35.5844071, 33.2136756], [35.5848937, 33.2136742], [35.5848942, 33.2137979], [35.5848335, 33.2137981], [35.5848338, 33.2138881]]]}}, {"type": "Feature", "properties": {"height": 3.0, "num_floors": null, "subtype": null, "class": null, "roof_height": null, "height_source": "floored"}, "geometry": {"type": "Polygon", "coordinates": [[[35.58481, 33.2133446], [35.5846332, 33.2133452], [35.5846316, 33.2130233], [35.5848084, 33.2130227], [35.58481, 33.2133446]]]}}, {"type": "Feature", "properties": {"height": 3.0, "num_floors": null, "subtype": null, "class": null, "roof_height": null, "height_source": "floored"}, "geometry": {"type": "Polygon", "coordinates": [[[35.5845069, 33.2133554], [35.5842989, 33.2133546], [35.584301, 33.2129757], [35.5845696, 33.2129767], [35.584569, 33.2130821], [35.5845084, 33.2130819], [35.5845069, 33.2133554]]]}}, {"type": "Feature", "properties": {"height": 3.0, "num_floors": null, "subtype": null, "class": null, "roof_height": null, "height_source": "floored"}, "geometry": {"type": "Polygon", "coordinates": [[[35.5840175, 33.2138639], [35.5842008, 33.2138692], [35.5841978, 33.2139409], [35.5840145, 33.2139356], [35.5840175, 33.2138639]]]}}, {"type": "Feature", "properties": {"height": 3.0, "num_floors": null, "subtype": null, "class": null, "roof_height": null, "height_source": "floored"}, "geometry": {"type": "Polygon", "coordinates": [[[35.5836901, 33.213847], [35.5836259, 33.2138461], [35.5836307, 33.213618], [35.5839924, 33.2136233], [35.583986, 33.213923], [35.5836886, 33.2139186], [35.5836901, 33.213847]]]}}, {"type": "Feature", "properties": {"height": 3.0, "num_floors": null, "subtype": null, "class": null, "roof_height": null, "height_source": "floored"}, "geometry": {"type": "Polygon", "coordinates": [[[35.583432, 33.2136706], [35.583433, 33.2136053], [35.5836203, 33.2136072], [35.5836184, 33.2137377], [35.5835519, 33.213786], [35.583432, 33.2136706]]]}}, {"type": "Feature", "properties": {"height": 3.0, "num_floors": null, "subtype": null, "class": null, "roof_height": null, "height_source": "floored"}, "geometry": {"type": "Polygon", "coordinates": [[[35.5841207, 33.2132874], [35.5832686, 33.2132989], [35.5832636, 33.2130353], [35.5841156, 33.213024], [35.5841207, 33.2132874]]]}}, {"type": "Feature", "properties": {"height": 3.0, "num_floors": null, "subtype": null, "class": null, "roof_height": null, "height_source": "floored"}, "geometry": {"type": "Polygon", "coordinates": [[[35.5834235, 33.2123707], [35.5836084, 33.2124188], [35.5834922, 33.2127312], [35.5832436, 33.2127312], [35.5832436, 33.2125692], [35.5833497, 33.2125692], [35.5834235, 33.2123707]]]}}, {"type": "Feature", "properties": {"height": 3.0, "num_floors": null, "subtype": null, "class": null, "roof_height": null, "height_source": "floored"}, "geometry": {"type": "Polygon", "coordinates": [[[35.5837104, 33.2113021], [35.5837126, 33.2112497], [35.583802, 33.2112523], [35.5838004, 33.2112891], [35.583846, 33.2112904], [35.5838479, 33.2112456], [35.5838764, 33.2112464], [35.5838748, 33.2112845], [35.5838864, 33.2112849], [35.5838843, 33.2113356], [35.5837691, 33.2113321], [35.5837703, 33.2113039], [35.5837104, 33.2113021]]]}}, {"type": "Feature", "properties": {"height": 4.4, "num_floors": null, "subtype": null, "class": null, "roof_height": null, "height_source": "ndsm"}, "geometry": {"type": "Polygon", "coordinates": [[[35.5867863, 33.2115589], [35.5867797, 33.2116077], [35.5867161, 33.2116017], [35.5867227, 33.2115529], [35.5867863, 33.2115589]]]}}, {"type": "Feature", "properties": {"height": 4.4, "num_floors": null, "subtype": null, "class": null, "roof_height": null, "height_source": "ndsm"}, "geometry": {"type": "Polygon", "coordinates": [[[35.5868286, 33.2116271], [35.5867806, 33.2116079], [35.586806, 33.2115633], [35.5868541, 33.2115825], [35.5868286, 33.2116271]]]}}, {"type": "Feature", "properties": {"height": 4.4, "num_floors": null, "subtype": null, "class": null, "roof_height": null, "height_source": "ndsm"}, "geometry": {"type": "Polygon", "coordinates": [[[35.588332, 33.2122751], [35.5880183, 33.2127834], [35.5866385, 33.2121872], [35.5865626, 33.2123101], [35.5860337, 33.2120816], [35.5864144, 33.2114646], [35.5865612, 33.2115281], [35.5864894, 33.2116444], [35.5869685, 33.2118514], [35.5870491, 33.2117208], [35.588332, 33.2122751]]]}}, {"type": "Feature", "properties": {"height": 3.0, "num_floors": null, "subtype": null, "class": null, "roof_height": null, "height_source": "floored"}, "geometry": {"type": "Polygon", "coordinates": [[[35.5881969, 33.211992], [35.5881732, 33.2119891], [35.5881784, 33.2119583], [35.5882915, 33.2119718], [35.5882743, 33.2120729], [35.5881849, 33.2120623], [35.5881969, 33.211992]]]}}, {"type": "Feature", "properties": {"height": 3.0, "num_floors": null, "subtype": null, "class": null, "roof_height": null, "height_source": "floored"}, "geometry": {"type": "Polygon", "coordinates": [[[35.5880982, 33.2119297], [35.5881751, 33.2119436], [35.588148, 33.2120487], [35.5880711, 33.2120348], [35.5880982, 33.2119297]]]}}, {"type": "Feature", "properties": {"height": 5.3, "num_floors": null, "subtype": null, "class": null, "roof_height": null, "height_source": "ndsm"}, "geometry": {"type": "Polygon", "coordinates": [[[35.5875162, 33.2147752], [35.5869602, 33.2144032], [35.5871508, 33.2142038], [35.5877068, 33.2145758], [35.5875162, 33.2147752]]]}}, {"type": "Feature", "properties": {"height": 3.0, "num_floors": null, "subtype": null, "class": null, "roof_height": null, "height_source": "floored"}, "geometry": {"type": "Polygon", "coordinates": [[[35.5874071, 33.2154277], [35.5873664, 33.2154033], [35.5873987, 33.2153656], [35.5874395, 33.2153901], [35.5874071, 33.2154277]]]}}, {"type": "Feature", "properties": {"height": 6.3, "num_floors": null, "subtype": null, "class": null, "roof_height": null, "height_source": "ndsm"}, "geometry": {"type": "Polygon", "coordinates": [[[35.5879967, 33.2150717], [35.5876302, 33.2148107], [35.5877983, 33.2146455], [35.5879, 33.2147179], [35.5881802, 33.2144424], [35.588445, 33.2146309], [35.5879967, 33.2150717]]]}}, {"type": "Feature", "properties": {"height": 6.3, "num_floors": null, "subtype": null, "class": null, "roof_height": null, "height_source": "ndsm"}, "geometry": {"type": "Polygon", "coordinates": [[[35.588162, 33.2152435], [35.5879927, 33.2151226], [35.5882486, 33.2148718], [35.5883003, 33.2149087], [35.5883557, 33.2148543], [35.5885106, 33.2149649], [35.5884744, 33.2150004], [35.588515, 33.2150294], [35.5883855, 33.2151563], [35.5883077, 33.2151007], [35.588162, 33.2152435]]]}}, {"type": "Feature", "properties": {"height": 3.0, "num_floors": null, "subtype": null, "class": null, "roof_height": null, "height_source": "floored"}, "geometry": {"type": "Polygon", "coordinates": [[[35.5886396, 33.212456], [35.5887062, 33.2124868], [35.5886857, 33.2125177], [35.5886191, 33.2124869], [35.5886396, 33.212456]]]}}, {"type": "Feature", "properties": {"height": 3.0, "num_floors": null, "subtype": null, "class": null, "roof_height": null, "height_source": "floored"}, "geometry": {"type": "Polygon", "coordinates": [[[35.5889935, 33.2128427], [35.5889458, 33.2128257], [35.5889777, 33.212763], [35.5890254, 33.21278], [35.5889935, 33.2128427]]]}}, {"type": "Feature", "properties": {"height": 3.0, "num_floors": null, "subtype": null, "class": null, "roof_height": null, "height_source": "floored"}, "geometry": {"type": "Polygon", "coordinates": [[[35.5889226, 33.2129068], [35.5889261, 33.2128351], [35.5889732, 33.2128366], [35.5889697, 33.2129083], [35.5889226, 33.2129068]]]}}, {"type": "Feature", "properties": {"height": 3.0, "num_floors": null, "subtype": null, "class": null, "roof_height": null, "height_source": "floored"}, "geometry": {"type": "Polygon", "coordinates": [[[35.5890732, 33.2127587], [35.5890161, 33.21275], [35.5890246, 33.2127109], [35.5890817, 33.2127196], [35.5890732, 33.2127587]]]}}, {"type": "Feature", "properties": {"height": 6.7, "num_floors": null, "subtype": null, "class": null, "roof_height": null, "height_source": "ndsm"}, "geometry": {"type": "Polygon", "coordinates": [[[35.5882628, 33.2173277], [35.5882649, 33.2169397], [35.5886481, 33.2169411], [35.5886461, 33.2173292], [35.5882628, 33.2173277]]]}}, {"type": "Feature", "properties": {"height": 3.0, "num_floors": null, "subtype": null, "class": null, "roof_height": null, "height_source": "floored"}, "geometry": {"type": "Polygon", "coordinates": [[[35.5887441, 33.2163513], [35.588806, 33.2163328], [35.5888297, 33.2163886], [35.5887678, 33.216407], [35.5887441, 33.2163513]]]}}, {"type": "Feature", "properties": {"height": 3.0, "num_floors": null, "subtype": null, "class": null, "roof_height": null, "height_source": "floored"}, "geometry": {"type": "Polygon", "coordinates": [[[35.5888127, 33.2163297], [35.5888825, 33.21631], [35.5889004, 33.2163543], [35.5888306, 33.216374], [35.5888127, 33.2163297]]]}}, {"type": "Feature", "properties": {"height": 6.7, "num_floors": null, "subtype": null, "class": null, "roof_height": null, "height_source": "ndsm"}, "geometry": {"type": "Polygon", "coordinates": [[[35.5897721, 33.2173218], [35.58881, 33.2173003], [35.5888206, 33.2169691], [35.5896145, 33.2169869], [35.5896097, 33.2171393], [35.5897778, 33.2171431], [35.5897721, 33.2173218]]]}}, {"type": "Feature", "properties": {"height": 6.7, "num_floors": null, "subtype": null, "class": null, "roof_height": null, "height_source": "ndsm"}, "geometry": {"type": "Polygon", "coordinates": [[[35.5888912, 33.216624], [35.588788, 33.2164071], [35.5888343, 33.2163917], [35.588908, 33.2165466], [35.588959, 33.2165297], [35.589018, 33.2166536], [35.5888953, 33.2166945], [35.5888658, 33.2166325], [35.5888912, 33.216624]]]}}, {"type": "Feature", "properties": {"height": 5.0, "num_floors": null, "subtype": null, "class": null, "roof_height": null, "height_source": "ndsm"}, "geometry": {"type": "Polygon", "coordinates": [[[35.5894394, 33.2187152], [35.5889229, 33.2187091], [35.5889315, 33.2182014], [35.5888841, 33.2182009], [35.5888887, 33.2179292], [35.5890564, 33.2179312], [35.5890577, 33.2178506], [35.5894539, 33.2178553], [35.5894394, 33.2187152]]]}}, {"type": "Feature", "properties": {"height": 3.8, "num_floors": null, "subtype": null, "class": null, "roof_height": null, "height_source": "ndsm"}, "geometry": {"type": "Polygon", "coordinates": [[[35.5887113, 33.2186337], [35.5884534, 33.2186272], [35.588461, 33.2184177], [35.5887188, 33.2184242], [35.5887113, 33.2186337]]]}}, {"type": "Feature", "properties": {"height": 3.8, "num_floors": null, "subtype": null, "class": null, "roof_height": null, "height_source": "ndsm"}, "geometry": {"type": "Polygon", "coordinates": [[[35.5887057, 33.2182302], [35.5884877, 33.2182285], [35.588491, 33.217929], [35.588452, 33.2179287], [35.5884533, 33.2178038], [35.5886467, 33.2178053], [35.5886454, 33.2179287], [35.5887091, 33.2179292], [35.5887057, 33.2182302]]]}}, {"type": "Feature", "properties": {"height": 3.0, "num_floors": null, "subtype": null, "class": null, "roof_height": null, "height_source": "floored"}, "geometry": {"type": "Polygon", "coordinates": [[[35.5883379, 33.2191274], [35.5880766, 33.2191223], [35.5880865, 33.2187667], [35.5883478, 33.2187718], [35.5883379, 33.2191274]]]}}, {"type": "Feature", "properties": {"height": 4.9, "num_floors": null, "subtype": null, "class": null, "roof_height": null, "height_source": "ndsm"}, "geometry": {"type": "Polygon", "coordinates": [[[35.5883845, 33.2186271], [35.5881209, 33.2186268], [35.5881215, 33.2182568], [35.5881731, 33.2182568], [35.5881733, 33.2181487], [35.5881218, 33.2181486], [35.5881225, 33.2177729], [35.5883859, 33.2177733], [35.5883845, 33.2186271]]]}}, {"type": "Feature", "properties": {"height": 3.0, "num_floors": null, "subtype": null, "class": null, "roof_height": null, "height_source": "floored"}, "geometry": {"type": "Polygon", "coordinates": [[[35.5877097, 33.2157675], [35.5874422, 33.2160261], [35.587261, 33.215895], [35.5875284, 33.2156363], [35.5877097, 33.2157675]]]}}, {"type": "Feature", "properties": {"height": 4.0, "num_floors": null, "subtype": null, "class": null, "roof_height": null, "height_source": "ndsm"}, "geometry": {"type": "Polygon", "coordinates": [[[35.5871223, 33.2170925], [35.5872475, 33.2168786], [35.5877536, 33.2168939], [35.5878606, 33.2168022], [35.587991, 33.2169419], [35.5880041, 33.2174155], [35.5871092, 33.2173872], [35.5871223, 33.2170925]]]}}, {"type": "Feature", "properties": {"height": 3.0, "num_floors": null, "subtype": null, "class": null, "roof_height": null, "height_source": "floored"}, "geometry": {"type": "Polygon", "coordinates": [[[35.5879741, 33.2180969], [35.5871609, 33.2180871], [35.5871641, 33.2179007], [35.5879773, 33.2179106], [35.5879741, 33.2180969]]]}}, {"type": "Feature", "properties": {"height": 4.6, "num_floors": null, "subtype": null, "class": null, "roof_height": null, "height_source": "ndsm"}, "geometry": {"type": "Polygon", "coordinates": [[[35.5867178, 33.2177663], [35.5865264, 33.2177586], [35.5865345, 33.2176172], [35.5867259, 33.2176249], [35.5867178, 33.2177663]]]}}, {"type": "Feature", "properties": {"height": 4.6, "num_floors": null, "subtype": null, "class": null, "roof_height": null, "height_source": "ndsm"}, "geometry": {"type": "Polygon", "coordinates": [[[35.5866918, 33.2173291], [35.5862233, 33.2173231], [35.5862258, 33.2171829], [35.586435, 33.2171855], [35.5864367, 33.2170899], [35.5867629, 33.2170941], [35.5867598, 33.2172661], [35.5866929, 33.2172653], [35.5866918, 33.2173291]]]}}, {"type": "Feature", "properties": {"height": 4.5, "num_floors": null, "subtype": null, "class": null, "roof_height": null, "height_source": "ndsm"}, "geometry": {"type": "Polygon", "coordinates": [[[35.5867618, 33.2169308], [35.5861113, 33.2169208], [35.5861147, 33.2167702], [35.5867651, 33.2167802], [35.5867618, 33.2169308]]]}}, {"type": "Feature", "properties": {"height": 3.0, "num_floors": null, "subtype": null, "class": null, "roof_height": null, "height_source": "floored"}, "geometry": {"type": "Polygon", "coordinates": [[[35.5866049, 33.2163261], [35.5864638, 33.2163251], [35.5864644, 33.2162659], [35.5866055, 33.216267], [35.5866049, 33.2163261]]]}}, {"type": "Feature", "properties": {"height": 3.0, "num_floors": null, "subtype": null, "class": null, "roof_height": null, "height_source": "floored"}, "geometry": {"type": "Polygon", "coordinates": [[[35.5864682, 33.2165435], [35.5862939, 33.2165406], [35.586299, 33.2163284], [35.5864732, 33.2163313], [35.5864682, 33.2165435]]]}}, {"type": "Feature", "properties": {"height": 3.0, "num_floors": null, "subtype": null, "class": null, "roof_height": null, "height_source": "floored"}, "geometry": {"type": "Polygon", "coordinates": [[[35.5862216, 33.2159802], [35.5862216, 33.2157404], [35.5866674, 33.2157404], [35.5866674, 33.2159802], [35.5862216, 33.2159802]]]}}, {"type": "Feature", "properties": {"height": 3.0, "num_floors": null, "subtype": null, "class": null, "roof_height": null, "height_source": "floored"}, "geometry": {"type": "Polygon", "coordinates": [[[35.5867536, 33.2159644], [35.5867568, 33.2157143], [35.5871265, 33.2157176], [35.5871234, 33.2159676], [35.5867536, 33.2159644]]]}}, {"type": "Feature", "properties": {"height": 3.0, "num_floors": null, "subtype": null, "class": null, "roof_height": null, "height_source": "floored"}, "geometry": {"type": "Polygon", "coordinates": [[[35.5871299, 33.2152443], [35.5867991, 33.2150178], [35.5869871, 33.2148257], [35.5873179, 33.2150521], [35.5871299, 33.2152443]]]}}, {"type": "Feature", "properties": {"height": 3.0, "num_floors": null, "subtype": null, "class": null, "roof_height": null, "height_source": "floored"}, "geometry": {"type": "Polygon", "coordinates": [[[35.5868873, 33.2143536], [35.5867347, 33.2142466], [35.5869577, 33.2140239], [35.5871103, 33.2141309], [35.5868873, 33.2143536]]]}}, {"type": "Feature", "properties": {"height": 3.0, "num_floors": null, "subtype": null, "class": null, "roof_height": null, "height_source": "floored"}, "geometry": {"type": "Polygon", "coordinates": [[[35.5864659, 33.2140867], [35.5863291, 33.2139898], [35.5865432, 33.2137781], [35.58668, 33.213875], [35.5864659, 33.2140867]]]}}, {"type": "Feature", "properties": {"height": 3.0, "num_floors": null, "subtype": null, "class": null, "roof_height": null, "height_source": "floored"}, "geometry": {"type": "Polygon", "coordinates": [[[35.5864628, 33.2147316], [35.5867017, 33.2145093], [35.5868696, 33.2146355], [35.5865597, 33.2149239], [35.5857975, 33.2148986], [35.5858064, 33.2147099], [35.5864628, 33.2147316]]]}}, {"type": "Feature", "properties": {"height": 3.0, "num_floors": null, "subtype": null, "class": null, "roof_height": null, "height_source": "floored"}, "geometry": {"type": "Polygon", "coordinates": [[[35.5866651, 33.2142119], [35.5865288, 33.2141154], [35.5867563, 33.2138903], [35.5868926, 33.2139868], [35.5866651, 33.2142119]]]}}, {"type": "Feature", "properties": {"height": 3.0, "num_floors": null, "subtype": null, "class": null, "roof_height": null, "height_source": "floored"}, "geometry": {"type": "Polygon", "coordinates": [[[35.5860032, 33.2143616], [35.5855792, 33.2143545], [35.5855834, 33.2141786], [35.5856053, 33.2141415], [35.5856519, 33.214124], [35.5860297, 33.2141303], [35.5860977, 33.2141419], [35.5861425, 33.2141875], [35.5861419, 33.2142503], [35.5861192, 33.2143113], [35.5860792, 33.214341], [35.5860032, 33.2143616]]]}}, {"type": "Feature", "properties": {"height": 3.0, "num_floors": null, "subtype": null, "class": null, "roof_height": null, "height_source": "floored"}, "geometry": {"type": "Polygon", "coordinates": [[[35.5862229, 33.2139206], [35.5860809, 33.2138253], [35.5862747, 33.2136232], [35.5864167, 33.2137186], [35.5862229, 33.2139206]]]}}, {"type": "Feature", "properties": {"height": 3.0, "num_floors": null, "subtype": null, "class": null, "roof_height": null, "height_source": "floored"}, "geometry": {"type": "Polygon", "coordinates": [[[35.5860347, 33.2137936], [35.5858951, 33.2136965], [35.5860882, 33.2135023], [35.5862278, 33.2135994], [35.5860347, 33.2137936]]]}}, {"type": "Feature", "properties": {"height": 3.0, "num_floors": null, "subtype": null, "class": null, "roof_height": null, "height_source": "floored"}, "geometry": {"type": "Polygon", "coordinates": [[[35.5858937, 33.213598], [35.5855497, 33.2133734], [35.5856804, 33.2132333], [35.5860243, 33.213458], [35.5858937, 33.213598]]]}}, {"type": "Feature", "properties": {"height": 3.0, "num_floors": null, "subtype": null, "class": null, "roof_height": null, "height_source": "floored"}, "geometry": {"type": "Polygon", "coordinates": [[[35.5858629, 33.2141248], [35.5856874, 33.2141217], [35.5856888, 33.2140665], [35.5858643, 33.2140696], [35.5858629, 33.2141248]]]}}, {"type": "Feature", "properties": {"height": 4.4, "num_floors": null, "subtype": null, "class": null, "roof_height": null, "height_source": "ndsm"}, "geometry": {"type": "Polygon", "coordinates": [[[35.5860133, 33.2173419], [35.5852875, 33.21733], [35.5852923, 33.2171224], [35.5860181, 33.2171343], [35.5860133, 33.2173419]]]}}, {"type": "Feature", "properties": {"height": 4.4, "num_floors": null, "subtype": null, "class": null, "roof_height": null, "height_source": "ndsm"}, "geometry": {"type": "Polygon", "coordinates": [[[35.5858447, 33.2169909], [35.5854658, 33.2169872], [35.5854689, 33.216765], [35.5860247, 33.2167705], [35.5860226, 33.2169269], [35.5858456, 33.2169252], [35.5858447, 33.2169909]]]}}, {"type": "Feature", "properties": {"height": 3.1, "num_floors": null, "subtype": null, "class": null, "roof_height": null, "height_source": "ndsm"}, "geometry": {"type": "Polygon", "coordinates": [[[35.5857856, 33.2159631], [35.5857939, 33.2157175], [35.5861919, 33.2157269], [35.5861836, 33.2159724], [35.5857856, 33.2159631]]]}}, {"type": "Feature", "properties": {"height": 4.6, "num_floors": null, "subtype": null, "class": null, "roof_height": null, "height_source": "ndsm"}, "geometry": {"type": "Polygon", "coordinates": [[[35.586167, 33.2172596], [35.5860534, 33.2172603], [35.5860522, 33.2171274], [35.5861658, 33.2171267], [35.586167, 33.2172596]]]}}, {"type": "Feature", "properties": {"height": 3.6, "num_floors": null, "subtype": null, "class": null, "roof_height": null, "height_source": "ndsm"}, "geometry": {"type": "Polygon", "coordinates": [[[35.5855544, 33.2179822], [35.5855581, 33.2178407], [35.5862291, 33.217853], [35.5862254, 33.2179945], [35.5860943, 33.2179921], [35.5855544, 33.2179822]]]}}, {"type": "Feature", "properties": {"height": 4.3, "num_floors": null, "subtype": null, "class": null, "roof_height": null, "height_source": "ndsm"}, "geometry": {"type": "Polygon", "coordinates": [[[35.586077, 33.2189998], [35.5860827, 33.2189396], [35.58612, 33.2189421], [35.5861143, 33.2190023], [35.586077, 33.2189998]]]}}, {"type": "Feature", "properties": {"height": 6.0, "num_floors": null, "subtype": null, "class": null, "roof_height": null, "height_source": "ndsm"}, "geometry": {"type": "Polygon", "coordinates": [[[35.5856813, 33.2193554], [35.5853669, 33.2193532], [35.5853771, 33.2183474], [35.5866868, 33.2183567], [35.5866832, 33.2187174], [35.5856878, 33.2187103], [35.5856813, 33.2193554]]]}}, {"type": "Feature", "properties": {"height": 6.2, "num_floors": null, "subtype": null, "class": null, "roof_height": null, "height_source": "ndsm"}, "geometry": {"type": "Polygon", "coordinates": [[[35.5850458, 33.2178314], [35.5850508, 33.2176333], [35.5862672, 33.2176548], [35.5862622, 33.2178529], [35.5862291, 33.217853], [35.5855581, 33.2178407], [35.5850458, 33.2178314]]]}}, {"type": "Feature", "properties": {"height": 6.0, "num_floors": null, "subtype": null, "class": null, "roof_height": null, "height_source": "ndsm"}, "geometry": {"type": "Polygon", "coordinates": [[[35.5850243, 33.2181789], [35.5850262, 33.2179803], [35.5855544, 33.2179822], [35.5860943, 33.2179921], [35.5860937, 33.2181858], [35.5850243, 33.2181789]]]}}, {"type": "Feature", "properties": {"height": 3.6, "num_floors": null, "subtype": null, "class": null, "roof_height": null, "height_source": "ndsm"}, "geometry": {"type": "Polygon", "coordinates": [[[35.5853781, 33.2182803], [35.5854297, 33.2182889], [35.5854215, 33.2183234], [35.5853699, 33.2183148], [35.5853781, 33.2182803]]]}}, {"type": "Feature", "properties": {"height": 3.1, "num_floors": null, "subtype": null, "class": null, "roof_height": null, "height_source": "ndsm"}, "geometry": {"type": "Polygon", "coordinates": [[[35.5866067, 33.220617], [35.5857056, 33.2206039], [35.5857142, 33.2201889], [35.5866153, 33.2202019], [35.5866067, 33.220617]]]}}, {"type": "Feature", "properties": {"height": 3.4, "num_floors": null, "subtype": null, "class": null, "roof_height": null, "height_source": "ndsm"}, "geometry": {"type": "Polygon", "coordinates": [[[35.5858001, 33.2197846], [35.5857986, 33.2197128], [35.585879, 33.2197116], [35.5858806, 33.2197834], [35.5858001, 33.2197846]]]}}, {"type": "Feature", "properties": {"height": 3.4, "num_floors": null, "subtype": null, "class": null, "roof_height": null, "height_source": "ndsm"}, "geometry": {"type": "Polygon", "coordinates": [[[35.5867159, 33.2198507], [35.5858982, 33.2198315], [35.5859073, 33.2195623], [35.586725, 33.2195815], [35.5867159, 33.2198507]]]}}, {"type": "Feature", "properties": {"height": 4.3, "num_floors": null, "subtype": null, "class": null, "roof_height": null, "height_source": "ndsm"}, "geometry": {"type": "Polygon", "coordinates": [[[35.5867462, 33.2194116], [35.5857807, 33.2193929], [35.5857916, 33.2189991], [35.586187, 33.2190067], [35.586189, 33.2189366], [35.5867591, 33.2189476], [35.5867462, 33.2194116]]]}}, {"type": "Feature", "properties": {"height": 3.0, "num_floors": null, "subtype": null, "class": null, "roof_height": null, "height_source": "floored"}, "geometry": {"type": "Polygon", "coordinates": [[[35.5871884, 33.2196602], [35.5870866, 33.2196622], [35.5870814, 33.2194806], [35.5872261, 33.2194777], [35.5872302, 33.2196212], [35.5871873, 33.2196221], [35.5871884, 33.2196602]]]}}, {"type": "Feature", "properties": {"height": 3.0, "num_floors": null, "subtype": null, "class": null, "roof_height": null, "height_source": "floored"}, "geometry": {"type": "Polygon", "coordinates": [[[35.5871804, 33.2221227], [35.5871817, 33.2220374], [35.5872809, 33.2220384], [35.5872796, 33.2221237], [35.5871804, 33.2221227]]]}}, {"type": "Feature", "properties": {"height": 3.0, "num_floors": null, "subtype": null, "class": null, "roof_height": null, "height_source": "floored"}, "geometry": {"type": "Polygon", "coordinates": [[[35.587028, 33.2220799], [35.5871041, 33.2220824], [35.5871023, 33.2221192], [35.5870262, 33.2221166], [35.587028, 33.2220799]]]}}, {"type": "Feature", "properties": {"height": 3.0, "num_floors": null, "subtype": null, "class": null, "roof_height": null, "height_source": "floored"}, "geometry": {"type": "Polygon", "coordinates": [[[35.586437, 33.222959], [35.5862355, 33.2229584], [35.586236, 33.2228251], [35.5864375, 33.2228257], [35.586437, 33.222959]]]}}, {"type": "Feature", "properties": {"height": 3.0, "num_floors": null, "subtype": null, "class": null, "roof_height": null, "height_source": "floored"}, "geometry": {"type": "Polygon", "coordinates": [[[35.5864259, 33.2239622], [35.5862714, 33.2239186], [35.5862915, 33.2238687], [35.5863434, 33.2238833], [35.5863576, 33.223848], [35.5864602, 33.2238769], [35.5864259, 33.2239622]]]}}, {"type": "Feature", "properties": {"height": 3.0, "num_floors": null, "subtype": null, "class": null, "roof_height": null, "height_source": "floored"}, "geometry": {"type": "Polygon", "coordinates": [[[35.5864481, 33.2237031], [35.586372, 33.2236695], [35.5864483, 33.2235484], [35.5865933, 33.2236123], [35.5865643, 33.2236584], [35.5865322, 33.2236443], [35.5865096, 33.22368], [35.5864729, 33.2236638], [35.5864481, 33.2237031]]]}}, {"type": "Feature", "properties": {"height": 3.0, "num_floors": null, "subtype": null, "class": null, "roof_height": null, "height_source": "floored"}, "geometry": {"type": "Polygon", "coordinates": [[[35.5866819, 33.2234667], [35.5865403, 33.2234066], [35.5865991, 33.2233098], [35.5865675, 33.2232964], [35.5866557, 33.223151], [35.5868288, 33.2232245], [35.5866819, 33.2234667]]]}}, {"type": "Feature", "properties": {"height": 3.0, "num_floors": null, "subtype": null, "class": null, "roof_height": null, "height_source": "floored"}, "geometry": {"type": "Polygon", "coordinates": [[[35.5867887, 33.2239841], [35.5866274, 33.2239259], [35.5866666, 33.2238497], [35.5868569, 33.2238516], [35.5867887, 33.2239841]]]}}, {"type": "Feature", "properties": {"height": 3.0, "num_floors": null, "subtype": null, "class": null, "roof_height": null, "height_source": "floored"}, "geometry": {"type": "Polygon", "coordinates": [[[35.5870488, 33.222863], [35.5869343, 33.2230225], [35.5868202, 33.2229652], [35.5868684, 33.222898], [35.5868095, 33.2228684], [35.5868757, 33.2227761], [35.5870488, 33.222863]]]}}, {"type": "Feature", "properties": {"height": 3.0, "num_floors": null, "subtype": null, "class": null, "roof_height": null, "height_source": "floored"}, "geometry": {"type": "Polygon", "coordinates": [[[35.5872832, 33.2226662], [35.5870817, 33.2226656], [35.5870822, 33.2225323], [35.5872837, 33.2225329], [35.5872832, 33.2226662]]]}}, {"type": "Feature", "properties": {"height": 3.0, "num_floors": null, "subtype": null, "class": null, "roof_height": null, "height_source": "floored"}, "geometry": {"type": "Polygon", "coordinates": [[[35.5872905, 33.222962], [35.5872101, 33.2229624], [35.5872091, 33.222851], [35.5872546, 33.2228508], [35.5872544, 33.2228229], [35.5873296, 33.2228224], [35.5873303, 33.222897], [35.58729, 33.2228972], [35.5872905, 33.222962]]]}}, {"type": "Feature", "properties": {"height": 3.0, "num_floors": null, "subtype": null, "class": null, "roof_height": null, "height_source": "floored"}, "geometry": {"type": "Polygon", "coordinates": [[[35.5871264, 33.223381], [35.5869458, 33.2232942], [35.5870535, 33.2231373], [35.5871379, 33.2231779], [35.5871635, 33.2231406], [35.5872598, 33.2231869], [35.5871264, 33.223381]]]}}, {"type": "Feature", "properties": {"height": 3.0, "num_floors": null, "subtype": null, "class": null, "roof_height": null, "height_source": "floored"}, "geometry": {"type": "Polygon", "coordinates": [[[35.5872952, 33.22397], [35.5871381, 33.2239046], [35.5872123, 33.2237798], [35.5873694, 33.2238452], [35.5872952, 33.22397]]]}}, {"type": "Feature", "properties": {"height": 3.0, "num_floors": null, "subtype": null, "class": null, "roof_height": null, "height_source": "floored"}, "geometry": {"type": "Polygon", "coordinates": [[[35.5871845, 33.2241005], [35.587037, 33.2240388], [35.5871049, 33.2239251], [35.5872524, 33.2239868], [35.5871845, 33.2241005]]]}}, {"type": "Feature", "properties": {"height": 3.0, "num_floors": null, "subtype": null, "class": null, "roof_height": null, "height_source": "floored"}, "geometry": {"type": "Polygon", "coordinates": [[[35.5870613, 33.2235003], [35.5868883, 33.22343], [35.5869376, 33.2233452], [35.5871105, 33.2234156], [35.5870613, 33.2235003]]]}}, {"type": "Feature", "properties": {"height": 3.0, "num_floors": null, "subtype": null, "class": null, "roof_height": null, "height_source": "floored"}, "geometry": {"type": "Polygon", "coordinates": [[[35.5870593, 33.2235185], [35.5870148, 33.2236098], [35.5868369, 33.2235455], [35.5868854, 33.2234593], [35.5870593, 33.2235185]]]}}, {"type": "Feature", "properties": {"height": 3.0, "num_floors": null, "subtype": null, "class": null, "roof_height": null, "height_source": "floored"}, "geometry": {"type": "Polygon", "coordinates": [[[35.5868211, 33.2237254], [35.5867312, 33.22371], [35.5868235, 33.2235562], [35.5870064, 33.2236208], [35.5869774, 33.2236858], [35.5868211, 33.2237254]]]}}, {"type": "Feature", "properties": {"height": 3.0, "num_floors": null, "subtype": "residential", "class": "semidetached_house", "roof_height": null, "height_source": "floored"}, "geometry": {"type": "Polygon", "coordinates": [[[35.5870025, 33.2247372], [35.5868622, 33.2247374], [35.5868618, 33.2246142], [35.5870022, 33.2246139], [35.5870025, 33.2247372]]]}}, {"type": "Feature", "properties": {"height": 3.0, "num_floors": null, "subtype": null, "class": null, "roof_height": null, "height_source": "floored"}, "geometry": {"type": "Polygon", "coordinates": [[[35.5873928, 33.2243372], [35.5870968, 33.2243308], [35.5870986, 33.2242739], [35.5871459, 33.224275], [35.5871473, 33.2242297], [35.5872079, 33.2242311], [35.5872096, 33.2241758], [35.5873976, 33.2241799], [35.5873928, 33.2243372]]]}}, {"type": "Feature", "properties": {"height": 3.0, "num_floors": null, "subtype": "residential", "class": "semidetached_house", "roof_height": null, "height_source": "floored"}, "geometry": {"type": "Polygon", "coordinates": [[[35.5873569, 33.2247353], [35.5872166, 33.2247356], [35.5872162, 33.2246123], [35.5873566, 33.2246121], [35.5873569, 33.2247353]]]}}, {"type": "Feature", "properties": {"height": 3.0, "num_floors": null, "subtype": "residential", "class": "semidetached_house", "roof_height": null, "height_source": "floored"}, "geometry": {"type": "Polygon", "coordinates": [[[35.5871786, 33.2247329], [35.5870382, 33.2247332], [35.5870379, 33.2246099], [35.5871783, 33.2246096], [35.5871786, 33.2247329]]]}}, {"type": "Feature", "properties": {"height": 3.0, "num_floors": null, "subtype": null, "class": null, "roof_height": null, "height_source": "floored"}, "geometry": {"type": "Polygon", "coordinates": [[[35.5873319, 33.224971], [35.5871304, 33.2249704], [35.587131, 33.2248371], [35.5873324, 33.2248377], [35.5873319, 33.224971]]]}}, {"type": "Feature", "properties": {"height": 3.0, "num_floors": null, "subtype": null, "class": null, "roof_height": null, "height_source": "floored"}, "geometry": {"type": "Polygon", "coordinates": [[[35.5872526, 33.2257393], [35.587095, 33.2257386], [35.5870957, 33.2256119], [35.5872533, 33.2256126], [35.5872526, 33.2257393]]]}}, {"type": "Feature", "properties": {"height": 3.0, "num_floors": null, "subtype": null, "class": null, "roof_height": null, "height_source": "floored"}, "geometry": {"type": "Polygon", "coordinates": [[[35.5870656, 33.2257366], [35.586908, 33.2257359], [35.5869087, 33.2256092], [35.5870663, 33.2256099], [35.5870656, 33.2257366]]]}}, {"type": "Feature", "properties": {"height": 3.0, "num_floors": null, "subtype": null, "class": null, "roof_height": null, "height_source": "floored"}, "geometry": {"type": "Polygon", "coordinates": [[[35.5869315, 33.2249684], [35.58673, 33.2249678], [35.5867306, 33.2248346], [35.5869321, 33.2248352], [35.5869315, 33.2249684]]]}}, {"type": "Feature", "properties": {"height": 3.0, "num_floors": null, "subtype": null, "class": null, "roof_height": null, "height_source": "floored"}, "geometry": {"type": "Polygon", "coordinates": [[[35.5868832, 33.2257382], [35.5867256, 33.2257375], [35.5867264, 33.2256109], [35.586884, 33.2256115], [35.5868832, 33.2257382]]]}}, {"type": "Feature", "properties": {"height": 3.0, "num_floors": null, "subtype": null, "class": null, "roof_height": null, "height_source": "floored"}, "geometry": {"type": "Polygon", "coordinates": [[[35.5867029, 33.225738], [35.5865453, 33.2257373], [35.5865461, 33.2256107], [35.5867037, 33.2256114], [35.5867029, 33.225738]]]}}, {"type": "Feature", "properties": {"height": 3.0, "num_floors": null, "subtype": "residential", "class": "semidetached_house", "roof_height": null, "height_source": "floored"}, "geometry": {"type": "Polygon", "coordinates": [[[35.5868277, 33.2247404], [35.5866874, 33.2247406], [35.586687, 33.2246174], [35.5868274, 33.2246171], [35.5868277, 33.2247404]]]}}, {"type": "Feature", "properties": {"height": 3.0, "num_floors": null, "subtype": null, "class": null, "roof_height": null, "height_source": "floored"}, "geometry": {"type": "Polygon", "coordinates": [[[35.5867616, 33.2245208], [35.5867622, 33.2245567], [35.5867058, 33.2245573], [35.5867053, 33.2245214], [35.5867616, 33.2245208]]]}}, {"type": "Feature", "properties": {"height": 3.0, "num_floors": null, "subtype": null, "class": null, "roof_height": null, "height_source": "floored"}, "geometry": {"type": "Polygon", "coordinates": [[[35.5867201, 33.224092], [35.5865738, 33.2240426], [35.5866149, 33.2239575], [35.5867611, 33.2240069], [35.5867201, 33.224092]]]}}, {"type": "Feature", "properties": {"height": 3.0, "num_floors": null, "subtype": null, "class": null, "roof_height": null, "height_source": "floored"}, "geometry": {"type": "Polygon", "coordinates": [[[35.5867059, 33.2242011], [35.5865482, 33.2241571], [35.5865792, 33.2240793], [35.586737, 33.2241233], [35.5867059, 33.2242011]]]}}, {"type": "Feature", "properties": {"height": 3.0, "num_floors": null, "subtype": null, "class": null, "roof_height": null, "height_source": "floored"}, "geometry": {"type": "Polygon", "coordinates": [[[35.5865474, 33.2243847], [35.5864637, 33.2243602], [35.5865364, 33.2241861], [35.5866982, 33.2242335], [35.5866437, 33.2243636], [35.5865474, 33.2243847]]]}}, {"type": "Feature", "properties": {"height": 3.0, "num_floors": null, "subtype": "residential", "class": "semidetached_house", "roof_height": null, "height_source": "floored"}, "geometry": {"type": "Polygon", "coordinates": [[[35.5866517, 33.2247425], [35.5865113, 33.2247428], [35.586511, 33.2246195], [35.5866513, 33.2246193], [35.5866517, 33.2247425]]]}}, {"type": "Feature", "properties": {"height": 3.0, "num_floors": null, "subtype": null, "class": null, "roof_height": null, "height_source": "floored"}, "geometry": {"type": "Polygon", "coordinates": [[[35.5864261, 33.2242046], [35.5863739, 33.2241923], [35.5863877, 33.2241516], [35.5864399, 33.2241639], [35.5864261, 33.2242046]]]}}, {"type": "Feature", "properties": {"height": 3.0, "num_floors": null, "subtype": null, "class": null, "roof_height": null, "height_source": "floored"}, "geometry": {"type": "Polygon", "coordinates": [[[35.5863791, 33.224236], [35.5863865, 33.2242036], [35.5864319, 33.2242108], [35.5864245, 33.2242433], [35.5863791, 33.224236]]]}}, {"type": "Feature", "properties": {"height": 3.0, "num_floors": null, "subtype": null, "class": null, "roof_height": null, "height_source": "floored"}, "geometry": {"type": "Polygon", "coordinates": [[[35.5864318, 33.2245236], [35.5864666, 33.2245317], [35.5864562, 33.2245629], [35.5864213, 33.2245548], [35.5864318, 33.2245236]]]}}, {"type": "Feature", "properties": {"height": 3.0, "num_floors": null, "subtype": "residential", "class": "semidetached_house", "roof_height": null, "height_source": "floored"}, "geometry": {"type": "Polygon", "coordinates": [[[35.5864807, 33.2247425], [35.5863403, 33.2247428], [35.58634, 33.2246195], [35.5864804, 33.2246193], [35.5864807, 33.2247425]]]}}, {"type": "Feature", "properties": {"height": 3.0, "num_floors": null, "subtype": null, "class": null, "roof_height": null, "height_source": "floored"}, "geometry": {"type": "Polygon", "coordinates": [[[35.5866402, 33.2249659], [35.5864387, 33.2249653], [35.5864393, 33.224832], [35.5866408, 33.2248326], [35.5866402, 33.2249659]]]}}, {"type": "Feature", "properties": {"height": 3.0, "num_floors": null, "subtype": null, "class": null, "roof_height": null, "height_source": "floored"}, "geometry": {"type": "Polygon", "coordinates": [[[35.5865225, 33.2257343], [35.5863649, 33.2257336], [35.5863657, 33.2256069], [35.5865233, 33.2256076], [35.5865225, 33.2257343]]]}}, {"type": "Feature", "properties": {"height": 3.0, "num_floors": null, "subtype": null, "class": null, "roof_height": null, "height_source": "floored"}, "geometry": {"type": "Polygon", "coordinates": [[[35.5863443, 33.225734], [35.5861867, 33.2257333], [35.5861875, 33.2256067], [35.5863451, 33.2256074], [35.5863443, 33.225734]]]}}, {"type": "Feature", "properties": {"height": 3.0, "num_floors": null, "subtype": null, "class": null, "roof_height": null, "height_source": "floored"}, "geometry": {"type": "Polygon", "coordinates": [[[35.5862184, 33.2249634], [35.5860169, 33.2249627], [35.5860175, 33.2248295], [35.5862189, 33.2248301], [35.5862184, 33.2249634]]]}}, {"type": "Feature", "properties": {"height": 3.0, "num_floors": null, "subtype": null, "class": null, "roof_height": null, "height_source": "floored"}, "geometry": {"type": "Polygon", "coordinates": [[[35.5862354, 33.2245846], [35.5861925, 33.2247492], [35.5860369, 33.2247209], [35.5860797, 33.2245562], [35.5862354, 33.2245846]]]}}, {"type": "Feature", "properties": {"height": 3.0, "num_floors": null, "subtype": null, "class": null, "roof_height": null, "height_source": "floored"}, "geometry": {"type": "Polygon", "coordinates": [[[35.5862795, 33.2244011], [35.5861315, 33.2243676], [35.5861888, 33.2241898], [35.5863369, 33.2242232], [35.5862795, 33.2244011]]]}}, {"type": "Feature", "properties": {"height": 3.0, "num_floors": null, "subtype": null, "class": null, "roof_height": null, "height_source": "floored"}, "geometry": {"type": "Polygon", "coordinates": [[[35.5863539, 33.2242031], [35.5861702, 33.2241598], [35.5862016, 33.2240667], [35.5863608, 33.2241042], [35.5863476, 33.2241433], [35.5863721, 33.224149], [35.5863539, 33.2242031]]]}}, {"type": "Feature", "properties": {"height": 3.0, "num_floors": null, "subtype": null, "class": null, "roof_height": null, "height_source": "floored"}, "geometry": {"type": "Polygon", "coordinates": [[[35.5864047, 33.2241042], [35.5862156, 33.224057], [35.5862555, 33.2239451], [35.5864447, 33.2239924], [35.5864047, 33.2241042]]]}}, {"type": "Feature", "properties": {"height": 3.0, "num_floors": null, "subtype": null, "class": null, "roof_height": null, "height_source": "floored"}, "geometry": {"type": "Polygon", "coordinates": [[[35.5861807, 33.2233685], [35.5860526, 33.2233105], [35.5861561, 33.2231505], [35.5862842, 33.2232085], [35.5861807, 33.2233685]]]}}, {"type": "Feature", "properties": {"height": 3.0, "num_floors": null, "subtype": null, "class": null, "roof_height": null, "height_source": "floored"}, "geometry": {"type": "Polygon", "coordinates": [[[35.5860164, 33.2229554], [35.5858149, 33.2229548], [35.5858155, 33.2228215], [35.586017, 33.2228221], [35.5860164, 33.2229554]]]}}, {"type": "Feature", "properties": {"height": 3.0, "num_floors": null, "subtype": null, "class": null, "roof_height": null, "height_source": "floored"}, "geometry": {"type": "Polygon", "coordinates": [[[35.5859125, 33.2236698], [35.5858603, 33.2236472], [35.5859302, 33.2235341], [35.58608, 33.2235989], [35.586031, 33.2236782], [35.5859334, 33.2236359], [35.5859125, 33.2236698]]]}}, {"type": "Feature", "properties": {"height": 3.0, "num_floors": null, "subtype": null, "class": null, "roof_height": null, "height_source": "floored"}, "geometry": {"type": "Polygon", "coordinates": [[[35.5858966, 33.2239913], [35.5857393, 33.2239544], [35.5857782, 33.2238385], [35.5859355, 33.2238754], [35.5858966, 33.2239913]]]}}, {"type": "Feature", "properties": {"height": 3.0, "num_floors": null, "subtype": null, "class": null, "roof_height": null, "height_source": "floored"}, "geometry": {"type": "Polygon", "coordinates": [[[35.5856817, 33.2239187], [35.585679, 33.2238875], [35.5857377, 33.223884], [35.5857404, 33.2239152], [35.5856817, 33.2239187]]]}}, {"type": "Feature", "properties": {"height": 3.0, "num_floors": null, "subtype": null, "class": null, "roof_height": null, "height_source": "floored"}, "geometry": {"type": "Polygon", "coordinates": [[[35.5856171, 33.2236864], [35.585499, 33.223657], [35.5855397, 33.2235426], [35.5857107, 33.2235852], [35.5856868, 33.2236523], [35.5856339, 33.2236391], [35.5856171, 33.2236864]]]}}, {"type": "Feature", "properties": {"height": 3.0, "num_floors": null, "subtype": null, "class": null, "roof_height": null, "height_source": "floored"}, "geometry": {"type": "Polygon", "coordinates": [[[35.5858151, 33.2233703], [35.5856477, 33.2233026], [35.5857363, 33.2231494], [35.5859036, 33.2232171], [35.5858151, 33.2233703]]]}}, {"type": "Feature", "properties": {"height": 3.0, "num_floors": null, "subtype": null, "class": null, "roof_height": null, "height_source": "floored"}, "geometry": {"type": "Polygon", "coordinates": [[[35.5856945, 33.2229518], [35.585493, 33.2229512], [35.5854936, 33.222818], [35.5856951, 33.2228185], [35.5856945, 33.2229518]]]}}, {"type": "Feature", "properties": {"height": 3.0, "num_floors": null, "subtype": null, "class": null, "roof_height": null, "height_source": "floored"}, "geometry": {"type": "Polygon", "coordinates": [[[35.5855239, 33.2240016], [35.585369, 33.2239618], [35.5854079, 33.2238559], [35.5855628, 33.2238958], [35.5855239, 33.2240016]]]}}, {"type": "Feature", "properties": {"height": 3.0, "num_floors": null, "subtype": null, "class": null, "roof_height": null, "height_source": "floored"}, "geometry": {"type": "Polygon", "coordinates": [[[35.5854165, 33.2244348], [35.5852548, 33.2243992], [35.5853204, 33.2241904], [35.5854822, 33.224226], [35.5854165, 33.2244348]]]}}, {"type": "Feature", "properties": {"height": 3.0, "num_floors": null, "subtype": null, "class": null, "roof_height": null, "height_source": "floored"}, "geometry": {"type": "Polygon", "coordinates": [[[35.5856613, 33.2247947], [35.5854925, 33.2247899], [35.5855017, 33.2245658], [35.5855941, 33.2245684], [35.585593, 33.2245953], [35.5856453, 33.2245968], [35.5856411, 33.2246999], [35.5856652, 33.2247006], [35.5856613, 33.2247947]]]}}, {"type": "Feature", "properties": {"height": 3.0, "num_floors": null, "subtype": null, "class": null, "roof_height": null, "height_source": "floored"}, "geometry": {"type": "Polygon", "coordinates": [[[35.58573, 33.2244305], [35.5855429, 33.224387], [35.5856046, 33.2242009], [35.5857917, 33.2242443], [35.58573, 33.2244305]]]}}, {"type": "Feature", "properties": {"height": 3.0, "num_floors": null, "subtype": null, "class": null, "roof_height": null, "height_source": "floored"}, "geometry": {"type": "Polygon", "coordinates": [[[35.5858048, 33.2242056], [35.5856456, 33.2241675], [35.5856795, 33.2240683], [35.5858387, 33.2241063], [35.5858048, 33.2242056]]]}}, {"type": "Feature", "properties": {"height": 3.0, "num_floors": null, "subtype": null, "class": null, "roof_height": null, "height_source": "floored"}, "geometry": {"type": "Polygon", "coordinates": [[[35.5856697, 33.2249678], [35.5854682, 33.2249671], [35.5854688, 33.2248339], [35.5856702, 33.2248345], [35.5856697, 33.2249678]]]}}, {"type": "Feature", "properties": {"height": 3.0, "num_floors": null, "subtype": null, "class": null, "roof_height": null, "height_source": "floored"}, "geometry": {"type": "Polygon", "coordinates": [[[35.5854092, 33.2253348], [35.5854052, 33.2252925], [35.5854625, 33.2252887], [35.5854665, 33.2253311], [35.5854092, 33.2253348]]]}}, {"type": "Feature", "properties": {"height": 3.0, "num_floors": null, "subtype": null, "class": null, "roof_height": null, "height_source": "floored"}, "geometry": {"type": "Polygon", "coordinates": [[[35.5855159, 33.2260863], [35.5853236, 33.2260812], [35.5853269, 33.2259935], [35.5855192, 33.2259986], [35.5855159, 33.2260863]]]}}, {"type": "Feature", "properties": {"height": 3.0, "num_floors": null, "subtype": null, "class": null, "roof_height": null, "height_source": "floored"}, "geometry": {"type": "Polygon", "coordinates": [[[35.5885297, 33.2261921], [35.588369, 33.2261819], [35.5883862, 33.2259909], [35.588547, 33.2260011], [35.5885297, 33.2261921]]]}}, {"type": "Feature", "properties": {"height": 3.0, "num_floors": null, "subtype": null, "class": null, "roof_height": null, "height_source": "floored"}, "geometry": {"type": "Polygon", "coordinates": [[[35.5888537, 33.2262228], [35.5886917, 33.2262133], [35.5887111, 33.2259823], [35.588873, 33.2259918], [35.5888537, 33.2262228]]]}}, {"type": "Feature", "properties": {"height": 3.0, "num_floors": null, "subtype": null, "class": null, "roof_height": null, "height_source": "floored"}, "geometry": {"type": "Polygon", "coordinates": [[[35.5889768, 33.2249862], [35.5887753, 33.2249856], [35.5887759, 33.2248523], [35.5889774, 33.2248529], [35.5889768, 33.2249862]]]}}, {"type": "Feature", "properties": {"height": 3.0, "num_floors": null, "subtype": null, "class": null, "roof_height": null, "height_source": "floored"}, "geometry": {"type": "Polygon", "coordinates": [[[35.5889253, 33.2243819], [35.5887969, 33.2243319], [35.588855, 33.2242276], [35.5889834, 33.2242777], [35.5889253, 33.2243819]]]}}, {"type": "Feature", "properties": {"height": 3.0, "num_floors": null, "subtype": null, "class": null, "roof_height": null, "height_source": "floored"}, "geometry": {"type": "Polygon", "coordinates": [[[35.5890097, 33.224249], [35.5888841, 33.2241943], [35.5889476, 33.2240923], [35.5890732, 33.224147], [35.5890097, 33.224249]]]}}, {"type": "Feature", "properties": {"height": 3.0, "num_floors": null, "subtype": null, "class": null, "roof_height": null, "height_source": "floored"}, "geometry": {"type": "Polygon", "coordinates": [[[35.589099, 33.2241234], [35.5889766, 33.2240637], [35.5890459, 33.2239643], [35.5891683, 33.2240241], [35.589099, 33.2241234]]]}}, {"type": "Feature", "properties": {"height": 3.0, "num_floors": null, "subtype": null, "class": null, "roof_height": null, "height_source": "floored"}, "geometry": {"type": "Polygon", "coordinates": [[[35.5890569, 33.2242626], [35.5890326, 33.2242532], [35.5890568, 33.2242098], [35.589081, 33.2242192], [35.5890569, 33.2242626]]]}}, {"type": "Feature", "properties": {"height": 3.0, "num_floors": null, "subtype": null, "class": null, "roof_height": null, "height_source": "floored"}, "geometry": {"type": "Polygon", "coordinates": [[[35.5891805, 33.2246032], [35.5890925, 33.2247642], [35.5889498, 33.2247097], [35.5889824, 33.2246501], [35.5889435, 33.2246353], [35.588999, 33.2245338], [35.5891805, 33.2246032]]]}}, {"type": "Feature", "properties": {"height": 3.0, "num_floors": null, "subtype": null, "class": null, "roof_height": null, "height_source": "floored"}, "geometry": {"type": "Polygon", "coordinates": [[[35.5893561, 33.224325], [35.5892497, 33.2244781], [35.5891141, 33.2244121], [35.5891534, 33.2243555], [35.5891165, 33.2243375], [35.5891836, 33.2242411], [35.5893561, 33.224325]]]}}, {"type": "Feature", "properties": {"height": 3.0, "num_floors": null, "subtype": null, "class": null, "roof_height": null, "height_source": "floored"}, "geometry": {"type": "Polygon", "coordinates": [[[35.589196, 33.2240028], [35.589074, 33.2239426], [35.5891438, 33.2238435], [35.5892658, 33.2239036], [35.589196, 33.2240028]]]}}, {"type": "Feature", "properties": {"height": 3.0, "num_floors": null, "subtype": null, "class": null, "roof_height": null, "height_source": "floored"}, "geometry": {"type": "Polygon", "coordinates": [[[35.589261, 33.2229961], [35.5890676, 33.2229162], [35.58914, 33.2227934], [35.5893334, 33.2228733], [35.589261, 33.2229961]]]}}, {"type": "Feature", "properties": {"height": 3.0, "num_floors": null, "subtype": null, "class": null, "roof_height": null, "height_source": "floored"}, "geometry": {"type": "Polygon", "coordinates": [[[35.5893999, 33.2226704], [35.5891984, 33.2226698], [35.5891989, 33.2225366], [35.5894004, 33.2225372], [35.5893999, 33.2226704]]]}}, {"type": "Feature", "properties": {"height": 3.0, "num_floors": null, "subtype": null, "class": null, "roof_height": null, "height_source": "floored"}, "geometry": {"type": "Polygon", "coordinates": [[[35.5890123, 33.222925], [35.588872, 33.2229252], [35.5888716, 33.222802], [35.589012, 33.2228017], [35.5890123, 33.222925]]]}}, {"type": "Feature", "properties": {"height": 3.0, "num_floors": null, "subtype": null, "class": null, "roof_height": null, "height_source": "floored"}, "geometry": {"type": "Polygon", "coordinates": [[[35.5889597, 33.2226704], [35.5887582, 33.2226698], [35.5887588, 33.2225366], [35.5889602, 33.2225372], [35.5889597, 33.2226704]]]}}, {"type": "Feature", "properties": {"height": 3.0, "num_floors": null, "subtype": null, "class": null, "roof_height": null, "height_source": "floored"}, "geometry": {"type": "Polygon", "coordinates": [[[35.5889715, 33.2233456], [35.5886893, 33.2233471], [35.5886881, 33.2231872], [35.5889703, 33.2231857], [35.5889715, 33.2233456]]]}}, {"type": "Feature", "properties": {"height": 3.0, "num_floors": null, "subtype": null, "class": null, "roof_height": null, "height_source": "floored"}, "geometry": {"type": "Polygon", "coordinates": [[[35.5889014, 33.2235635], [35.5888478, 33.2235623], [35.5888513, 33.2234556], [35.5889644, 33.2234582], [35.5889593, 33.223612], [35.5888999, 33.2236106], [35.5889014, 33.2235635]]]}}, {"type": "Feature", "properties": {"height": 3.0, "num_floors": null, "subtype": null, "class": null, "roof_height": null, "height_source": "floored"}, "geometry": {"type": "Polygon", "coordinates": [[[35.5886807, 33.22394], [35.5886495, 33.2239853], [35.5885699, 33.2239469], [35.5885789, 33.2239338], [35.5885245, 33.2239076], [35.5885342, 33.2238935], [35.5885076, 33.2238806], [35.5885667, 33.2237948], [35.5885874, 33.2238048], [35.5886026, 33.2237827], [35.5886671, 33.2238138], [35.5886812, 33.2237933], [35.5887588, 33.2238307], [35.5887228, 33.223883], [35.588689, 33.2238667], [35.588649, 33.2239247], [35.5886807, 33.22394]]]}}, {"type": "Feature", "properties": {"height": 3.0, "num_floors": null, "subtype": null, "class": null, "roof_height": null, "height_source": "floored"}, "geometry": {"type": "Polygon", "coordinates": [[[35.5886711, 33.2233426], [35.58856, 33.2233449], [35.5885618, 33.2231921], [35.588669, 33.223193], [35.5886711, 33.2233426]]]}}, {"type": "Feature", "properties": {"height": 3.0, "num_floors": null, "subtype": null, "class": null, "roof_height": null, "height_source": "floored"}, "geometry": {"type": "Polygon", "coordinates": [[[35.588836, 33.2229237], [35.5886956, 33.2229239], [35.5886953, 33.2228007], [35.5888356, 33.2228004], [35.588836, 33.2229237]]]}}, {"type": "Feature", "properties": {"height": 3.0, "num_floors": null, "subtype": null, "class": null, "roof_height": null, "height_source": "floored"}, "geometry": {"type": "Polygon", "coordinates": [[[35.5886569, 33.2229237], [35.5885166, 33.2229239], [35.5885162, 33.2228007], [35.5886566, 33.2228004], [35.5886569, 33.2229237]]]}}, {"type": "Feature", "properties": {"height": 3.0, "num_floors": null, "subtype": null, "class": null, "roof_height": null, "height_source": "floored"}, "geometry": {"type": "Polygon", "coordinates": [[[35.5886458, 33.2226662], [35.5884443, 33.2226656], [35.5884449, 33.2225323], [35.5886464, 33.2225329], [35.5886458, 33.2226662]]]}}, {"type": "Feature", "properties": {"height": 3.0, "num_floors": null, "subtype": null, "class": null, "roof_height": null, "height_source": "floored"}, "geometry": {"type": "Polygon", "coordinates": [[[35.5884749, 33.2229262], [35.5883345, 33.2229265], [35.5883342, 33.2228032], [35.5884745, 33.222803], [35.5884749, 33.2229262]]]}}, {"type": "Feature", "properties": {"height": 3.0, "num_floors": null, "subtype": null, "class": null, "roof_height": null, "height_source": "floored"}, "geometry": {"type": "Polygon", "coordinates": [[[35.5883565, 33.2234229], [35.5883887, 33.2234227], [35.5883891, 33.2234541], [35.5883569, 33.2234543], [35.5883565, 33.2234229]]]}}, {"type": "Feature", "properties": {"height": 3.0, "num_floors": null, "subtype": null, "class": null, "roof_height": null, "height_source": "floored"}, "geometry": {"type": "Polygon", "coordinates": [[[35.5885417, 33.2233466], [35.5883885, 33.2233448], [35.588391, 33.22319], [35.5885442, 33.2231917], [35.5885417, 33.2233466]]]}}, {"type": "Feature", "properties": {"height": 3.0, "num_floors": null, "subtype": null, "class": null, "roof_height": null, "height_source": "floored"}, "geometry": {"type": "Polygon", "coordinates": [[[35.5883872, 33.2234487], [35.5885143, 33.2234446], [35.5885221, 33.2236148], [35.588395, 33.223619], [35.5883872, 33.2234487]]]}}, {"type": "Feature", "properties": {"height": 3.0, "num_floors": null, "subtype": null, "class": null, "roof_height": null, "height_source": "floored"}, "geometry": {"type": "Polygon", "coordinates": [[[35.5884594, 33.2247377], [35.5883167, 33.2247373], [35.5883173, 33.2246032], [35.58846, 33.2246037], [35.5884594, 33.2247377]]]}}, {"type": "Feature", "properties": {"height": 3.0, "num_floors": null, "subtype": null, "class": null, "roof_height": null, "height_source": "floored"}, "geometry": {"type": "Polygon", "coordinates": [[[35.5886199, 33.2247377], [35.5884772, 33.2247373], [35.5884778, 33.2246032], [35.5886205, 33.2246037], [35.5886199, 33.2247377]]]}}, {"type": "Feature", "properties": {"height": 3.0, "num_floors": null, "subtype": null, "class": null, "roof_height": null, "height_source": "floored"}, "geometry": {"type": "Polygon", "coordinates": [[[35.5885783, 33.2240902], [35.588434, 33.2242963], [35.5883793, 33.2242696], [35.5883909, 33.2242531], [35.5883594, 33.2242376], [35.588375, 33.2242154], [35.5883289, 33.2241928], [35.5883802, 33.2241195], [35.5883366, 33.2240982], [35.5884025, 33.2240041], [35.5885783, 33.2240902]]]}}, {"type": "Feature", "properties": {"height": 3.0, "num_floors": null, "subtype": null, "class": null, "roof_height": null, "height_source": "floored"}, "geometry": {"type": "Polygon", "coordinates": [[[35.5888111, 33.2247757], [35.5888095, 33.224807], [35.5887452, 33.2248047], [35.5887469, 33.2247733], [35.5888111, 33.2247757]]]}}, {"type": "Feature", "properties": {"height": 3.0, "num_floors": null, "subtype": null, "class": null, "roof_height": null, "height_source": "floored"}, "geometry": {"type": "Polygon", "coordinates": [[[35.5887964, 33.2247396], [35.5886537, 33.2247392], [35.5886543, 33.2246052], [35.588797, 33.2246056], [35.5887964, 33.2247396]]]}}, {"type": "Feature", "properties": {"height": 3.0, "num_floors": null, "subtype": null, "class": null, "roof_height": null, "height_source": "floored"}, "geometry": {"type": "Polygon", "coordinates": [[[35.5885793, 33.2249837], [35.5883778, 33.2249831], [35.5883783, 33.2248498], [35.5885798, 33.2248504], [35.5885793, 33.2249837]]]}}, {"type": "Feature", "properties": {"height": 3.0, "num_floors": null, "subtype": null, "class": null, "roof_height": null, "height_source": "floored"}, "geometry": {"type": "Polygon", "coordinates": [[[35.5882728, 33.2249862], [35.5880713, 33.2249856], [35.5880719, 33.2248523], [35.5882734, 33.2248529], [35.5882728, 33.2249862]]]}}, {"type": "Feature", "properties": {"height": 3.0, "num_floors": null, "subtype": null, "class": null, "roof_height": null, "height_source": "floored"}, "geometry": {"type": "Polygon", "coordinates": [[[35.5882829, 33.2247396], [35.5881402, 33.2247392], [35.5881408, 33.2246052], [35.5882835, 33.2246056], [35.5882829, 33.2247396]]]}}, {"type": "Feature", "properties": {"height": 3.0, "num_floors": null, "subtype": null, "class": null, "roof_height": null, "height_source": "floored"}, "geometry": {"type": "Polygon", "coordinates": [[[35.5882466, 33.2245553], [35.5882466, 33.2245015], [35.5883136, 33.2245015], [35.5883136, 33.2245553], [35.5882466, 33.2245553]]]}}, {"type": "Feature", "properties": {"height": 3.0, "num_floors": null, "subtype": null, "class": null, "roof_height": null, "height_source": "floored"}, "geometry": {"type": "Polygon", "coordinates": [[[35.5881368, 33.2243065], [35.5880728, 33.2243055], [35.5880756, 33.224182], [35.5881529, 33.2241832], [35.588152, 33.2242242], [35.5881735, 33.2242246], [35.5881724, 33.2242745], [35.5881375, 33.2242739], [35.5881368, 33.2243065]]]}}, {"type": "Feature", "properties": {"height": 3.0, "num_floors": null, "subtype": null, "class": null, "roof_height": null, "height_source": "floored"}, "geometry": {"type": "Polygon", "coordinates": [[[35.5881155, 33.2247358], [35.5879728, 33.2247353], [35.5879734, 33.2246013], [35.5881161, 33.2246018], [35.5881155, 33.2247358]]]}}, {"type": "Feature", "properties": {"height": 3.0, "num_floors": null, "subtype": null, "class": null, "roof_height": null, "height_source": "floored"}, "geometry": {"type": "Polygon", "coordinates": [[[35.5880041, 33.2244664], [35.5880684, 33.2244642], [35.5880702, 33.2245011], [35.5880059, 33.2245032], [35.5880041, 33.2244664]]]}}, {"type": "Feature", "properties": {"height": 3.0, "num_floors": null, "subtype": null, "class": null, "roof_height": null, "height_source": "floored"}, "geometry": {"type": "Polygon", "coordinates": [[[35.5880061, 33.22431], [35.5879422, 33.2243089], [35.5879449, 33.2241854], [35.5880223, 33.2241866], [35.5880214, 33.2242277], [35.5880428, 33.224228], [35.5880417, 33.2242779], [35.5880069, 33.2242773], [35.5880061, 33.22431]]]}}, {"type": "Feature", "properties": {"height": 3.0, "num_floors": null, "subtype": null, "class": null, "roof_height": null, "height_source": "floored"}, "geometry": {"type": "Polygon", "coordinates": [[[35.5879459, 33.2247339], [35.5878032, 33.2247334], [35.5878037, 33.2245994], [35.5879465, 33.2245999], [35.5879459, 33.2247339]]]}}, {"type": "Feature", "properties": {"height": 3.0, "num_floors": null, "subtype": null, "class": null, "roof_height": null, "height_source": "floored"}, "geometry": {"type": "Polygon", "coordinates": [[[35.5878297, 33.2249786], [35.5876282, 33.224978], [35.5876288, 33.2248447], [35.5878303, 33.2248453], [35.5878297, 33.2249786]]]}}, {"type": "Feature", "properties": {"height": 3.0, "num_floors": null, "subtype": null, "class": null, "roof_height": null, "height_source": "floored"}, "geometry": {"type": "Polygon", "coordinates": [[[35.5876809, 33.2248348], [35.5876381, 33.2248335], [35.5876395, 33.2247998], [35.5876824, 33.2248012], [35.5876809, 33.2248348]]]}}, {"type": "Feature", "properties": {"height": 3.0, "num_floors": null, "subtype": null, "class": null, "roof_height": null, "height_source": "floored"}, "geometry": {"type": "Polygon", "coordinates": [[[35.5877766, 33.2247344], [35.5876339, 33.2247339], [35.5876345, 33.2245999], [35.5877772, 33.2246004], [35.5877766, 33.2247344]]]}}, {"type": "Feature", "properties": {"height": 3.0, "num_floors": null, "subtype": null, "class": null, "roof_height": null, "height_source": "floored"}, "geometry": {"type": "Polygon", "coordinates": [[[35.5878992, 33.2243348], [35.5876929, 33.2243381], [35.5876893, 33.2241819], [35.5878956, 33.2241786], [35.5878992, 33.2243348]]]}}, {"type": "Feature", "properties": {"height": 3.0, "num_floors": null, "subtype": null, "class": null, "roof_height": null, "height_source": "floored"}, "geometry": {"type": "Polygon", "coordinates": [[[35.5875226, 33.2229281], [35.5873823, 33.2229284], [35.587382, 33.2228051], [35.5875223, 33.2228049], [35.5875226, 33.2229281]]]}}, {"type": "Feature", "properties": {"height": 3.0, "num_floors": null, "subtype": null, "class": null, "roof_height": null, "height_source": "floored"}, "geometry": {"type": "Polygon", "coordinates": [[[35.5877272, 33.2226683], [35.5875257, 33.2226677], [35.5875263, 33.2225345], [35.5877277, 33.222535], [35.5877272, 33.2226683]]]}}, {"type": "Feature", "properties": {"height": 3.0, "num_floors": null, "subtype": null, "class": null, "roof_height": null, "height_source": "floored"}, "geometry": {"type": "Polygon", "coordinates": [[[35.5877038, 33.2229303], [35.5875635, 33.2229305], [35.5875631, 33.2228073], [35.5877035, 33.222807], [35.5877038, 33.2229303]]]}}, {"type": "Feature", "properties": {"height": 3.0, "num_floors": null, "subtype": null, "class": null, "roof_height": null, "height_source": "floored"}, "geometry": {"type": "Polygon", "coordinates": [[[35.5877437, 33.2231991], [35.5877456, 33.2231566], [35.5877831, 33.2231577], [35.5877812, 33.2232003], [35.5877437, 33.2231991]]]}}, {"type": "Feature", "properties": {"height": 3.0, "num_floors": null, "subtype": null, "class": null, "roof_height": null, "height_source": "floored"}, "geometry": {"type": "Polygon", "coordinates": [[[35.5881259, 33.2229262], [35.5879855, 33.2229265], [35.5879852, 33.2228032], [35.5881255, 33.222803], [35.5881259, 33.2229262]]]}}, {"type": "Feature", "properties": {"height": 3.0, "num_floors": null, "subtype": null, "class": null, "roof_height": null, "height_source": "floored"}, "geometry": {"type": "Polygon", "coordinates": [[[35.588228, 33.2233519], [35.5879458, 33.2233534], [35.5879446, 33.2231936], [35.5882268, 33.223192], [35.588228, 33.2233519]]]}}, {"type": "Feature", "properties": {"height": 3.0, "num_floors": null, "subtype": null, "class": null, "roof_height": null, "height_source": "floored"}, "geometry": {"type": "Polygon", "coordinates": [[[35.5883648, 33.2236324], [35.5882448, 33.2236324], [35.5882448, 33.2234866], [35.5883648, 33.2234866], [35.5883648, 33.2236324]]]}}, {"type": "Feature", "properties": {"height": 3.0, "num_floors": null, "subtype": null, "class": null, "roof_height": null, "height_source": "floored"}, "geometry": {"type": "Polygon", "coordinates": [[[35.5883603, 33.2233413], [35.5882533, 33.2233413], [35.5882533, 33.2232036], [35.5883603, 33.2232036], [35.5883603, 33.2233413]]]}}, {"type": "Feature", "properties": {"height": 3.0, "num_floors": null, "subtype": null, "class": null, "roof_height": null, "height_source": "floored"}, "geometry": {"type": "Polygon", "coordinates": [[[35.5882988, 33.2229262], [35.5881585, 33.2229265], [35.5881582, 33.2228032], [35.5882985, 33.222803], [35.5882988, 33.2229262]]]}}, {"type": "Feature", "properties": {"height": 3.0, "num_floors": null, "subtype": null, "class": null, "roof_height": null, "height_source": "floored"}, "geometry": {"type": "Polygon", "coordinates": [[[35.588219, 33.2226656], [35.5880175, 33.222665], [35.5880181, 33.2225318], [35.5882196, 33.2225324], [35.588219, 33.2226656]]]}}, {"type": "Feature", "properties": {"height": 3.0, "num_floors": null, "subtype": null, "class": null, "roof_height": null, "height_source": "floored"}, "geometry": {"type": "Polygon", "coordinates": [[[35.5877391, 33.2219563], [35.5877938, 33.2219574], [35.5877893, 33.2221157], [35.5877345, 33.2221146], [35.5877391, 33.2219563]]]}}, {"type": "Feature", "properties": {"height": 3.0, "num_floors": null, "subtype": null, "class": null, "roof_height": null, "height_source": "floored"}, "geometry": {"type": "Polygon", "coordinates": [[[35.5877976, 33.2218877], [35.587796, 33.2219528], [35.587729, 33.2219516], [35.5877306, 33.2218865], [35.5877976, 33.2218877]]]}}, {"type": "Feature", "properties": {"height": 3.0, "num_floors": null, "subtype": null, "class": null, "roof_height": null, "height_source": "floored"}, "geometry": {"type": "Polygon", "coordinates": [[[35.5871782, 33.222032], [35.5871823, 33.2218872], [35.5873807, 33.2218911], [35.5873766, 33.2220369], [35.5874194, 33.2220377], [35.5874209, 33.2219852], [35.5877008, 33.2219907], [35.5876973, 33.2221172], [35.587286, 33.2221091], [35.5872881, 33.2220342], [35.5871782, 33.222032]]]}}, {"type": "Feature", "properties": {"height": 3.9, "num_floors": null, "subtype": null, "class": null, "roof_height": null, "height_source": "ndsm"}, "geometry": {"type": "Polygon", "coordinates": [[[35.5874615, 33.2190274], [35.5870589, 33.219022], [35.5870622, 33.2188519], [35.5877676, 33.2188614], [35.5877684, 33.2188236], [35.588032, 33.2188272], [35.588016, 33.2196568], [35.5879462, 33.2196559], [35.5879442, 33.2197552], [35.587822, 33.2197535], [35.5878201, 33.219849], [35.5877201, 33.2198476], [35.5877193, 33.21989], [35.5875567, 33.2198878], [35.5875573, 33.219855], [35.5874765, 33.2198539], [35.5874782, 33.2197668], [35.5874319, 33.2197661], [35.5874384, 33.2194304], [35.5873959, 33.2194298], [35.5873982, 33.2193132], [35.587456, 33.219314], [35.5874615, 33.2190274]]]}}, {"type": "Feature", "properties": {"height": 3.0, "num_floors": null, "subtype": null, "class": null, "roof_height": null, "height_source": "floored"}, "geometry": {"type": "Polygon", "coordinates": [[[35.5884847, 33.2203609], [35.5880329, 33.2203512], [35.588038, 33.2201838], [35.5884898, 33.2201935], [35.5884847, 33.2203609]]]}}, {"type": "Feature", "properties": {"height": 3.0, "num_floors": null, "subtype": null, "class": null, "roof_height": null, "height_source": "floored"}, "geometry": {"type": "Polygon", "coordinates": [[[35.5888222, 33.2197991], [35.5882112, 33.2197816], [35.5882309, 33.2193024], [35.5888418, 33.2193199], [35.5888222, 33.2197991]]]}}, {"type": "Feature", "properties": {"height": 6.3, "num_floors": null, "subtype": null, "class": null, "roof_height": null, "height_source": "ndsm"}, "geometry": {"type": "Polygon", "coordinates": [[[35.5890767, 33.2207255], [35.5889119, 33.2207243], [35.5889138, 33.2205363], [35.5886803, 33.2205346], [35.5886845, 33.2201301], [35.5887979, 33.2201309], [35.5887949, 33.2204243], [35.5891817, 33.2204271], [35.5891796, 33.2206304], [35.5891423, 33.2206987], [35.5890767, 33.2207255]]]}}, {"type": "Feature", "properties": {"height": 3.0, "num_floors": null, "subtype": null, "class": null, "roof_height": null, "height_source": "floored"}, "geometry": {"type": "Polygon", "coordinates": [[[35.5887932, 33.2199309], [35.5888638, 33.2199327], [35.588862, 33.2199842], [35.5887913, 33.2199824], [35.5887932, 33.2199309]]]}}, {"type": "Feature", "properties": {"height": 4.4, "num_floors": null, "subtype": null, "class": null, "roof_height": null, "height_source": "ndsm"}, "geometry": {"type": "Polygon", "coordinates": [[[35.5894971, 33.2198814], [35.5890707, 33.2198734], [35.5890853, 33.2193215], [35.5895118, 33.2193294], [35.5894971, 33.2198814]]]}}, {"type": "Feature", "properties": {"height": 6.3, "num_floors": null, "subtype": null, "class": null, "roof_height": null, "height_source": "ndsm"}, "geometry": {"type": "Polygon", "coordinates": [[[35.5900226, 33.2204956], [35.5894624, 33.2204901], [35.5894667, 33.220183], [35.590027, 33.2201885], [35.5900226, 33.2204956]]]}}, {"type": "Feature", "properties": {"height": 5.8, "num_floors": null, "subtype": null, "class": null, "roof_height": null, "height_source": "ndsm"}, "geometry": {"type": "Polygon", "coordinates": [[[35.5903188, 33.2204983], [35.590207, 33.2204987], [35.5902055, 33.2202031], [35.5903173, 33.2202026], [35.5903188, 33.2204983]]]}}, {"type": "Feature", "properties": {"height": 3.0, "num_floors": null, "subtype": null, "class": null, "roof_height": null, "height_source": "floored"}, "geometry": {"type": "Polygon", "coordinates": [[[35.5899946, 33.2190066], [35.5899998, 33.2190351], [35.5899578, 33.2190404], [35.5899527, 33.2190119], [35.5899946, 33.2190066]]]}}, {"type": "Feature", "properties": {"height": 3.4, "num_floors": null, "subtype": null, "class": null, "roof_height": null, "height_source": "ndsm"}, "geometry": {"type": "Polygon", "coordinates": [[[35.590851, 33.2204337], [35.5906473, 33.2204248], [35.5906518, 33.2203537], [35.5908555, 33.2203625], [35.590851, 33.2204337]]]}}, {"type": "Feature", "properties": {"height": 4.3, "num_floors": null, "subtype": null, "class": null, "roof_height": null, "height_source": "ndsm"}, "geometry": {"type": "Polygon", "coordinates": [[[35.5908191, 33.2199181], [35.5903846, 33.2199092], [35.5903953, 33.2195098], [35.5908298, 33.2195187], [35.5908191, 33.2199181]]]}}, {"type": "Feature", "properties": {"height": 6.4, "num_floors": null, "subtype": null, "class": null, "roof_height": null, "height_source": "ndsm"}, "geometry": {"type": "Polygon", "coordinates": [[[35.5909632, 33.2193482], [35.5903673, 33.2193426], [35.5903743, 33.218826], [35.591156, 33.2188334], [35.5911504, 33.2192422], [35.5909647, 33.2192404], [35.5909632, 33.2193482]]]}}, {"type": "Feature", "properties": {"height": 4.3, "num_floors": null, "subtype": null, "class": null, "roof_height": null, "height_source": "ndsm"}, "geometry": {"type": "Polygon", "coordinates": [[[35.5911327, 33.2199283], [35.5909193, 33.2199197], [35.5909227, 33.219482], [35.5916078, 33.219505], [35.5916043, 33.219721], [35.5913565, 33.2197181], [35.591353, 33.2198189], [35.5912016, 33.2198276], [35.5912016, 33.2198736], [35.5911327, 33.2199283]]]}}, {"type": "Feature", "properties": {"height": 3.0, "num_floors": null, "subtype": null, "class": null, "roof_height": null, "height_source": "floored"}, "geometry": {"type": "Polygon", "coordinates": [[[35.5909175, 33.220267], [35.5909145, 33.220211], [35.5909939, 33.2202081], [35.5909968, 33.220264], [35.5909175, 33.220267]]]}}, {"type": "Feature", "properties": {"height": 3.0, "num_floors": null, "subtype": null, "class": null, "roof_height": null, "height_source": "floored"}, "geometry": {"type": "Polygon", "coordinates": [[[35.5908755, 33.2202615], [35.5907061, 33.2202615], [35.5907061, 33.2201986], [35.5908755, 33.2201986], [35.5908755, 33.2202615]]]}}, {"type": "Feature", "properties": {"height": 3.0, "num_floors": null, "subtype": null, "class": null, "roof_height": null, "height_source": "floored"}, "geometry": {"type": "Polygon", "coordinates": [[[35.5908684, 33.2218092], [35.5908279, 33.2216693], [35.5909176, 33.2216511], [35.5909581, 33.221791], [35.5908684, 33.2218092]]]}}, {"type": "Feature", "properties": {"height": 3.5, "num_floors": null, "subtype": "commercial", "class": "retail", "roof_height": null, "height_source": "ndsm"}, "geometry": {"type": "Polygon", "coordinates": [[[35.5911125, 33.2208061], [35.5904446, 33.220796], [35.5904526, 33.2205794], [35.5911071, 33.2205729], [35.5911125, 33.2208061]]]}}, {"type": "Feature", "properties": {"height": 3.0, "num_floors": null, "subtype": null, "class": null, "roof_height": null, "height_source": "floored"}, "geometry": {"type": "Polygon", "coordinates": [[[35.5904926, 33.2226907], [35.5906551, 33.2227904], [35.5905608, 33.2228978], [35.5903984, 33.2227981], [35.5904926, 33.2226907]]]}}, {"type": "Feature", "properties": {"height": 3.0, "num_floors": null, "subtype": null, "class": null, "roof_height": null, "height_source": "floored"}, "geometry": {"type": "Polygon", "coordinates": [[[35.5904462, 33.2230509], [35.5905189, 33.2230202], [35.5905383, 33.2230524], [35.5904657, 33.2230831], [35.5904462, 33.2230509]]]}}, {"type": "Feature", "properties": {"height": 3.0, "num_floors": null, "subtype": null, "class": null, "roof_height": null, "height_source": "floored"}, "geometry": {"type": "Polygon", "coordinates": [[[35.5903391, 33.223101], [35.5903206, 33.2230775], [35.5903768, 33.2230466], [35.5903953, 33.22307], [35.5903391, 33.223101]]]}}, {"type": "Feature", "properties": {"height": 3.0, "num_floors": null, "subtype": null, "class": null, "roof_height": null, "height_source": "floored"}, "geometry": {"type": "Polygon", "coordinates": [[[35.5903166, 33.2231276], [35.5903514, 33.2231124], [35.5903751, 33.2231503], [35.5903403, 33.2231655], [35.5903166, 33.2231276]]]}}, {"type": "Feature", "properties": {"height": 3.0, "num_floors": null, "subtype": null, "class": null, "roof_height": null, "height_source": "floored"}, "geometry": {"type": "Polygon", "coordinates": [[[35.5906866, 33.2232194], [35.5904983, 33.2233003], [35.5904266, 33.2231836], [35.5904962, 33.2231537], [35.5904767, 33.2231219], [35.5905954, 33.2230709], [35.5906866, 33.2232194]]]}}, {"type": "Feature", "properties": {"height": 3.0, "num_floors": null, "subtype": null, "class": null, "roof_height": null, "height_source": "floored"}, "geometry": {"type": "Polygon", "coordinates": [[[35.5907923, 33.2229141], [35.5909227, 33.2230426], [35.5908013, 33.2231288], [35.5906709, 33.2230003], [35.5907923, 33.2229141]]]}}, {"type": "Feature", "properties": {"height": 3.0, "num_floors": null, "subtype": null, "class": null, "roof_height": null, "height_source": "floored"}, "geometry": {"type": "Polygon", "coordinates": [[[35.5903367, 33.2233852], [35.590173, 33.2234975], [35.5900735, 33.223396], [35.590134, 33.2233545], [35.5901069, 33.2233269], [35.5902101, 33.2232561], [35.5903367, 33.2233852]]]}}, {"type": "Feature", "properties": {"height": 3.0, "num_floors": null, "subtype": null, "class": null, "roof_height": null, "height_source": "floored"}, "geometry": {"type": "Polygon", "coordinates": [[[35.5901582, 33.223126], [35.5900816, 33.2230265], [35.5903494, 33.2228821], [35.590426, 33.2229815], [35.5901582, 33.223126]]]}}, {"type": "Feature", "properties": {"height": 3.0, "num_floors": null, "subtype": null, "class": null, "roof_height": null, "height_source": "floored"}, "geometry": {"type": "Polygon", "coordinates": [[[35.5902569, 33.223119], [35.5902693, 33.2231465], [35.5902047, 33.223167], [35.5901922, 33.2231395], [35.5902569, 33.223119]]]}}, {"type": "Feature", "properties": {"height": 3.0, "num_floors": null, "subtype": null, "class": null, "roof_height": null, "height_source": "floored"}, "geometry": {"type": "Polygon", "coordinates": [[[35.590059, 33.2225588], [35.5902518, 33.2226077], [35.5902055, 33.2227352], [35.5900127, 33.2226863], [35.590059, 33.2225588]]]}}, {"type": "Feature", "properties": {"height": 3.0, "num_floors": null, "subtype": null, "class": null, "roof_height": null, "height_source": "floored"}, "geometry": {"type": "Polygon", "coordinates": [[[35.5898733, 33.2233066], [35.589788, 33.2232122], [35.5900423, 33.2230515], [35.5901275, 33.2231459], [35.5898733, 33.2233066]]]}}, {"type": "Feature", "properties": {"height": 3.0, "num_floors": null, "subtype": null, "class": null, "roof_height": null, "height_source": "floored"}, "geometry": {"type": "Polygon", "coordinates": [[[35.5901113, 33.2235453], [35.5899525, 33.2236624], [35.5898487, 33.223564], [35.5899074, 33.2235207], [35.5898792, 33.2234939], [35.5899792, 33.2234201], [35.5901113, 33.2235453]]]}}, {"type": "Feature", "properties": {"height": 3.0, "num_floors": null, "subtype": null, "class": null, "roof_height": null, "height_source": "floored"}, "geometry": {"type": "Polygon", "coordinates": [[[35.5898165, 33.2238052], [35.5896801, 33.2239406], [35.5895602, 33.2238561], [35.5896106, 33.223806], [35.5895779, 33.223783], [35.5896639, 33.2236976], [35.5898165, 33.2238052]]]}}, {"type": "Feature", "properties": {"height": 3.0, "num_floors": null, "subtype": null, "class": null, "roof_height": null, "height_source": "floored"}, "geometry": {"type": "Polygon", "coordinates": [[[35.5896087, 33.223516], [35.5895123, 33.2234294], [35.5897455, 33.2232477], [35.5898419, 33.2233343], [35.5896087, 33.223516]]]}}, {"type": "Feature", "properties": {"height": 3.0, "num_floors": null, "subtype": null, "class": null, "roof_height": null, "height_source": "floored"}, "geometry": {"type": "Polygon", "coordinates": [[[35.5896631, 33.2235644], [35.5896432, 33.2235398], [35.5897056, 33.2235043], [35.5897255, 33.2235289], [35.5896631, 33.2235644]]]}}, {"type": "Feature", "properties": {"height": 3.0, "num_floors": null, "subtype": null, "class": null, "roof_height": null, "height_source": "floored"}, "geometry": {"type": "Polygon", "coordinates": [[[35.5897795, 33.2234806], [35.5897541, 33.2234586], [35.5898026, 33.2234194], [35.5898281, 33.2234414], [35.5897795, 33.2234806]]]}}, {"type": "Feature", "properties": {"height": 3.0, "num_floors": null, "subtype": null, "class": null, "roof_height": null, "height_source": "floored"}, "geometry": {"type": "Polygon", "coordinates": [[[35.5897129, 33.2229501], [35.5896175, 33.2228472], [35.5896978, 33.2227951], [35.5897933, 33.2228979], [35.5897129, 33.2229501]]]}}, {"type": "Feature", "properties": {"height": 3.0, "num_floors": null, "subtype": null, "class": null, "roof_height": null, "height_source": "floored"}, "geometry": {"type": "Polygon", "coordinates": [[[35.5897471, 33.2226722], [35.5895456, 33.2226716], [35.5895462, 33.2225383], [35.5897477, 33.2225389], [35.5897471, 33.2226722]]]}}, {"type": "Feature", "properties": {"height": 3.0, "num_floors": null, "subtype": null, "class": null, "roof_height": null, "height_source": "floored"}, "geometry": {"type": "Polygon", "coordinates": [[[35.5896638, 33.222988], [35.5895742, 33.2230474], [35.5894708, 33.2229384], [35.5895605, 33.2228789], [35.5896638, 33.222988]]]}}, {"type": "Feature", "properties": {"height": 3.0, "num_floors": null, "subtype": null, "class": null, "roof_height": null, "height_source": "floored"}, "geometry": {"type": "Polygon", "coordinates": [[[35.5895362, 33.2230683], [35.5893829, 33.22317], [35.589296, 33.2230783], [35.5894493, 33.2229766], [35.5895362, 33.2230683]]]}}, {"type": "Feature", "properties": {"height": 3.0, "num_floors": null, "subtype": null, "class": null, "roof_height": null, "height_source": "floored"}, "geometry": {"type": "Polygon", "coordinates": [[[35.5893653, 33.2237424], [35.5892599, 33.2236634], [35.5894725, 33.2234649], [35.5895779, 33.2235438], [35.5893653, 33.2237424]]]}}, {"type": "Feature", "properties": {"height": 3.0, "num_floors": null, "subtype": null, "class": null, "roof_height": null, "height_source": "floored"}, "geometry": {"type": "Polygon", "coordinates": [[[35.5895285, 33.2238222], [35.589549, 33.223842], [35.5895176, 33.2238648], [35.589497, 33.223845], [35.5895285, 33.2238222]]]}}, {"type": "Feature", "properties": {"height": 3.0, "num_floors": null, "subtype": null, "class": null, "roof_height": null, "height_source": "floored"}, "geometry": {"type": "Polygon", "coordinates": [[[35.5895363, 33.2240815], [35.5894143, 33.2242262], [35.5892861, 33.2241506], [35.5893312, 33.2240971], [35.5892963, 33.2240765], [35.5893732, 33.2239853], [35.5895363, 33.2240815]]]}}, {"type": "Feature", "properties": {"height": 3.0, "num_floors": null, "subtype": null, "class": null, "roof_height": null, "height_source": "floored"}, "geometry": {"type": "Polygon", "coordinates": [[[35.5893654, 33.2255591], [35.5892556, 33.225556], [35.5892577, 33.2255045], [35.5893675, 33.2255076], [35.5893654, 33.2255591]]]}}, {"type": "Feature", "properties": {"height": 6.4, "num_floors": null, "subtype": null, "class": null, "roof_height": null, "height_source": "ndsm"}, "geometry": {"type": "Polygon", "coordinates": [[[35.5915609, 33.219456], [35.5910927, 33.2194424], [35.5910959, 33.2193652], [35.5912385, 33.2193694], [35.5912406, 33.2193208], [35.5915661, 33.2193303], [35.5915609, 33.219456]]]}}, {"type": "Feature", "properties": {"height": 3.0, "num_floors": null, "subtype": null, "class": null, "roof_height": null, "height_source": "floored"}, "geometry": {"type": "Polygon", "coordinates": [[[35.5926947, 33.2190998], [35.5919904, 33.2194215], [35.5917584, 33.2191033], [35.5924795, 33.2187694], [35.5926947, 33.2190998]]]}}, {"type": "Feature", "properties": {"height": 3.0, "num_floors": null, "subtype": null, "class": null, "roof_height": null, "height_source": "floored"}, "geometry": {"type": "Polygon", "coordinates": [[[35.5926348, 33.2191331], [35.5927112, 33.2190989], [35.592742, 33.2191471], [35.5926655, 33.2191812], [35.5926348, 33.2191331]]]}}, {"type": "Feature", "properties": {"height": 3.0, "num_floors": null, "subtype": null, "class": null, "roof_height": null, "height_source": "floored"}, "geometry": {"type": "Polygon", "coordinates": [[[35.5927622, 33.2192829], [35.592658, 33.219277], [35.5926671, 33.2191631], [35.5927713, 33.2191689], [35.5927622, 33.2192829]]]}}, {"type": "Feature", "properties": {"height": 3.0, "num_floors": null, "subtype": null, "class": null, "roof_height": null, "height_source": "floored"}, "geometry": {"type": "Polygon", "coordinates": [[[35.5924578, 33.2186049], [35.5923216, 33.2184996], [35.5925753, 33.2182701], [35.5927115, 33.2183755], [35.5924578, 33.2186049]]]}}, {"type": "Feature", "properties": {"height": 3.0, "num_floors": null, "subtype": null, "class": null, "roof_height": null, "height_source": "floored"}, "geometry": {"type": "Polygon", "coordinates": [[[35.5920108, 33.2140828], [35.5919376, 33.2139956], [35.5920005, 33.2139587], [35.5920737, 33.2140458], [35.5920108, 33.2140828]]]}}, {"type": "Feature", "properties": {"height": 3.0, "num_floors": null, "subtype": null, "class": null, "roof_height": null, "height_source": "floored"}, "geometry": {"type": "Polygon", "coordinates": [[[35.5924106, 33.2139571], [35.5922373, 33.2140712], [35.5920437, 33.2138655], [35.5921464, 33.2137979], [35.5920577, 33.2137037], [35.5921284, 33.2136571], [35.5922151, 33.2137493], [35.5924106, 33.2139571]]]}}, {"type": "Feature", "properties": {"height": 5.6, "num_floors": null, "subtype": null, "class": null, "roof_height": null, "height_source": "ndsm"}, "geometry": {"type": "Polygon", "coordinates": [[[35.5925148, 33.21827], [35.5917804, 33.2185575], [35.5912883, 33.2176777], [35.5907726, 33.217749], [35.5907376, 33.2175716], [35.5920245, 33.2173935], [35.5925148, 33.21827]]]}}, {"type": "Feature", "properties": {"height": 3.0, "num_floors": null, "subtype": null, "class": null, "roof_height": null, "height_source": "floored"}, "geometry": {"type": "Polygon", "coordinates": [[[35.5908703, 33.2158333], [35.5908365, 33.2157971], [35.5908905, 33.2157617], [35.5909244, 33.2157979], [35.5908703, 33.2158333]]]}}, {"type": "Feature", "properties": {"height": 3.0, "num_floors": null, "subtype": null, "class": null, "roof_height": null, "height_source": "floored"}, "geometry": {"type": "Polygon", "coordinates": [[[35.5908104, 33.215709], [35.5908685, 33.2157705], [35.5908379, 33.2157907], [35.5907361, 33.2156829], [35.5908046, 33.2156376], [35.5908483, 33.2156839], [35.5908104, 33.215709]]]}}, {"type": "Feature", "properties": {"height": 4.6, "num_floors": null, "subtype": null, "class": null, "roof_height": null, "height_source": "ndsm"}, "geometry": {"type": "Polygon", "coordinates": [[[35.590309, 33.217967], [35.5903058, 33.2178852], [35.5903326, 33.2178844], [35.5903358, 33.2179663], [35.590309, 33.217967]]]}}, {"type": "Feature", "properties": {"height": 6.4, "num_floors": null, "subtype": null, "class": null, "roof_height": null, "height_source": "ndsm"}, "geometry": {"type": "Polygon", "coordinates": [[[35.5909918, 33.2187608], [35.5902085, 33.2187608], [35.5902193, 33.2179665], [35.5905626, 33.2179754], [35.5905642, 33.2181206], [35.5906036, 33.2181256], [35.5908684, 33.2184781], [35.5908737, 33.2185409], [35.5910025, 33.2185364], [35.5909918, 33.2187608]]]}}, {"type": "Feature", "properties": {"height": 5.0, "num_floors": null, "subtype": null, "class": null, "roof_height": null, "height_source": "ndsm"}, "geometry": {"type": "Polygon", "coordinates": [[[35.5901485, 33.2179114], [35.5901507, 33.2178195], [35.5902633, 33.2178213], [35.5902611, 33.2179133], [35.5901485, 33.2179114]]]}}, {"type": "Feature", "properties": {"height": 5.0, "num_floors": null, "subtype": null, "class": null, "roof_height": null, "height_source": "ndsm"}, "geometry": {"type": "Polygon", "coordinates": [[[35.5901381, 33.2176387], [35.5901319, 33.2177799], [35.5899605, 33.2177747], [35.5899638, 33.2176985], [35.5900656, 33.2177016], [35.5900684, 33.2176366], [35.5901381, 33.2176387]]]}}, {"type": "Feature", "properties": {"height": 5.0, "num_floors": null, "subtype": null, "class": null, "roof_height": null, "height_source": "ndsm"}, "geometry": {"type": "Polygon", "coordinates": [[[35.5901024, 33.2186354], [35.5895905, 33.2186299], [35.589602, 33.2178808], [35.5901139, 33.2178863], [35.5901024, 33.2186354]]]}}, {"type": "Feature", "properties": {"height": 4.2, "num_floors": null, "subtype": null, "class": null, "roof_height": null, "height_source": "ndsm"}, "geometry": {"type": "Polygon", "coordinates": [[[35.5901337, 33.2187507], [35.5897502, 33.2187457], [35.5897512, 33.2186896], [35.5901347, 33.2186946], [35.5901337, 33.2187507]]]}}, {"type": "Feature", "properties": {"height": 4.1, "num_floors": null, "subtype": null, "class": null, "roof_height": null, "height_source": "ndsm"}, "geometry": {"type": "Polygon", "coordinates": [[[35.5892683, 33.2176198], [35.589272, 33.2175616], [35.589395, 33.217567], [35.5893914, 33.2176252], [35.5892683, 33.2176198]]]}}, {"type": "Feature", "properties": {"height": 4.5, "num_floors": null, "subtype": null, "class": null, "roof_height": null, "height_source": "ndsm"}, "geometry": {"type": "Polygon", "coordinates": [[[35.5894439, 33.2175658], [35.589547, 33.2175651], [35.5895477, 33.2176313], [35.5894446, 33.2176321], [35.5894439, 33.2175658]]]}}, {"type": "Feature", "properties": {"height": 3.0, "num_floors": null, "subtype": null, "class": null, "roof_height": null, "height_source": "floored"}, "geometry": {"type": "Polygon", "coordinates": [[[35.5900599, 33.2158025], [35.5893724, 33.216279], [35.5886587, 33.2155584], [35.5889871, 33.2153307], [35.5895247, 33.2158734], [35.5898836, 33.2156245], [35.5900599, 33.2158025]]]}}, {"type": "Feature", "properties": {"height": 3.0, "num_floors": null, "subtype": null, "class": null, "roof_height": null, "height_source": "floored"}, "geometry": {"type": "Polygon", "coordinates": [[[35.5943542, 33.2184213], [35.5944162, 33.2184694], [35.5943507, 33.2185285], [35.5942887, 33.2184804], [35.5943542, 33.2184213]]]}}, {"type": "Feature", "properties": {"height": 3.0, "num_floors": null, "subtype": null, "class": null, "roof_height": null, "height_source": "floored"}, "geometry": {"type": "Polygon", "coordinates": [[[35.594284, 33.2183828], [35.5943337, 33.2184348], [35.5942912, 33.2184633], [35.5942415, 33.2184113], [35.594284, 33.2183828]]]}}, {"type": "Feature", "properties": {"height": 3.0, "num_floors": null, "subtype": null, "class": null, "roof_height": null, "height_source": "floored"}, "geometry": {"type": "Polygon", "coordinates": [[[35.5944989, 33.2185271], [35.5945396, 33.2185451], [35.5944954, 33.2186153], [35.5944546, 33.2185974], [35.5944989, 33.2185271]]]}}, {"type": "Feature", "properties": {"height": 3.0, "num_floors": null, "subtype": null, "class": null, "roof_height": null, "height_source": "floored"}, "geometry": {"type": "Polygon", "coordinates": [[[35.5943873, 33.2185665], [35.5943527, 33.2185333], [35.5944152, 33.2184878], [35.5944498, 33.2185209], [35.5943873, 33.2185665]]]}}, {"type": "Feature", "properties": {"height": 3.0, "num_floors": null, "subtype": null, "class": null, "roof_height": null, "height_source": "floored"}, "geometry": {"type": "Polygon", "coordinates": [[[35.5947408, 33.2179732], [35.5947441, 33.2180471], [35.5946745, 33.2180493], [35.5946712, 33.2179753], [35.5947408, 33.2179732]]]}}, {"type": "Feature", "properties": {"height": 3.0, "num_floors": null, "subtype": null, "class": null, "roof_height": null, "height_source": "floored"}, "geometry": {"type": "Polygon", "coordinates": [[[35.5947108, 33.2178789], [35.5947055, 33.217797], [35.5947537, 33.2177948], [35.5947589, 33.2178768], [35.5947108, 33.2178789]]]}}, {"type": "Feature", "properties": {"height": 3.0, "num_floors": null, "subtype": null, "class": null, "roof_height": null, "height_source": "floored"}, "geometry": {"type": "Polygon", "coordinates": [[[35.5946892, 33.2177991], [35.5946892, 33.2178821], [35.5946329, 33.2178821], [35.5946329, 33.2177991], [35.5946892, 33.2177991]]]}}, {"type": "Feature", "properties": {"height": 3.0, "num_floors": null, "subtype": null, "class": null, "roof_height": null, "height_source": "floored"}, "geometry": {"type": "Polygon", "coordinates": [[[35.5945547, 33.2180544], [35.594553, 33.2179759], [35.5946549, 33.2179743], [35.5946566, 33.2180528], [35.5945547, 33.2180544]]]}}, {"type": "Feature", "properties": {"height": 3.0, "num_floors": null, "subtype": null, "class": null, "roof_height": null, "height_source": "floored"}, "geometry": {"type": "Polygon", "coordinates": [[[35.5948975, 33.2177889], [35.5948999, 33.2178697], [35.5948516, 33.2178707], [35.5948492, 33.2177899], [35.5948975, 33.2177889]]]}}, {"type": "Feature", "properties": {"height": 3.0, "num_floors": null, "subtype": null, "class": null, "roof_height": null, "height_source": "floored"}, "geometry": {"type": "Polygon", "coordinates": [[[35.5949667, 33.2177797], [35.5949811, 33.217861], [35.5949286, 33.2178675], [35.5949142, 33.2177862], [35.5949667, 33.2177797]]]}}, {"type": "Feature", "properties": {"height": 3.0, "num_floors": null, "subtype": null, "class": null, "roof_height": null, "height_source": "floored"}, "geometry": {"type": "Polygon", "coordinates": [[[35.5948843, 33.2180589], [35.5948865, 33.2179782], [35.5949857, 33.21798], [35.5949835, 33.2180608], [35.5948843, 33.2180589]]]}}, {"type": "Feature", "properties": {"height": 3.0, "num_floors": null, "subtype": null, "class": null, "roof_height": null, "height_source": "floored"}, "geometry": {"type": "Polygon", "coordinates": [[[35.5949084, 33.2182554], [35.5948245, 33.2182389], [35.5948469, 33.2181589], [35.594852, 33.2181599], [35.5948719, 33.2180889], [35.5949507, 33.2181044], [35.5949084, 33.2182554]]]}}, {"type": "Feature", "properties": {"height": 3.0, "num_floors": null, "subtype": null, "class": null, "roof_height": null, "height_source": "floored"}, "geometry": {"type": "Polygon", "coordinates": [[[35.594782, 33.2178736], [35.5947779, 33.2177929], [35.5948261, 33.2177912], [35.5948302, 33.2178719], [35.594782, 33.2178736]]]}}, {"type": "Feature", "properties": {"height": 3.0, "num_floors": null, "subtype": null, "class": null, "roof_height": null, "height_source": "floored"}, "geometry": {"type": "Polygon", "coordinates": [[[35.5947571, 33.2180582], [35.5947593, 33.2179783], [35.5948584, 33.2179802], [35.5948563, 33.21806], [35.5947571, 33.2180582]]]}}, {"type": "Feature", "properties": {"height": 3.0, "num_floors": null, "subtype": null, "class": null, "roof_height": null, "height_source": "floored"}, "geometry": {"type": "Polygon", "coordinates": [[[35.5947654, 33.218341], [35.594787, 33.2182645], [35.5948835, 33.2182836], [35.5948619, 33.2183601], [35.5947654, 33.218341]]]}}, {"type": "Feature", "properties": {"height": 3.0, "num_floors": null, "subtype": null, "class": null, "roof_height": null, "height_source": "floored"}, "geometry": {"type": "Polygon", "coordinates": [[[35.5950142, 33.2183014], [35.5951032, 33.2183079], [35.5950987, 33.2183502], [35.5950098, 33.2183437], [35.5950142, 33.2183014]]]}}, {"type": "Feature", "properties": {"height": 3.0, "num_floors": null, "subtype": null, "class": null, "roof_height": null, "height_source": "floored"}, "geometry": {"type": "Polygon", "coordinates": [[[35.5950347, 33.2182288], [35.5951261, 33.2182512], [35.5951091, 33.2183], [35.5950177, 33.2182777], [35.5950347, 33.2182288]]]}}, {"type": "Feature", "properties": {"height": 3.0, "num_floors": null, "subtype": null, "class": null, "roof_height": null, "height_source": "floored"}, "geometry": {"type": "Polygon", "coordinates": [[[35.5951438, 33.2182472], [35.5950841, 33.2182382], [35.5951041, 33.2181461], [35.5951638, 33.2181552], [35.5951438, 33.2182472]]]}}, {"type": "Feature", "properties": {"height": 3.0, "num_floors": null, "subtype": null, "class": null, "roof_height": null, "height_source": "floored"}, "geometry": {"type": "Polygon", "coordinates": [[[35.5951757, 33.2181591], [35.5950901, 33.2181254], [35.5951145, 33.218082], [35.5952001, 33.2181157], [35.5951757, 33.2181591]]]}}, {"type": "Feature", "properties": {"height": 3.0, "num_floors": null, "subtype": null, "class": null, "roof_height": null, "height_source": "floored"}, "geometry": {"type": "Polygon", "coordinates": [[[35.6000944, 33.2083515], [35.6000096, 33.2083593], [35.6000025, 33.2083049], [35.6000873, 33.2082971], [35.6000944, 33.2083515]]]}}, {"type": "Feature", "properties": {"height": 3.0, "num_floors": null, "subtype": null, "class": null, "roof_height": null, "height_source": "floored"}, "geometry": {"type": "Polygon", "coordinates": [[[35.6000388, 33.2085906], [35.6000254, 33.2085356], [35.6001258, 33.2085184], [35.6001392, 33.2085733], [35.6000388, 33.2085906]]]}}, {"type": "Feature", "properties": {"height": 3.0, "num_floors": null, "subtype": null, "class": null, "roof_height": null, "height_source": "floored"}, "geometry": {"type": "Polygon", "coordinates": [[[35.6002143, 33.2082783], [35.600213, 33.2083299], [35.6001233, 33.2083282], [35.6001247, 33.2082766], [35.6002143, 33.2082783]]]}}, {"type": "Feature", "properties": {"height": 3.0, "num_floors": null, "subtype": null, "class": null, "roof_height": null, "height_source": "floored"}, "geometry": {"type": "Polygon", "coordinates": [[[35.6007804, 33.2081915], [35.6011463, 33.2081814], [35.6011544, 33.2083888], [35.6011181, 33.2083898], [35.6011204, 33.2084481], [35.6010495, 33.20845], [35.6010467, 33.2083771], [35.600788, 33.2083842], [35.6007804, 33.2081915]]]}}, {"type": "Feature", "properties": {"height": 3.0, "num_floors": null, "subtype": null, "class": null, "roof_height": null, "height_source": "floored"}, "geometry": {"type": "Polygon", "coordinates": [[[35.6010416, 33.2083905], [35.601044, 33.2084555], [35.6009422, 33.2084582], [35.6009398, 33.2083931], [35.6010416, 33.2083905]]]}}, {"type": "Feature", "properties": {"height": 3.0, "num_floors": null, "subtype": null, "class": null, "roof_height": null, "height_source": "floored"}, "geometry": {"type": "Polygon", "coordinates": [[[35.6009842, 33.2084601], [35.6010447, 33.2084609], [35.6010439, 33.208508], [35.6009834, 33.2085072], [35.6009842, 33.2084601]]]}}, {"type": "Feature", "properties": {"height": 3.0, "num_floors": null, "subtype": null, "class": null, "roof_height": null, "height_source": "floored"}, "geometry": {"type": "Polygon", "coordinates": [[[35.6011215, 33.208578], [35.6012366, 33.2086097], [35.601202, 33.2086978], [35.6011304, 33.2086781], [35.6011483, 33.2086325], [35.6011048, 33.2086205], [35.6011215, 33.208578]]]}}, {"type": "Feature", "properties": {"height": 3.0, "num_floors": null, "subtype": null, "class": null, "roof_height": null, "height_source": "floored"}, "geometry": {"type": "Polygon", "coordinates": [[[35.6008597, 33.2086813], [35.6007796, 33.2086361], [35.600853, 33.2085451], [35.6009331, 33.2085903], [35.6008597, 33.2086813]]]}}, {"type": "Feature", "properties": {"height": 3.0, "num_floors": null, "subtype": null, "class": null, "roof_height": null, "height_source": "floored"}, "geometry": {"type": "Polygon", "coordinates": [[[35.6006793, 33.20849], [35.6006784, 33.2084227], [35.6008742, 33.2084209], [35.6008751, 33.2084882], [35.6006793, 33.20849]]]}}, {"type": "Feature", "properties": {"height": 3.0, "num_floors": null, "subtype": null, "class": null, "roof_height": null, "height_source": "floored"}, "geometry": {"type": "Polygon", "coordinates": [[[35.600679, 33.2086394], [35.60051, 33.208641], [35.6005086, 33.2085321], [35.6006775, 33.2085305], [35.600679, 33.2086394]]]}}, {"type": "Feature", "properties": {"height": 3.0, "num_floors": null, "subtype": null, "class": null, "roof_height": null, "height_source": "floored"}, "geometry": {"type": "Polygon", "coordinates": [[[35.6004317, 33.2083577], [35.6004295, 33.2082926], [35.6005125, 33.2082907], [35.6005148, 33.2083557], [35.6004317, 33.2083577]]]}}, {"type": "Feature", "properties": {"height": 3.0, "num_floors": null, "subtype": null, "class": null, "roof_height": null, "height_source": "floored"}, "geometry": {"type": "Polygon", "coordinates": [[[35.6004286, 33.2085117], [35.6004191, 33.2085871], [35.6002399, 33.2085713], [35.6002494, 33.2084958], [35.6004286, 33.2085117]]]}}, {"type": "Feature", "properties": {"height": 3.0, "num_floors": null, "subtype": null, "class": null, "roof_height": null, "height_source": "floored"}, "geometry": {"type": "Polygon", "coordinates": [[[35.6011639, 33.2091758], [35.6010274, 33.2091715], [35.6010315, 33.2090802], [35.601168, 33.2090845], [35.6011639, 33.2091758]]]}}, {"type": "Feature", "properties": {"height": 3.0, "num_floors": null, "subtype": null, "class": null, "roof_height": null, "height_source": "floored"}, "geometry": {"type": "Polygon", "coordinates": [[[35.6007223, 33.2147776], [35.600743, 33.2148142], [35.6006991, 33.2148316], [35.6006784, 33.2147949], [35.6007223, 33.2147776]]]}}, {"type": "Feature", "properties": {"height": 5.3, "num_floors": null, "subtype": null, "class": null, "roof_height": null, "height_source": "ndsm"}, "geometry": {"type": "Polygon", "coordinates": [[[35.5990779, 33.2233924], [35.5990834, 33.2233254], [35.5991448, 33.223329], [35.5991393, 33.223396], [35.5990779, 33.2233924]]]}}, {"type": "Feature", "properties": {"height": 5.3, "num_floors": null, "subtype": null, "class": null, "roof_height": null, "height_source": "ndsm"}, "geometry": {"type": "Polygon", "coordinates": [[[35.5991465, 33.2234745], [35.5990702, 33.2234707], [35.5990737, 33.2234215], [35.59915, 33.2234253], [35.5991465, 33.2234745]]]}}, {"type": "Feature", "properties": {"height": 3.0, "num_floors": null, "subtype": null, "class": null, "roof_height": null, "height_source": "floored"}, "geometry": {"type": "Polygon", "coordinates": [[[35.5996473, 33.2223852], [35.5996017, 33.2223274], [35.5997343, 33.2222542], [35.5997799, 33.222312], [35.5996473, 33.2223852]]]}}, {"type": "Feature", "properties": {"height": 3.0, "num_floors": null, "subtype": null, "class": null, "roof_height": null, "height_source": "floored"}, "geometry": {"type": "Polygon", "coordinates": [[[35.6010322, 33.2216336], [35.6010563, 33.2216325], [35.6010595, 33.2216806], [35.6009803, 33.2216843], [35.6009749, 33.2216026], [35.60103, 33.2216001], [35.6010322, 33.2216336]]]}}, {"type": "Feature", "properties": {"height": 3.0, "num_floors": null, "subtype": null, "class": null, "roof_height": null, "height_source": "floored"}, "geometry": {"type": "Polygon", "coordinates": [[[35.6002923, 33.2215487], [35.6003627, 33.2216165], [35.6003244, 33.2216443], [35.600254, 33.2215765], [35.6002923, 33.2215487]]]}}, {"type": "Feature", "properties": {"height": 3.0, "num_floors": null, "subtype": null, "class": null, "roof_height": null, "height_source": "floored"}, "geometry": {"type": "Polygon", "coordinates": [[[35.6002743, 33.2227388], [35.6002125, 33.2226403], [35.6003375, 33.2225854], [35.6003993, 33.222684], [35.6002743, 33.2227388]]]}}, {"type": "Feature", "properties": {"height": 3.0, "num_floors": null, "subtype": null, "class": null, "roof_height": null, "height_source": "floored"}, "geometry": {"type": "Polygon", "coordinates": [[[35.6002574, 33.2224657], [35.6002464, 33.2224398], [35.6003179, 33.2224186], [35.6003289, 33.2224445], [35.6002574, 33.2224657]]]}}, {"type": "Feature", "properties": {"height": 3.0, "num_floors": null, "subtype": null, "class": null, "roof_height": null, "height_source": "floored"}, "geometry": {"type": "Polygon", "coordinates": [[[35.6003819, 33.2225883], [35.6004125, 33.2225674], [35.6004545, 33.2226105], [35.600424, 33.2226314], [35.6003819, 33.2225883]]]}}, {"type": "Feature", "properties": {"height": 3.0, "num_floors": null, "subtype": null, "class": null, "roof_height": null, "height_source": "floored"}, "geometry": {"type": "Polygon", "coordinates": [[[35.6003484, 33.2227969], [35.6003887, 33.2227973], [35.6003882, 33.2228332], [35.600348, 33.2228328], [35.6003484, 33.2227969]]]}}, {"type": "Feature", "properties": {"height": 3.0, "num_floors": null, "subtype": null, "class": null, "roof_height": null, "height_source": "floored"}, "geometry": {"type": "Polygon", "coordinates": [[[35.6003982, 33.2229748], [35.6005259, 33.2230383], [35.6004711, 33.2231154], [35.6003434, 33.2230519], [35.6003982, 33.2229748]]]}}, {"type": "Feature", "properties": {"height": 3.0, "num_floors": null, "subtype": null, "class": null, "roof_height": null, "height_source": "floored"}, "geometry": {"type": "Polygon", "coordinates": [[[35.6002353, 33.2229718], [35.6002832, 33.2229085], [35.600356, 33.222947], [35.6003081, 33.2230103], [35.6002353, 33.2229718]]]}}, {"type": "Feature", "properties": {"height": 3.1, "num_floors": null, "subtype": null, "class": null, "roof_height": null, "height_source": "ndsm"}, "geometry": {"type": "Polygon", "coordinates": [[[35.6002703, 33.2231985], [35.6002984, 33.2231735], [35.6003452, 33.2232105], [35.6003171, 33.2232354], [35.6002703, 33.2231985]]]}}, {"type": "Feature", "properties": {"height": 3.1, "num_floors": null, "subtype": null, "class": null, "roof_height": null, "height_source": "ndsm"}, "geometry": {"type": "Polygon", "coordinates": [[[35.6002399, 33.2234221], [35.6001858, 33.2234596], [35.6000982, 33.2233711], [35.6002813, 33.2232443], [35.6004289, 33.2233935], [35.6002999, 33.2234828], [35.6002399, 33.2234221]]]}}, {"type": "Feature", "properties": {"height": 3.0, "num_floors": null, "subtype": null, "class": null, "roof_height": null, "height_source": "floored"}, "geometry": {"type": "Polygon", "coordinates": [[[35.6004507, 33.2232778], [35.6004291, 33.2232636], [35.6004663, 33.223224], [35.6004879, 33.2232382], [35.6004507, 33.2232778]]]}}, {"type": "Feature", "properties": {"height": 3.0, "num_floors": null, "subtype": null, "class": null, "roof_height": null, "height_source": "floored"}, "geometry": {"type": "Polygon", "coordinates": [[[35.6003996, 33.2232805], [35.6004295, 33.2232582], [35.6005187, 33.2233421], [35.6004888, 33.2233644], [35.6003996, 33.2232805]]]}}, {"type": "Feature", "properties": {"height": 3.6, "num_floors": null, "subtype": null, "class": null, "roof_height": null, "height_source": "ndsm"}, "geometry": {"type": "Polygon", "coordinates": [[[35.6006629, 33.2237281], [35.6007439, 33.2237713], [35.600722, 33.2238], [35.600641, 33.2237568], [35.6006629, 33.2237281]]]}}, {"type": "Feature", "properties": {"height": 3.0, "num_floors": null, "subtype": null, "class": null, "roof_height": null, "height_source": "floored"}, "geometry": {"type": "Polygon", "coordinates": [[[35.6005591, 33.2234125], [35.6006597, 33.2234926], [35.6006236, 33.2235244], [35.600523, 33.2234442], [35.6005591, 33.2234125]]]}}, {"type": "Feature", "properties": {"height": 3.0, "num_floors": null, "subtype": null, "class": null, "roof_height": null, "height_source": "floored"}, "geometry": {"type": "Polygon", "coordinates": [[[35.6006785, 33.2233153], [35.6007133, 33.2232261], [35.6005254, 33.2231747], [35.6005579, 33.2230916], [35.600724, 33.2231371], [35.6007062, 33.2231827], [35.6008031, 33.2232092], [35.6007746, 33.2232822], [35.6007442, 33.2232738], [35.6007232, 33.2233275], [35.6006785, 33.2233153]]]}}, {"type": "Feature", "properties": {"height": 3.0, "num_floors": null, "subtype": null, "class": null, "roof_height": null, "height_source": "floored"}, "geometry": {"type": "Polygon", "coordinates": [[[35.6005975, 33.2228188], [35.6005608, 33.2228007], [35.6006112, 33.2227291], [35.6006479, 33.2227472], [35.6005975, 33.2228188]]]}}, {"type": "Feature", "properties": {"height": 3.0, "num_floors": null, "subtype": null, "class": null, "roof_height": null, "height_source": "floored"}, "geometry": {"type": "Polygon", "coordinates": [[[35.600825, 33.2227206], [35.6007545, 33.2226796], [35.6007859, 33.2226417], [35.6008565, 33.2226827], [35.600825, 33.2227206]]]}}, {"type": "Feature", "properties": {"height": 3.0, "num_floors": null, "subtype": null, "class": null, "roof_height": null, "height_source": "floored"}, "geometry": {"type": "Polygon", "coordinates": [[[35.6007101, 33.2227454], [35.6007279, 33.2226973], [35.6008063, 33.2227176], [35.6007885, 33.2227657], [35.6007101, 33.2227454]]]}}, {"type": "Feature", "properties": {"height": 3.0, "num_floors": null, "subtype": null, "class": null, "roof_height": null, "height_source": "floored"}, "geometry": {"type": "Polygon", "coordinates": [[[35.6006597, 33.2226788], [35.6007136, 33.2226179], [35.6007517, 33.2226415], [35.6006979, 33.2227024], [35.6006597, 33.2226788]]]}}, {"type": "Feature", "properties": {"height": 3.0, "num_floors": null, "subtype": null, "class": null, "roof_height": null, "height_source": "floored"}, "geometry": {"type": "Polygon", "coordinates": [[[35.6007528, 33.2230135], [35.6007805, 33.2229728], [35.6008485, 33.2230052], [35.6008208, 33.2230458], [35.6007528, 33.2230135]]]}}, {"type": "Feature", "properties": {"height": 3.0, "num_floors": null, "subtype": null, "class": null, "roof_height": null, "height_source": "floored"}, "geometry": {"type": "Polygon", "coordinates": [[[35.6007588, 33.2229478], [35.6007353, 33.2229904], [35.6006602, 33.2229613], [35.6006867, 33.2229132], [35.6006988, 33.2229179], [35.6007314, 33.2228587], [35.600811, 33.2228895], [35.6007957, 33.2229172], [35.6008986, 33.222957], [35.6008781, 33.222994], [35.6007588, 33.2229478]]]}}, {"type": "Feature", "properties": {"height": 3.0, "num_floors": null, "subtype": null, "class": null, "roof_height": null, "height_source": "floored"}, "geometry": {"type": "Polygon", "coordinates": [[[35.600778, 33.2228116], [35.600853, 33.222852], [35.6008212, 33.2228932], [35.6007463, 33.2228528], [35.600778, 33.2228116]]]}}, {"type": "Feature", "properties": {"height": 3.0, "num_floors": null, "subtype": null, "class": null, "roof_height": null, "height_source": "floored"}, "geometry": {"type": "Polygon", "coordinates": [[[35.6008718, 33.2230396], [35.6009451, 33.2230796], [35.6009205, 33.2231111], [35.6008472, 33.223071], [35.6008718, 33.2230396]]]}}, {"type": "Feature", "properties": {"height": 3.0, "num_floors": null, "subtype": null, "class": null, "roof_height": null, "height_source": "floored"}, "geometry": {"type": "Polygon", "coordinates": [[[35.6009155, 33.2229551], [35.6008415, 33.2229089], [35.6008736, 33.2228729], [35.6009477, 33.2229191], [35.6009155, 33.2229551]]]}}, {"type": "Feature", "properties": {"height": 3.0, "num_floors": null, "subtype": null, "class": null, "roof_height": null, "height_source": "floored"}, "geometry": {"type": "Polygon", "coordinates": [[[35.6008156, 33.222807], [35.6008605, 33.2227066], [35.6009499, 33.2227347], [35.6009287, 33.2227819], [35.600923, 33.2227801], [35.6008992, 33.2228332], [35.6008156, 33.222807]]]}}, {"type": "Feature", "properties": {"height": 3.0, "num_floors": null, "subtype": null, "class": null, "roof_height": null, "height_source": "floored"}, "geometry": {"type": "Polygon", "coordinates": [[[35.6008869, 33.2226527], [35.600813, 33.2226138], [35.6008444, 33.222572], [35.6009183, 33.2226108], [35.6008869, 33.2226527]]]}}, {"type": "Feature", "properties": {"height": 3.0, "num_floors": null, "subtype": null, "class": null, "roof_height": null, "height_source": "floored"}, "geometry": {"type": "Polygon", "coordinates": [[[35.6009413, 33.2226976], [35.600971, 33.2226516], [35.601049, 33.2226869], [35.6010192, 33.2227329], [35.6009413, 33.2226976]]]}}, {"type": "Feature", "properties": {"height": 3.0, "num_floors": null, "subtype": null, "class": null, "roof_height": null, "height_source": "floored"}, "geometry": {"type": "Polygon", "coordinates": [[[35.6010538, 33.2223987], [35.6011159, 33.2224448], [35.6009954, 33.2225584], [35.6009332, 33.2225122], [35.6010538, 33.2223987]]]}}, {"type": "Feature", "properties": {"height": 3.0, "num_floors": null, "subtype": null, "class": null, "roof_height": null, "height_source": "floored"}, "geometry": {"type": "Polygon", "coordinates": [[[35.6011563, 33.2225844], [35.6011037, 33.2225508], [35.601184, 33.222463], [35.6012365, 33.2224965], [35.6011563, 33.2225844]]]}}, {"type": "Feature", "properties": {"height": 3.0, "num_floors": null, "subtype": null, "class": null, "roof_height": null, "height_source": "floored"}, "geometry": {"type": "Polygon", "coordinates": [[[35.6012005, 33.2227551], [35.6011293, 33.2227103], [35.6011525, 33.2226845], [35.6011021, 33.2226528], [35.6011356, 33.2226155], [35.6012572, 33.222692], [35.6012005, 33.2227551]]]}}, {"type": "Feature", "properties": {"height": 3.0, "num_floors": null, "subtype": null, "class": null, "roof_height": null, "height_source": "floored"}, "geometry": {"type": "Polygon", "coordinates": [[[35.6010257, 33.2227504], [35.6010508, 33.2227051], [35.6011303, 33.2227359], [35.6011053, 33.2227812], [35.6010257, 33.2227504]]]}}, {"type": "Feature", "properties": {"height": 3.0, "num_floors": null, "subtype": null, "class": null, "roof_height": null, "height_source": "floored"}, "geometry": {"type": "Polygon", "coordinates": [[[35.6011523, 33.2228164], [35.6011163, 33.2227953], [35.6011478, 33.2227577], [35.6011838, 33.2227788], [35.6011523, 33.2228164]]]}}, {"type": "Feature", "properties": {"height": 3.0, "num_floors": null, "subtype": null, "class": null, "roof_height": null, "height_source": "floored"}, "geometry": {"type": "Polygon", "coordinates": [[[35.6010609, 33.223139], [35.6009708, 33.2230721], [35.6011286, 33.2229233], [35.6012187, 33.2229901], [35.6010609, 33.223139]]]}}, {"type": "Feature", "properties": {"height": 3.0, "num_floors": null, "subtype": null, "class": null, "roof_height": null, "height_source": "floored"}, "geometry": {"type": "Polygon", "coordinates": [[[35.600996, 33.2229142], [35.6010597, 33.2228181], [35.6011356, 33.2228533], [35.6010719, 33.2229494], [35.600996, 33.2229142]]]}}, {"type": "Feature", "properties": {"height": 3.0, "num_floors": null, "subtype": null, "class": null, "roof_height": null, "height_source": "floored"}, "geometry": {"type": "Polygon", "coordinates": [[[35.6010085, 33.2230097], [35.6009349, 33.2229715], [35.6009625, 33.2229342], [35.6010361, 33.2229724], [35.6010085, 33.2230097]]]}}, {"type": "Feature", "properties": {"height": 3.0, "num_floors": null, "subtype": null, "class": null, "roof_height": null, "height_source": "floored"}, "geometry": {"type": "Polygon", "coordinates": [[[35.6009681, 33.222759], [35.6010449, 33.2227938], [35.6010179, 33.2228354], [35.6009412, 33.2228007], [35.6009681, 33.222759]]]}}, {"type": "Feature", "properties": {"height": 3.0, "num_floors": null, "subtype": null, "class": null, "roof_height": null, "height_source": "floored"}, "geometry": {"type": "Polygon", "coordinates": [[[35.6008991, 33.2228491], [35.6009261, 33.2228108], [35.6009985, 33.2228466], [35.6009715, 33.2228849], [35.6008991, 33.2228491]]]}}, {"type": "Feature", "properties": {"height": 3.0, "num_floors": null, "subtype": null, "class": null, "roof_height": null, "height_source": "floored"}, "geometry": {"type": "Polygon", "coordinates": [[[35.6008924, 33.2230376], [35.6009085, 33.2229849], [35.6009966, 33.2230037], [35.6009806, 33.2230564], [35.6008924, 33.2230376]]]}}, {"type": "Feature", "properties": {"height": 3.0, "num_floors": null, "subtype": null, "class": null, "roof_height": null, "height_source": "floored"}, "geometry": {"type": "Polygon", "coordinates": [[[35.6009367, 33.2232844], [35.6010055, 33.2233266], [35.6009735, 33.2233631], [35.6009047, 33.2233209], [35.6009367, 33.2232844]]]}}, {"type": "Feature", "properties": {"height": 3.0, "num_floors": null, "subtype": null, "class": null, "roof_height": null, "height_source": "floored"}, "geometry": {"type": "Polygon", "coordinates": [[[35.6009144, 33.2234637], [35.6010281, 33.2233411], [35.6010675, 33.2233667], [35.601, 33.2234396], [35.6010058, 33.2234433], [35.6010337, 33.2234132], [35.6011409, 33.2234827], [35.6010669, 33.2235626], [35.6009144, 33.2234637]]]}}, {"type": "Feature", "properties": {"height": 3.0, "num_floors": null, "subtype": null, "class": null, "roof_height": null, "height_source": "floored"}, "geometry": {"type": "Polygon", "coordinates": [[[35.6011549, 33.2234218], [35.6012062, 33.2234626], [35.6011674, 33.2234968], [35.6011161, 33.2234559], [35.6011549, 33.2234218]]]}}, {"type": "Feature", "properties": {"height": 3.0, "num_floors": null, "subtype": null, "class": null, "roof_height": null, "height_source": "floored"}, "geometry": {"type": "Polygon", "coordinates": [[[35.6010587, 33.2238135], [35.6010324, 33.2237982], [35.601065, 33.2237588], [35.6010914, 33.2237741], [35.6010587, 33.2238135]]]}}, {"type": "Feature", "properties": {"height": 3.0, "num_floors": null, "subtype": null, "class": null, "roof_height": null, "height_source": "floored"}, "geometry": {"type": "Polygon", "coordinates": [[[35.6010749, 33.2237647], [35.6010243, 33.2237273], [35.6010563, 33.223697], [35.6011069, 33.2237343], [35.6010749, 33.2237647]]]}}, {"type": "Feature", "properties": {"height": 3.0, "num_floors": null, "subtype": null, "class": null, "roof_height": null, "height_source": "floored"}, "geometry": {"type": "Polygon", "coordinates": [[[35.6008849, 33.2238811], [35.6008745, 33.22387], [35.6009423, 33.2238253], [35.6009123, 33.2237935], [35.6009653, 33.2237586], [35.6010057, 33.2238015], [35.6008849, 33.2238811]]]}}, {"type": "Feature", "properties": {"height": 3.6, "num_floors": null, "subtype": null, "class": null, "roof_height": null, "height_source": "ndsm"}, "geometry": {"type": "Polygon", "coordinates": [[[35.600853, 33.2239349], [35.6008022, 33.2238894], [35.6009082, 33.2238066], [35.6009296, 33.2238258], [35.600868, 33.2238739], [35.6008974, 33.2239003], [35.600853, 33.2239349]]]}}, {"type": "Feature", "properties": {"height": 3.0, "num_floors": null, "subtype": null, "class": null, "roof_height": null, "height_source": "floored"}, "geometry": {"type": "Polygon", "coordinates": [[[35.600909, 33.2236158], [35.600874, 33.2235884], [35.6009215, 33.2235461], [35.6009565, 33.2235735], [35.600909, 33.2236158]]]}}, {"type": "Feature", "properties": {"height": 3.6, "num_floors": null, "subtype": null, "class": null, "roof_height": null, "height_source": "ndsm"}, "geometry": {"type": "Polygon", "coordinates": [[[35.6007751, 33.2237804], [35.6006728, 33.2237047], [35.6007087, 33.2236707], [35.600811, 33.2237464], [35.6007751, 33.2237804]]]}}, {"type": "Feature", "properties": {"height": 3.6, "num_floors": null, "subtype": null, "class": null, "roof_height": null, "height_source": "ndsm"}, "geometry": {"type": "Polygon", "coordinates": [[[35.6008119, 33.2236311], [35.6008558, 33.2236883], [35.6008159, 33.2237097], [35.600772, 33.2236525], [35.6008119, 33.2236311]]]}}, {"type": "Feature", "properties": {"height": 3.6, "num_floors": null, "subtype": null, "class": null, "roof_height": null, "height_source": "ndsm"}, "geometry": {"type": "Polygon", "coordinates": [[[35.6002627, 33.2242333], [35.6002512, 33.2241991], [35.6003332, 33.2241798], [35.6003447, 33.224214], [35.6002627, 33.2242333]]]}}, {"type": "Feature", "properties": {"height": 3.6, "num_floors": null, "subtype": null, "class": null, "roof_height": null, "height_source": "ndsm"}, "geometry": {"type": "Polygon", "coordinates": [[[35.6003034, 33.2241244], [35.6003129, 33.2241816], [35.6002445, 33.2241896], [35.6002349, 33.2241323], [35.6003034, 33.2241244]]]}}, {"type": "Feature", "properties": {"height": 3.6, "num_floors": null, "subtype": null, "class": null, "roof_height": null, "height_source": "ndsm"}, "geometry": {"type": "Polygon", "coordinates": [[[35.6001491, 33.2241861], [35.6001828, 33.2243003], [35.6000121, 33.2243356], [35.5999784, 33.2242214], [35.6001491, 33.2241861]]]}}, {"type": "Feature", "properties": {"height": 3.6, "num_floors": null, "subtype": null, "class": null, "roof_height": null, "height_source": "ndsm"}, "geometry": {"type": "Polygon", "coordinates": [[[35.6000904, 33.2237689], [35.6001199, 33.2237615], [35.6001324, 33.2237966], [35.6001029, 33.2238039], [35.6000904, 33.2237689]]]}}, {"type": "Feature", "properties": {"height": 3.6, "num_floors": null, "subtype": null, "class": null, "roof_height": null, "height_source": "ndsm"}, "geometry": {"type": "Polygon", "coordinates": [[[35.6000162, 33.2239308], [35.600149, 33.2239115], [35.6001571, 33.2239507], [35.6000243, 33.22397], [35.6000162, 33.2239308]]]}}, {"type": "Feature", "properties": {"height": 4.6, "num_floors": null, "subtype": null, "class": null, "roof_height": null, "height_source": "ndsm"}, "geometry": {"type": "Polygon", "coordinates": [[[35.599971, 33.2238411], [35.5999574, 33.2238043], [35.6000846, 33.2237713], [35.6000983, 33.2238081], [35.599971, 33.2238411]]]}}, {"type": "Feature", "properties": {"height": 3.1, "num_floors": null, "subtype": null, "class": null, "roof_height": null, "height_source": "ndsm"}, "geometry": {"type": "Polygon", "coordinates": [[[35.6000609, 33.2233957], [35.6001017, 33.223437], [35.6000803, 33.2234518], [35.6000395, 33.2234105], [35.6000609, 33.2233957]]]}}, {"type": "Feature", "properties": {"height": 4.8, "num_floors": null, "subtype": null, "class": null, "roof_height": null, "height_source": "ndsm"}, "geometry": {"type": "Polygon", "coordinates": [[[35.6000381, 33.2231351], [35.6001228, 33.2232131], [35.6000655, 33.2232567], [35.5999808, 33.2231787], [35.6000381, 33.2231351]]]}}, {"type": "Feature", "properties": {"height": 3.1, "num_floors": null, "subtype": null, "class": null, "roof_height": null, "height_source": "ndsm"}, "geometry": {"type": "Polygon", "coordinates": [[[35.600202, 33.2231908], [35.6001188, 33.2231283], [35.6001874, 33.2230643], [35.6002706, 33.2231268], [35.600202, 33.2231908]]]}}, {"type": "Feature", "properties": {"height": 3.0, "num_floors": null, "subtype": null, "class": null, "roof_height": null, "height_source": "floored"}, "geometry": {"type": "Polygon", "coordinates": [[[35.6000729, 33.2225008], [35.600047, 33.222448], [35.600311, 33.2223573], [35.6003369, 33.2224102], [35.6000729, 33.2225008]]]}}, {"type": "Feature", "properties": {"height": 4.8, "num_floors": null, "subtype": null, "class": null, "roof_height": null, "height_source": "ndsm"}, "geometry": {"type": "Polygon", "coordinates": [[[35.5998601, 33.2228418], [35.5998169, 33.2227872], [35.5998616, 33.2227624], [35.5999048, 33.222817], [35.5998601, 33.2228418]]]}}, {"type": "Feature", "properties": {"height": 4.8, "num_floors": null, "subtype": null, "class": null, "roof_height": null, "height_source": "ndsm"}, "geometry": {"type": "Polygon", "coordinates": [[[35.5999129, 33.2229002], [35.5998922, 33.222862], [35.5999322, 33.2228468], [35.5999529, 33.2228849], [35.5999129, 33.2229002]]]}}, {"type": "Feature", "properties": {"height": 4.8, "num_floors": null, "subtype": null, "class": null, "roof_height": null, "height_source": "ndsm"}, "geometry": {"type": "Polygon", "coordinates": [[[35.599804, 33.222784], [35.599791, 33.2227597], [35.5998493, 33.2227381], [35.5998622, 33.2227624], [35.599804, 33.222784]]]}}, {"type": "Feature", "properties": {"height": 3.0, "num_floors": null, "subtype": null, "class": null, "roof_height": null, "height_source": "floored"}, "geometry": {"type": "Polygon", "coordinates": [[[35.5997878, 33.2226363], [35.5998127, 33.2226727], [35.5997622, 33.2226969], [35.5997373, 33.2226604], [35.5997878, 33.2226363]]]}}, {"type": "Feature", "properties": {"height": 4.6, "num_floors": null, "subtype": null, "class": null, "roof_height": null, "height_source": "ndsm"}, "geometry": {"type": "Polygon", "coordinates": [[[35.5998157, 33.2237652], [35.5999448, 33.2237345], [35.5999575, 33.2237719], [35.5998284, 33.2238026], [35.5998157, 33.2237652]]]}}, {"type": "Feature", "properties": {"height": 4.6, "num_floors": null, "subtype": null, "class": null, "roof_height": null, "height_source": "ndsm"}, "geometry": {"type": "Polygon", "coordinates": [[[35.5997287, 33.2238942], [35.5998555, 33.2238624], [35.5999237, 33.2240528], [35.59984, 33.2240738], [35.5998282, 33.2240409], [35.5997875, 33.224051], [35.5997562, 33.2239636], [35.5997538, 33.2239642], [35.5997287, 33.2238942]]]}}, {"type": "Feature", "properties": {"height": 4.6, "num_floors": null, "subtype": null, "class": null, "roof_height": null, "height_source": "ndsm"}, "geometry": {"type": "Polygon", "coordinates": [[[35.5997901, 33.2236992], [35.5997738, 33.2236642], [35.5998321, 33.2236452], [35.5998484, 33.2236803], [35.5997901, 33.2236992]]]}}, {"type": "Feature", "properties": {"height": 4.6, "num_floors": null, "subtype": null, "class": null, "roof_height": null, "height_source": "ndsm"}, "geometry": {"type": "Polygon", "coordinates": [[[35.5996689, 33.2237077], [35.5997158, 33.2236962], [35.5997296, 33.2237354], [35.5996827, 33.2237469], [35.5996689, 33.2237077]]]}}, {"type": "Feature", "properties": {"height": 4.6, "num_floors": null, "subtype": null, "class": null, "roof_height": null, "height_source": "ndsm"}, "geometry": {"type": "Polygon", "coordinates": [[[35.599542, 33.2237657], [35.5994728, 33.2237469], [35.5994952, 33.2236891], [35.5995644, 33.2237079], [35.599542, 33.2237657]]]}}, {"type": "Feature", "properties": {"height": 3.0, "num_floors": null, "subtype": null, "class": null, "roof_height": null, "height_source": "floored"}, "geometry": {"type": "Polygon", "coordinates": [[[35.5951713, 33.2253545], [35.5951228, 33.2253413], [35.5951432, 33.2252885], [35.5951918, 33.2253017], [35.5951713, 33.2253545]]]}}, {"type": "Feature", "properties": {"height": 3.0, "num_floors": null, "subtype": null, "class": null, "roof_height": null, "height_source": "floored"}, "geometry": {"type": "Polygon", "coordinates": [[[35.59433, 33.2217683], [35.594378, 33.2218331], [35.594287, 33.2218803], [35.5942389, 33.2218155], [35.59433, 33.2217683]]]}}, {"type": "Feature", "properties": {"height": 3.0, "num_floors": null, "subtype": null, "class": null, "roof_height": null, "height_source": "floored"}, "geometry": {"type": "Polygon", "coordinates": [[[35.6091448, 33.2240264], [35.6088528, 33.2240171], [35.6088584, 33.2238939], [35.6091504, 33.2239032], [35.6091448, 33.2240264]]]}}, {"type": "Feature", "properties": {"height": 3.0, "num_floors": null, "subtype": null, "class": null, "roof_height": null, "height_source": "floored"}, "geometry": {"type": "Polygon", "coordinates": [[[35.6066826, 33.2238039], [35.6066522, 33.2237977], [35.606662, 33.2237638], [35.6066924, 33.22377], [35.6066826, 33.2238039]]]}}, {"type": "Feature", "properties": {"height": 3.0, "num_floors": null, "subtype": null, "class": null, "roof_height": null, "height_source": "floored"}, "geometry": {"type": "Polygon", "coordinates": [[[35.605441, 33.2205326], [35.605405, 33.2205222], [35.6055058, 33.2202765], [35.6055721, 33.2202956], [35.6055639, 33.2203157], [35.6056151, 33.2203304], [35.6055015, 33.2206074], [35.6054199, 33.220584], [35.605441, 33.2205326]]]}}, {"type": "Feature", "properties": {"height": 3.0, "num_floors": null, "subtype": null, "class": null, "roof_height": null, "height_source": "floored"}, "geometry": {"type": "Polygon", "coordinates": [[[35.6055376, 33.224155], [35.6056137, 33.2241744], [35.6055715, 33.2242902], [35.6054954, 33.2242708], [35.6055376, 33.224155]]]}}, {"type": "Feature", "properties": {"height": 3.0, "num_floors": null, "subtype": null, "class": null, "roof_height": null, "height_source": "floored"}, "geometry": {"type": "Polygon", "coordinates": [[[35.6029558, 33.2243539], [35.6029945, 33.2243646], [35.6029707, 33.2244253], [35.6029319, 33.2244147], [35.6029558, 33.2243539]]]}}, {"type": "Feature", "properties": {"height": 3.0, "num_floors": null, "subtype": null, "class": null, "roof_height": null, "height_source": "floored"}, "geometry": {"type": "Polygon", "coordinates": [[[35.6029829, 33.2238202], [35.6029867, 33.2236465], [35.6032119, 33.2236499], [35.6032082, 33.2238236], [35.6029829, 33.2238202]]]}}, {"type": "Feature", "properties": {"height": 3.0, "num_floors": null, "subtype": null, "class": null, "roof_height": null, "height_source": "floored"}, "geometry": {"type": "Polygon", "coordinates": [[[35.6030574, 33.2239302], [35.6031324, 33.2239293], [35.603133, 33.2239594], [35.6030579, 33.2239604], [35.6030574, 33.2239302]]]}}, {"type": "Feature", "properties": {"height": 3.5, "num_floors": null, "subtype": null, "class": null, "roof_height": null, "height_source": "ndsm"}, "geometry": {"type": "Polygon", "coordinates": [[[35.602692, 33.2226375], [35.6027283, 33.222639], [35.6027252, 33.2226949], [35.6026889, 33.2226935], [35.602692, 33.2226375]]]}}, {"type": "Feature", "properties": {"height": 3.0, "num_floors": null, "subtype": null, "class": null, "roof_height": null, "height_source": "floored"}, "geometry": {"type": "Polygon", "coordinates": [[[35.6028103, 33.2239266], [35.6028168, 33.2240328], [35.6027674, 33.2240349], [35.6027609, 33.2239287], [35.6028103, 33.2239266]]]}}, {"type": "Feature", "properties": {"height": 3.0, "num_floors": null, "subtype": null, "class": null, "roof_height": null, "height_source": "floored"}, "geometry": {"type": "Polygon", "coordinates": [[[35.6025577, 33.2231379], [35.602554, 33.223073], [35.6026167, 33.2230705], [35.6026204, 33.2231354], [35.6025577, 33.2231379]]]}}, {"type": "Feature", "properties": {"height": 3.0, "num_floors": null, "subtype": null, "class": null, "roof_height": null, "height_source": "floored"}, "geometry": {"type": "Polygon", "coordinates": [[[35.6026178, 33.223151], [35.6026188, 33.2232071], [35.6025544, 33.2232079], [35.6025534, 33.2231518], [35.6026178, 33.223151]]]}}, {"type": "Feature", "properties": {"height": 3.5, "num_floors": null, "subtype": null, "class": null, "roof_height": null, "height_source": "ndsm"}, "geometry": {"type": "Polygon", "coordinates": [[[35.6026045, 33.2228885], [35.6026705, 33.2228987], [35.6026642, 33.2229269], [35.6025983, 33.2229167], [35.6026045, 33.2228885]]]}}, {"type": "Feature", "properties": {"height": 3.5, "num_floors": null, "subtype": null, "class": null, "roof_height": null, "height_source": "ndsm"}, "geometry": {"type": "Polygon", "coordinates": [[[35.6026019, 33.2227856], [35.6025956, 33.2226917], [35.6026636, 33.2226885], [35.6026699, 33.2227824], [35.6026019, 33.2227856]]]}}, {"type": "Feature", "properties": {"height": 3.5, "num_floors": null, "subtype": null, "class": null, "roof_height": null, "height_source": "ndsm"}, "geometry": {"type": "Polygon", "coordinates": [[[35.6025416, 33.2227759], [35.6025444, 33.2226772], [35.6025926, 33.2226781], [35.6025898, 33.2227768], [35.6025416, 33.2227759]]]}}, {"type": "Feature", "properties": {"height": 3.5, "num_floors": null, "subtype": null, "class": null, "roof_height": null, "height_source": "ndsm"}, "geometry": {"type": "Polygon", "coordinates": [[[35.6024773, 33.2227963], [35.6024809, 33.2226785], [35.6025292, 33.2226795], [35.6025255, 33.2227973], [35.6024773, 33.2227963]]]}}, {"type": "Feature", "properties": {"height": 3.5, "num_floors": null, "subtype": null, "class": null, "roof_height": null, "height_source": "ndsm"}, "geometry": {"type": "Polygon", "coordinates": [[[35.6024713, 33.222641], [35.6024699, 33.2226119], [35.6025342, 33.2226097], [35.6025356, 33.2226388], [35.6024713, 33.222641]]]}}, {"type": "Feature", "properties": {"height": 3.5, "num_floors": null, "subtype": null, "class": null, "roof_height": null, "height_source": "ndsm"}, "geometry": {"type": "Polygon", "coordinates": [[[35.6024656, 33.2228056], [35.6024135, 33.2228049], [35.6024142, 33.2227679], [35.6024663, 33.2227687], [35.6024656, 33.2228056]]]}}, {"type": "Feature", "properties": {"height": 3.5, "num_floors": null, "subtype": null, "class": null, "roof_height": null, "height_source": "ndsm"}, "geometry": {"type": "Polygon", "coordinates": [[[35.6025237, 33.2229326], [35.6024796, 33.2229317], [35.6024829, 33.2228173], [35.602527, 33.2228182], [35.6025237, 33.2229326]]]}}, {"type": "Feature", "properties": {"height": 3.5, "num_floors": null, "subtype": null, "class": null, "roof_height": null, "height_source": "ndsm"}, "geometry": {"type": "Polygon", "coordinates": [[[35.6023795, 33.2229949], [35.6023788, 33.2230286], [35.6023064, 33.2230276], [35.6023071, 33.222994], [35.6023795, 33.2229949]]]}}, {"type": "Feature", "properties": {"height": 3.5, "num_floors": null, "subtype": null, "class": null, "roof_height": null, "height_source": "ndsm"}, "geometry": {"type": "Polygon", "coordinates": [[[35.6023586, 33.2227477], [35.602361, 33.2228801], [35.6023181, 33.2228806], [35.6023157, 33.2227482], [35.6023586, 33.2227477]]]}}, {"type": "Feature", "properties": {"height": 3.5, "num_floors": null, "subtype": null, "class": null, "roof_height": null, "height_source": "ndsm"}, "geometry": {"type": "Polygon", "coordinates": [[[35.6023656, 33.2228221], [35.6024556, 33.22282], [35.6024592, 33.2229276], [35.6023693, 33.2229297], [35.6023656, 33.2228221]]]}}, {"type": "Feature", "properties": {"height": 3.5, "num_floors": null, "subtype": null, "class": null, "roof_height": null, "height_source": "ndsm"}, "geometry": {"type": "Polygon", "coordinates": [[[35.6024066, 33.2226859], [35.6024106, 33.2228003], [35.6023677, 33.2228013], [35.6023637, 33.222687], [35.6024066, 33.2226859]]]}}, {"type": "Feature", "properties": {"height": 3.5, "num_floors": null, "subtype": null, "class": null, "roof_height": null, "height_source": "ndsm"}, "geometry": {"type": "Polygon", "coordinates": [[[35.6023565, 33.2226154], [35.6023956, 33.2226159], [35.6023949, 33.2226518], [35.6023559, 33.2226513], [35.6023565, 33.2226154]]]}}, {"type": "Feature", "properties": {"height": 3.5, "num_floors": null, "subtype": null, "class": null, "roof_height": null, "height_source": "ndsm"}, "geometry": {"type": "Polygon", "coordinates": [[[35.6024554, 33.2226129], [35.6024586, 33.2226418], [35.6024028, 33.2226462], [35.6023995, 33.2226173], [35.6024554, 33.2226129]]]}}, {"type": "Feature", "properties": {"height": 3.5, "num_floors": null, "subtype": null, "class": null, "roof_height": null, "height_source": "ndsm"}, "geometry": {"type": "Polygon", "coordinates": [[[35.602294, 33.2226322], [35.6023502, 33.2226298], [35.6023519, 33.2226589], [35.6022958, 33.2226612], [35.602294, 33.2226322]]]}}, {"type": "Feature", "properties": {"height": 3.5, "num_floors": null, "subtype": null, "class": null, "roof_height": null, "height_source": "ndsm"}, "geometry": {"type": "Polygon", "coordinates": [[[35.6023148, 33.2227439], [35.6023172, 33.222698], [35.6023585, 33.2226995], [35.6023562, 33.2227454], [35.6023148, 33.2227439]]]}}, {"type": "Feature", "properties": {"height": 3.5, "num_floors": null, "subtype": null, "class": null, "roof_height": null, "height_source": "ndsm"}, "geometry": {"type": "Polygon", "coordinates": [[[35.6023072, 33.2227582], [35.6022552, 33.2227563], [35.6022594, 33.2226757], [35.6023114, 33.2226776], [35.6023072, 33.2227582]]]}}, {"type": "Feature", "properties": {"height": 3.5, "num_floors": null, "subtype": null, "class": null, "roof_height": null, "height_source": "ndsm"}, "geometry": {"type": "Polygon", "coordinates": [[[35.6022388, 33.2227575], [35.6023078, 33.2227632], [35.6023042, 33.2227943], [35.6022351, 33.2227886], [35.6022388, 33.2227575]]]}}, {"type": "Feature", "properties": {"height": 3.5, "num_floors": null, "subtype": null, "class": null, "roof_height": null, "height_source": "ndsm"}, "geometry": {"type": "Polygon", "coordinates": [[[35.6023223, 33.2228206], [35.6023187, 33.222926], [35.6022341, 33.222924], [35.6022377, 33.2228186], [35.6023223, 33.2228206]]]}}, {"type": "Feature", "properties": {"height": 3.5, "num_floors": null, "subtype": null, "class": null, "roof_height": null, "height_source": "ndsm"}, "geometry": {"type": "Polygon", "coordinates": [[[35.6021574, 33.2230156], [35.6021616, 33.222988], [35.6022936, 33.223002], [35.6022894, 33.2230295], [35.6021574, 33.2230156]]]}}, {"type": "Feature", "properties": {"height": 3.0, "num_floors": null, "subtype": null, "class": null, "roof_height": null, "height_source": "floored"}, "geometry": {"type": "Polygon", "coordinates": [[[35.6014881, 33.2232091], [35.6015543, 33.2232466], [35.6015021, 33.2233113], [35.6014358, 33.2232738], [35.6014881, 33.2232091]]]}}, {"type": "Feature", "properties": {"height": 3.0, "num_floors": null, "subtype": null, "class": null, "roof_height": null, "height_source": "floored"}, "geometry": {"type": "Polygon", "coordinates": [[[35.6012273, 33.2235564], [35.6012842, 33.2235948], [35.6012417, 33.223639], [35.6011847, 33.2236007], [35.6012273, 33.2235564]]]}}, {"type": "Feature", "properties": {"height": 3.0, "num_floors": null, "subtype": null, "class": null, "roof_height": null, "height_source": "floored"}, "geometry": {"type": "Polygon", "coordinates": [[[35.6013221, 33.2235188], [35.601276, 33.2235006], [35.6013152, 33.2234308], [35.6013613, 33.2234489], [35.6013221, 33.2235188]]]}}, {"type": "Feature", "properties": {"height": 3.0, "num_floors": null, "subtype": null, "class": null, "roof_height": null, "height_source": "floored"}, "geometry": {"type": "Polygon", "coordinates": [[[35.6014179, 33.2231849], [35.6014669, 33.2232155], [35.6014412, 33.2232443], [35.6013922, 33.2232137], [35.6014179, 33.2231849]]]}}, {"type": "Feature", "properties": {"height": 3.0, "num_floors": null, "subtype": null, "class": null, "roof_height": null, "height_source": "floored"}, "geometry": {"type": "Polygon", "coordinates": [[[35.6012868, 33.2230475], [35.6012262, 33.2230077], [35.6012633, 33.2229681], [35.601324, 33.223008], [35.6012868, 33.2230475]]]}}, {"type": "Feature", "properties": {"height": 3.0, "num_floors": null, "subtype": null, "class": null, "roof_height": null, "height_source": "floored"}, "geometry": {"type": "Polygon", "coordinates": [[[35.6012868, 33.2229086], [35.6011906, 33.2228475], [35.6012177, 33.2228176], [35.6013139, 33.2228787], [35.6012868, 33.2229086]]]}}, {"type": "Feature", "properties": {"height": 3.0, "num_floors": null, "subtype": null, "class": null, "roof_height": null, "height_source": "floored"}, "geometry": {"type": "Polygon", "coordinates": [[[35.6012741, 33.2226982], [35.6013374, 33.2227382], [35.6012974, 33.2227825], [35.6012341, 33.2227426], [35.6012741, 33.2226982]]]}}, {"type": "Feature", "properties": {"height": 3.0, "num_floors": null, "subtype": null, "class": null, "roof_height": null, "height_source": "floored"}, "geometry": {"type": "Polygon", "coordinates": [[[35.6012251, 33.2224378], [35.6012768, 33.2223876], [35.6013383, 33.222432], [35.6012866, 33.2224822], [35.6012251, 33.2224378]]]}}, {"type": "Feature", "properties": {"height": 3.0, "num_floors": null, "subtype": null, "class": null, "roof_height": null, "height_source": "floored"}, "geometry": {"type": "Polygon", "coordinates": [[[35.6012965, 33.2224987], [35.6013443, 33.2224219], [35.6014456, 33.2224659], [35.6013979, 33.2225428], [35.6012965, 33.2224987]]]}}, {"type": "Feature", "properties": {"height": 3.0, "num_floors": null, "subtype": null, "class": null, "roof_height": null, "height_source": "floored"}, "geometry": {"type": "Polygon", "coordinates": [[[35.6013853, 33.2225702], [35.6014549, 33.2224742], [35.601502, 33.2224981], [35.6014324, 33.2225941], [35.6013853, 33.2225702]]]}}, {"type": "Feature", "properties": {"height": 3.0, "num_floors": null, "subtype": null, "class": null, "roof_height": null, "height_source": "floored"}, "geometry": {"type": "Polygon", "coordinates": [[[35.6014446, 33.222796], [35.601466, 33.2227464], [35.6015182, 33.2227622], [35.6014968, 33.2228118], [35.6014446, 33.222796]]]}}, {"type": "Feature", "properties": {"height": 3.0, "num_floors": null, "subtype": null, "class": null, "roof_height": null, "height_source": "floored"}, "geometry": {"type": "Polygon", "coordinates": [[[35.6014607, 33.2231398], [35.601492, 33.2230794], [35.6015304, 33.2230933], [35.6014991, 33.2231537], [35.6014607, 33.2231398]]]}}, {"type": "Feature", "properties": {"height": 3.0, "num_floors": null, "subtype": null, "class": null, "roof_height": null, "height_source": "floored"}, "geometry": {"type": "Polygon", "coordinates": [[[35.6015067, 33.2227339], [35.6015599, 33.2226738], [35.6017244, 33.2227757], [35.6016712, 33.2228358], [35.6015067, 33.2227339]]]}}, {"type": "Feature", "properties": {"height": 3.0, "num_floors": null, "subtype": null, "class": null, "roof_height": null, "height_source": "floored"}, "geometry": {"type": "Polygon", "coordinates": [[[35.6019405, 33.2230303], [35.6019282, 33.2230798], [35.6019025, 33.2230753], [35.6019147, 33.2230258], [35.6019405, 33.2230303]]]}}, {"type": "Feature", "properties": {"height": 3.0, "num_floors": null, "subtype": null, "class": null, "roof_height": null, "height_source": "floored"}, "geometry": {"type": "Polygon", "coordinates": [[[35.6021531, 33.2231527], [35.6021366, 33.2231928], [35.602103, 33.2231831], [35.6021196, 33.223143], [35.6021531, 33.2231527]]]}}, {"type": "Feature", "properties": {"height": 3.3, "num_floors": null, "subtype": null, "class": null, "roof_height": null, "height_source": "ndsm"}, "geometry": {"type": "Polygon", "coordinates": [[[35.602082, 33.2229334], [35.6020792, 33.222883], [35.6021713, 33.2228794], [35.6021741, 33.2229298], [35.602082, 33.2229334]]]}}, {"type": "Feature", "properties": {"height": 3.3, "num_floors": null, "subtype": null, "class": null, "roof_height": null, "height_source": "ndsm"}, "geometry": {"type": "Polygon", "coordinates": [[[35.6019868, 33.2230103], [35.6019882, 33.22298], [35.6021221, 33.2229841], [35.6021208, 33.2230144], [35.6019868, 33.2230103]]]}}, {"type": "Feature", "properties": {"height": 3.0, "num_floors": null, "subtype": null, "class": null, "roof_height": null, "height_source": "floored"}, "geometry": {"type": "Polygon", "coordinates": [[[35.6020996, 33.2218046], [35.6020923, 33.2218895], [35.6020096, 33.2218845], [35.6020132, 33.2218421], [35.6020426, 33.2218439], [35.6020462, 33.2218014], [35.6020996, 33.2218046]]]}}, {"type": "Feature", "properties": {"height": 3.0, "num_floors": null, "subtype": null, "class": null, "roof_height": null, "height_source": "floored"}, "geometry": {"type": "Polygon", "coordinates": [[[35.6020169, 33.2218428], [35.6019607, 33.2218414], [35.6019627, 33.2217876], [35.602019, 33.221789], [35.6020169, 33.2218428]]]}}, {"type": "Feature", "properties": {"height": 3.0, "num_floors": null, "subtype": null, "class": null, "roof_height": null, "height_source": "floored"}, "geometry": {"type": "Polygon", "coordinates": [[[35.602083, 33.2212647], [35.6020511, 33.2212624], [35.6020553, 33.2212201], [35.6020872, 33.2212223], [35.602083, 33.2212647]]]}}, {"type": "Feature", "properties": {"height": 3.0, "num_floors": null, "subtype": null, "class": null, "roof_height": null, "height_source": "floored"}, "geometry": {"type": "Polygon", "coordinates": [[[35.6020959, 33.221209], [35.6020343, 33.2212111], [35.6020319, 33.2211618], [35.6020935, 33.2211597], [35.6020959, 33.221209]]]}}, {"type": "Feature", "properties": {"height": 3.0, "num_floors": null, "subtype": null, "class": null, "roof_height": null, "height_source": "floored"}, "geometry": {"type": "Polygon", "coordinates": [[[35.6021277, 33.2211613], [35.6021288, 33.2212107], [35.602101, 33.2212111], [35.6020999, 33.2211618], [35.6021277, 33.2211613]]]}}, {"type": "Feature", "properties": {"height": 3.0, "num_floors": null, "subtype": null, "class": null, "roof_height": null, "height_source": "floored"}, "geometry": {"type": "Polygon", "coordinates": [[[35.6021464, 33.2212739], [35.6020928, 33.221272], [35.6020957, 33.221216], [35.6021492, 33.2212179], [35.6021464, 33.2212739]]]}}, {"type": "Feature", "properties": {"height": 3.0, "num_floors": null, "subtype": null, "class": null, "roof_height": null, "height_source": "floored"}, "geometry": {"type": "Polygon", "coordinates": [[[35.6014814, 33.2219505], [35.6015232, 33.2219563], [35.6015163, 33.2219912], [35.6014745, 33.2219854], [35.6014814, 33.2219505]]]}}, {"type": "Feature", "properties": {"height": 3.0, "num_floors": null, "subtype": null, "class": null, "roof_height": null, "height_source": "floored"}, "geometry": {"type": "Polygon", "coordinates": [[[35.601349, 33.2216271], [35.6013615, 33.2216973], [35.6013038, 33.2217046], [35.6012913, 33.2216343], [35.601349, 33.2216271]]]}}, {"type": "Feature", "properties": {"height": 3.0, "num_floors": null, "subtype": null, "class": null, "roof_height": null, "height_source": "floored"}, "geometry": {"type": "Polygon", "coordinates": [[[35.603459, 33.2222645], [35.6034119, 33.222247], [35.6034341, 33.2222049], [35.6034812, 33.2222223], [35.603459, 33.2222645]]]}}, {"type": "Feature", "properties": {"height": 3.0, "num_floors": null, "subtype": null, "class": null, "roof_height": null, "height_source": "floored"}, "geometry": {"type": "Polygon", "coordinates": [[[35.6035247, 33.2233011], [35.6035217, 33.223357], [35.6034735, 33.2233552], [35.6034765, 33.2232992], [35.6035247, 33.2233011]]]}}, {"type": "Feature", "properties": {"height": 3.0, "num_floors": null, "subtype": null, "class": null, "roof_height": null, "height_source": "floored"}, "geometry": {"type": "Polygon", "coordinates": [[[35.6034852, 33.2236083], [35.6035493, 33.2236242], [35.6035279, 33.223684], [35.6034639, 33.223668], [35.6034852, 33.2236083]]]}}, {"type": "Feature", "properties": {"height": 3.0, "num_floors": null, "subtype": null, "class": null, "roof_height": null, "height_source": "floored"}, "geometry": {"type": "Polygon", "coordinates": [[[35.6036927, 33.2231239], [35.6037183, 33.2230603], [35.6037664, 33.2230739], [35.6037409, 33.2231375], [35.6036927, 33.2231239]]]}}, {"type": "Feature", "properties": {"height": 3.0, "num_floors": null, "subtype": null, "class": null, "roof_height": null, "height_source": "floored"}, "geometry": {"type": "Polygon", "coordinates": [[[35.6047523, 33.2201071], [35.6048716, 33.2201422], [35.6047599, 33.2204077], [35.6046406, 33.2203726], [35.6047523, 33.2201071]]]}}, {"type": "Feature", "properties": {"height": 3.0, "num_floors": null, "subtype": null, "class": null, "roof_height": null, "height_source": "floored"}, "geometry": {"type": "Polygon", "coordinates": [[[35.6042061, 33.2165942], [35.6042843, 33.216713], [35.6041999, 33.2167518], [35.6041217, 33.2166331], [35.6042061, 33.2165942]]]}}, {"type": "Feature", "properties": {"height": 4.5, "num_floors": null, "subtype": null, "class": null, "roof_height": null, "height_source": "ndsm"}, "geometry": {"type": "Polygon", "coordinates": [[[35.6044119, 33.2157042], [35.6044148, 33.2157782], [35.6043505, 33.2157799], [35.6043476, 33.2157059], [35.6044119, 33.2157042]]]}}, {"type": "Feature", "properties": {"height": 3.0, "num_floors": null, "subtype": null, "class": null, "roof_height": null, "height_source": "floored"}, "geometry": {"type": "Polygon", "coordinates": [[[35.6046097, 33.2157517], [35.6046081, 33.2157136], [35.6047059, 33.2157108], [35.6047122, 33.2158645], [35.6046278, 33.215867], [35.604625, 33.2157975], [35.6045861, 33.2157986], [35.6045842, 33.2157525], [35.6046097, 33.2157517]]]}}, {"type": "Feature", "properties": {"height": 3.2, "num_floors": null, "subtype": null, "class": null, "roof_height": null, "height_source": "ndsm"}, "geometry": {"type": "Polygon", "coordinates": [[[35.6049538, 33.2150332], [35.6050918, 33.2150291], [35.6050991, 33.2152039], [35.6049906, 33.2152071], [35.6049891, 33.2151713], [35.6049596, 33.2151721], [35.6049538, 33.2150332]]]}}, {"type": "Feature", "properties": {"height": 3.2, "num_floors": null, "subtype": null, "class": null, "roof_height": null, "height_source": "ndsm"}, "geometry": {"type": "Polygon", "coordinates": [[[35.6049541, 33.2150269], [35.6049508, 33.2149282], [35.6050166, 33.2149267], [35.6050157, 33.214902], [35.6050813, 33.2149005], [35.6050854, 33.2150238], [35.6049541, 33.2150269]]]}}, {"type": "Feature", "properties": {"height": 3.2, "num_floors": null, "subtype": null, "class": null, "roof_height": null, "height_source": "ndsm"}, "geometry": {"type": "Polygon", "coordinates": [[[35.6050205, 33.2155864], [35.6050763, 33.215647], [35.6050317, 33.2156757], [35.6049759, 33.2156152], [35.6050205, 33.2155864]]]}}, {"type": "Feature", "properties": {"height": 3.0, "num_floors": null, "subtype": null, "class": null, "roof_height": null, "height_source": "floored"}, "geometry": {"type": "Polygon", "coordinates": [[[35.604759, 33.2150706], [35.6047575, 33.2150437], [35.6048526, 33.21504], [35.604856, 33.2151027], [35.6047008, 33.2151087], [35.6046988, 33.2150729], [35.604759, 33.2150706]]]}}, {"type": "Feature", "properties": {"height": 3.0, "num_floors": null, "subtype": null, "class": null, "roof_height": null, "height_source": "floored"}, "geometry": {"type": "Polygon", "coordinates": [[[35.6047386, 33.2148897], [35.6047718, 33.2148874], [35.6047791, 33.2149586], [35.6047458, 33.214961], [35.6047386, 33.2148897]]]}}, {"type": "Feature", "properties": {"height": 3.0, "num_floors": null, "subtype": null, "class": null, "roof_height": null, "height_source": "floored"}, "geometry": {"type": "Polygon", "coordinates": [[[35.6045005, 33.2140522], [35.6045026, 33.213875], [35.6051609, 33.2138805], [35.6051588, 33.2140577], [35.6045005, 33.2140522]]]}}, {"type": "Feature", "properties": {"height": 3.0, "num_floors": null, "subtype": null, "class": null, "roof_height": null, "height_source": "floored"}, "geometry": {"type": "Polygon", "coordinates": [[[35.604371, 33.2139544], [35.604372, 33.2140589], [35.6041428, 33.2140603], [35.6041419, 33.2139558], [35.604371, 33.2139544]]]}}, {"type": "Feature", "properties": {"height": 4.5, "num_floors": null, "subtype": null, "class": null, "roof_height": null, "height_source": "ndsm"}, "geometry": {"type": "Polygon", "coordinates": [[[35.6043099, 33.2149943], [35.6043129, 33.2150862], [35.6043892, 33.2150845], [35.6043915, 33.2151563], [35.6042187, 33.2151602], [35.6042134, 33.2149965], [35.6043099, 33.2149943]]]}}, {"type": "Feature", "properties": {"height": 4.6, "num_floors": null, "subtype": null, "class": null, "roof_height": null, "height_source": "ndsm"}, "geometry": {"type": "Polygon", "coordinates": [[[35.6041885, 33.2154364], [35.6041905, 33.2154957], [35.6040217, 33.2154996], [35.6040197, 33.2154403], [35.6041885, 33.2154364]]]}}, {"type": "Feature", "properties": {"height": 4.6, "num_floors": null, "subtype": null, "class": null, "roof_height": null, "height_source": "ndsm"}, "geometry": {"type": "Polygon", "coordinates": [[[35.6039561, 33.2151338], [35.6040276, 33.2150684], [35.6040028, 33.2150494], [35.6040416, 33.2150139], [35.6041503, 33.2150972], [35.60404, 33.2151981], [35.6039561, 33.2151338]]]}}, {"type": "Feature", "properties": {"height": 4.6, "num_floors": null, "subtype": null, "class": null, "roof_height": null, "height_source": "ndsm"}, "geometry": {"type": "Polygon", "coordinates": [[[35.6036927, 33.2150281], [35.6038106, 33.2150581], [35.6037605, 33.2151957], [35.6036427, 33.2151657], [35.6036927, 33.2150281]]]}}, {"type": "Feature", "properties": {"height": 3.9, "num_floors": null, "subtype": null, "class": null, "roof_height": null, "height_source": "ndsm"}, "geometry": {"type": "Polygon", "coordinates": [[[35.6034067, 33.2149617], [35.6034066, 33.2149158], [35.6034617, 33.2149158], [35.6034618, 33.2149616], [35.6034067, 33.2149617]]]}}, {"type": "Feature", "properties": {"height": 4.6, "num_floors": null, "subtype": null, "class": null, "roof_height": null, "height_source": "ndsm"}, "geometry": {"type": "Polygon", "coordinates": [[[35.6035245, 33.2149733], [35.6035184, 33.2151347], [35.6034312, 33.2151324], [35.6034299, 33.215166], [35.6033603, 33.2151642], [35.6033631, 33.2150892], [35.6033337, 33.2150884], [35.6033382, 33.2149683], [35.6035245, 33.2149733]]]}}, {"type": "Feature", "properties": {"height": 4.6, "num_floors": null, "subtype": null, "class": null, "roof_height": null, "height_source": "ndsm"}, "geometry": {"type": "Polygon", "coordinates": [[[35.603579, 33.2155391], [35.6033606, 33.2155336], [35.6033639, 33.2154417], [35.6035823, 33.2154472], [35.603579, 33.2155391]]]}}, {"type": "Feature", "properties": {"height": 4.2, "num_floors": null, "subtype": null, "class": null, "roof_height": null, "height_source": "ndsm"}, "geometry": {"type": "Polygon", "coordinates": [[[35.6033284, 33.2155438], [35.6033261, 33.2156043], [35.6032778, 33.215603], [35.6032801, 33.2155425], [35.6033284, 33.2155438]]]}}, {"type": "Feature", "properties": {"height": 4.6, "num_floors": null, "subtype": null, "class": null, "roof_height": null, "height_source": "ndsm"}, "geometry": {"type": "Polygon", "coordinates": [[[35.6035774, 33.21573], [35.6034466, 33.2157473], [35.6034383, 33.2157035], [35.6035691, 33.2156862], [35.6035774, 33.21573]]]}}, {"type": "Feature", "properties": {"height": 3.0, "num_floors": null, "subtype": null, "class": null, "roof_height": null, "height_source": "floored"}, "geometry": {"type": "Polygon", "coordinates": [[[35.6040171, 33.2168018], [35.6039589, 33.2166992], [35.6040388, 33.2166675], [35.6040969, 33.2167701], [35.6040171, 33.2168018]]]}}, {"type": "Feature", "properties": {"height": 3.0, "num_floors": null, "subtype": null, "class": null, "roof_height": null, "height_source": "floored"}, "geometry": {"type": "Polygon", "coordinates": [[[35.6039962, 33.2168649], [35.6041137, 33.216814], [35.6041794, 33.2169202], [35.6040619, 33.216971], [35.6039962, 33.2168649]]]}}, {"type": "Feature", "properties": {"height": 3.0, "num_floors": null, "subtype": null, "class": null, "roof_height": null, "height_source": "floored"}, "geometry": {"type": "Polygon", "coordinates": [[[35.6029879, 33.2159579], [35.602962, 33.2159163], [35.6030063, 33.215897], [35.6030322, 33.2159386], [35.6029879, 33.2159579]]]}}, {"type": "Feature", "properties": {"height": 4.2, "num_floors": null, "subtype": null, "class": null, "roof_height": null, "height_source": "ndsm"}, "geometry": {"type": "Polygon", "coordinates": [[[35.6029552, 33.2157975], [35.6029815, 33.215854], [35.6029361, 33.2158688], [35.6029098, 33.2158123], [35.6029552, 33.2157975]]]}}, {"type": "Feature", "properties": {"height": 4.2, "num_floors": null, "subtype": null, "class": null, "roof_height": null, "height_source": "ndsm"}, "geometry": {"type": "Polygon", "coordinates": [[[35.6028618, 33.2157605], [35.6028292, 33.2156865], [35.6028929, 33.2156669], [35.6029255, 33.2157409], [35.6028618, 33.2157605]]]}}, {"type": "Feature", "properties": {"height": 4.2, "num_floors": null, "subtype": null, "class": null, "roof_height": null, "height_source": "ndsm"}, "geometry": {"type": "Polygon", "coordinates": [[[35.6027531, 33.2158391], [35.6028098, 33.2158249], [35.6028466, 33.2159278], [35.60279, 33.215942], [35.6027531, 33.2158391]]]}}, {"type": "Feature", "properties": {"height": 3.0, "num_floors": null, "subtype": null, "class": null, "roof_height": null, "height_source": "floored"}, "geometry": {"type": "Polygon", "coordinates": [[[35.6027391, 33.2159906], [35.6028503, 33.2162118], [35.6027409, 33.2162503], [35.6026297, 33.2160291], [35.6027391, 33.2159906]]]}}, {"type": "Feature", "properties": {"height": 3.0, "num_floors": null, "subtype": null, "class": null, "roof_height": null, "height_source": "floored"}, "geometry": {"type": "Polygon", "coordinates": [[[35.6021684, 33.2145828], [35.6022023, 33.2146625], [35.6021072, 33.2146909], [35.6020732, 33.2146112], [35.6021684, 33.2145828]]]}}, {"type": "Feature", "properties": {"height": 3.0, "num_floors": null, "subtype": null, "class": null, "roof_height": null, "height_source": "floored"}, "geometry": {"type": "Polygon", "coordinates": [[[35.6019628, 33.2142373], [35.6020787, 33.2142728], [35.6020371, 33.2143677], [35.6019212, 33.2143322], [35.6019628, 33.2142373]]]}}, {"type": "Feature", "properties": {"height": 3.0, "num_floors": null, "subtype": null, "class": null, "roof_height": null, "height_source": "floored"}, "geometry": {"type": "Polygon", "coordinates": [[[35.601913, 33.2150138], [35.6019273, 33.2150383], [35.6018711, 33.2150613], [35.6018567, 33.2150369], [35.601913, 33.2150138]]]}}, {"type": "Feature", "properties": {"height": 3.0, "num_floors": null, "subtype": null, "class": null, "roof_height": null, "height_source": "floored"}, "geometry": {"type": "Polygon", "coordinates": [[[35.6016387, 33.2137116], [35.6015637, 33.2134819], [35.6016661, 33.2134585], [35.6017411, 33.2136882], [35.6016387, 33.2137116]]]}}, {"type": "Feature", "properties": {"height": 3.0, "num_floors": null, "subtype": null, "class": null, "roof_height": null, "height_source": "floored"}, "geometry": {"type": "Polygon", "coordinates": [[[35.6016469, 33.2137637], [35.6016342, 33.2137391], [35.6016951, 33.213717], [35.6017079, 33.2137416], [35.6016469, 33.2137637]]]}}, {"type": "Feature", "properties": {"height": 3.0, "num_floors": null, "subtype": null, "class": null, "roof_height": null, "height_source": "floored"}, "geometry": {"type": "Polygon", "coordinates": [[[35.6016339, 33.2133265], [35.6016226, 33.2132982], [35.6017407, 33.2132651], [35.601752, 33.2132933], [35.6016339, 33.2133265]]]}}, {"type": "Feature", "properties": {"height": 3.0, "num_floors": null, "subtype": null, "class": null, "roof_height": null, "height_source": "floored"}, "geometry": {"type": "Polygon", "coordinates": [[[35.6016086, 33.2134558], [35.6015856, 33.2133996], [35.601635, 33.2133854], [35.601658, 33.2134417], [35.6016086, 33.2134558]]]}}, {"type": "Feature", "properties": {"height": 3.0, "num_floors": null, "subtype": null, "class": null, "roof_height": null, "height_source": "floored"}, "geometry": {"type": "Polygon", "coordinates": [[[35.6016985, 33.213492], [35.6016598, 33.2133827], [35.6017264, 33.2133662], [35.6017651, 33.2134755], [35.6016985, 33.213492]]]}}, {"type": "Feature", "properties": {"height": 3.0, "num_floors": null, "subtype": null, "class": null, "roof_height": null, "height_source": "floored"}, "geometry": {"type": "Polygon", "coordinates": [[[35.6023808, 33.2148915], [35.6023158, 33.2148491], [35.6024009, 33.2147577], [35.602466, 33.2148002], [35.6023808, 33.2148915]]]}}, {"type": "Feature", "properties": {"height": 3.0, "num_floors": null, "subtype": null, "class": null, "roof_height": null, "height_source": "floored"}, "geometry": {"type": "Polygon", "coordinates": [[[35.6021848, 33.2145647], [35.602242, 33.2145611], [35.6022453, 33.214598], [35.602188, 33.2146016], [35.6021848, 33.2145647]]]}}, {"type": "Feature", "properties": {"height": 3.0, "num_floors": null, "subtype": null, "class": null, "roof_height": null, "height_source": "floored"}, "geometry": {"type": "Polygon", "coordinates": [[[35.6023367, 33.2155985], [35.6023629, 33.2156591], [35.6022016, 33.2157079], [35.6021754, 33.2156473], [35.6023367, 33.2155985]]]}}, {"type": "Feature", "properties": {"height": 3.0, "num_floors": null, "subtype": null, "class": null, "roof_height": null, "height_source": "floored"}, "geometry": {"type": "Polygon", "coordinates": [[[35.6022981, 33.2153452], [35.60231, 33.2154018], [35.6022566, 33.2154096], [35.6022448, 33.215353], [35.6022981, 33.2153452]]]}}, {"type": "Feature", "properties": {"height": 3.0, "num_floors": null, "subtype": null, "class": null, "roof_height": null, "height_source": "floored"}, "geometry": {"type": "Polygon", "coordinates": [[[35.6022658, 33.2154216], [35.60233, 33.2153915], [35.6023701, 33.2154512], [35.6023059, 33.2154813], [35.6022658, 33.2154216]]]}}, {"type": "Feature", "properties": {"height": 3.0, "num_floors": null, "subtype": null, "class": null, "roof_height": null, "height_source": "floored"}, "geometry": {"type": "Polygon", "coordinates": [[[35.6024004, 33.2152093], [35.6025016, 33.2152729], [35.6024436, 33.2153374], [35.6023425, 33.2152738], [35.6024004, 33.2152093]]]}}, {"type": "Feature", "properties": {"height": 3.0, "num_floors": null, "subtype": null, "class": null, "roof_height": null, "height_source": "floored"}, "geometry": {"type": "Polygon", "coordinates": [[[35.6024158, 33.2153359], [35.602502, 33.2153534], [35.6024934, 33.2153831], [35.6024072, 33.2153656], [35.6024158, 33.2153359]]]}}, {"type": "Feature", "properties": {"height": 3.0, "num_floors": null, "subtype": null, "class": null, "roof_height": null, "height_source": "floored"}, "geometry": {"type": "Polygon", "coordinates": [[[35.6025413, 33.2154772], [35.6024703, 33.2154477], [35.6025151, 33.215372], [35.6025862, 33.2154015], [35.6025413, 33.2154772]]]}}, {"type": "Feature", "properties": {"height": 3.0, "num_floors": null, "subtype": null, "class": null, "roof_height": null, "height_source": "floored"}, "geometry": {"type": "Polygon", "coordinates": [[[35.6024867, 33.2153407], [35.6024828, 33.2152973], [35.6025335, 33.2152941], [35.6025373, 33.2153376], [35.6024867, 33.2153407]]]}}, {"type": "Feature", "properties": {"height": 4.2, "num_floors": null, "subtype": null, "class": null, "roof_height": null, "height_source": "ndsm"}, "geometry": {"type": "Polygon", "coordinates": [[[35.6028043, 33.215537], [35.6028215, 33.215669], [35.602677, 33.2156821], [35.602679, 33.2156976], [35.6025411, 33.2157102], [35.602525, 33.215586], [35.6026417, 33.2155754], [35.6026388, 33.2155532], [35.6026812, 33.2155493], [35.6026755, 33.215505], [35.6027444, 33.2154987], [35.60275, 33.2155419], [35.6028043, 33.215537]]]}}, {"type": "Feature", "properties": {"height": 4.2, "num_floors": null, "subtype": null, "class": null, "roof_height": null, "height_source": "ndsm"}, "geometry": {"type": "Polygon", "coordinates": [[[35.6030614, 33.2154084], [35.6030558, 33.2155082], [35.6028992, 33.215502], [35.6029048, 33.2154023], [35.6030614, 33.2154084]]]}}, {"type": "Feature", "properties": {"height": 4.2, "num_floors": null, "subtype": null, "class": null, "roof_height": null, "height_source": "ndsm"}, "geometry": {"type": "Polygon", "coordinates": [[[35.6029773, 33.2155899], [35.6029863, 33.2155154], [35.6030433, 33.2155202], [35.6030344, 33.2155947], [35.6029773, 33.2155899]]]}}, {"type": "Feature", "properties": {"height": 4.2, "num_floors": null, "subtype": null, "class": null, "roof_height": null, "height_source": "ndsm"}, "geometry": {"type": "Polygon", "coordinates": [[[35.6031372, 33.2150525], [35.6031311, 33.2151634], [35.6030066, 33.2151586], [35.6030127, 33.2150476], [35.6031372, 33.2150525]]]}}, {"type": "Feature", "properties": {"height": 4.2, "num_floors": null, "subtype": null, "class": null, "roof_height": null, "height_source": "ndsm"}, "geometry": {"type": "Polygon", "coordinates": [[[35.6031714, 33.2150193], [35.6030135, 33.215025], [35.6030088, 33.2149331], [35.6032203, 33.2149256], [35.603227, 33.2150578], [35.6031735, 33.2150597], [35.6031714, 33.2150193]]]}}, {"type": "Feature", "properties": {"height": 3.5, "num_floors": null, "subtype": null, "class": null, "roof_height": null, "height_source": "ndsm"}, "geometry": {"type": "Polygon", "coordinates": [[[35.603193, 33.2148719], [35.6031956, 33.2149212], [35.60313, 33.2149236], [35.6031274, 33.2148744], [35.603193, 33.2148719]]]}}, {"type": "Feature", "properties": {"height": 3.0, "num_floors": null, "subtype": null, "class": null, "roof_height": null, "height_source": "floored"}, "geometry": {"type": "Polygon", "coordinates": [[[35.6032359, 33.2091863], [35.6030965, 33.2091844], [35.6030995, 33.2090308], [35.6032389, 33.2090327], [35.6032359, 33.2091863]]]}}, {"type": "Feature", "properties": {"height": 3.0, "num_floors": null, "subtype": null, "class": null, "roof_height": null, "height_source": "floored"}, "geometry": {"type": "Polygon", "coordinates": [[[35.6030079, 33.2092575], [35.6028005, 33.2092589], [35.6027996, 33.2091666], [35.603007, 33.2091652], [35.6030079, 33.2092575]]]}}, {"type": "Feature", "properties": {"height": 3.0, "num_floors": null, "subtype": null, "class": null, "roof_height": null, "height_source": "floored"}, "geometry": {"type": "Polygon", "coordinates": [[[35.6024358, 33.2092041], [35.6023615, 33.209204], [35.6023617, 33.209147], [35.6025452, 33.2091473], [35.602545, 33.2092436], [35.6024357, 33.2092434], [35.6024358, 33.2092041]]]}}, {"type": "Feature", "properties": {"height": 3.0, "num_floors": null, "subtype": null, "class": null, "roof_height": null, "height_source": "floored"}, "geometry": {"type": "Polygon", "coordinates": [[[35.6024692, 33.2091034], [35.6022609, 33.2090992], [35.6022638, 33.2089951], [35.6024721, 33.2089992], [35.6024692, 33.2091034]]]}}, {"type": "Feature", "properties": {"height": 3.0, "num_floors": null, "subtype": null, "class": null, "roof_height": null, "height_source": "floored"}, "geometry": {"type": "Polygon", "coordinates": [[[35.6023388, 33.2092055], [35.6023721, 33.2092058], [35.6023716, 33.209245], [35.6023383, 33.2092447], [35.6023388, 33.2092055]]]}}, {"type": "Feature", "properties": {"height": 3.0, "num_floors": null, "subtype": null, "class": null, "roof_height": null, "height_source": "floored"}, "geometry": {"type": "Polygon", "coordinates": [[[35.6014607, 33.20901], [35.6014946, 33.2089898], [35.601518, 33.2090174], [35.6014842, 33.2090375], [35.6014607, 33.20901]]]}}, {"type": "Feature", "properties": {"height": 3.0, "num_floors": null, "subtype": null, "class": null, "roof_height": null, "height_source": "floored"}, "geometry": {"type": "Polygon", "coordinates": [[[35.6017394, 33.2091494], [35.6016132, 33.2092168], [35.6015021, 33.2090711], [35.6016541, 33.20899], [35.6017019, 33.2090526], [35.601676, 33.2090664], [35.6017394, 33.2091494]]]}}, {"type": "Feature", "properties": {"height": 3.0, "num_floors": null, "subtype": null, "class": null, "roof_height": null, "height_source": "floored"}, "geometry": {"type": "Polygon", "coordinates": [[[35.6018886, 33.2090131], [35.6019396, 33.2090145], [35.6019383, 33.2090481], [35.6018874, 33.2090467], [35.6018886, 33.2090131]]]}}, {"type": "Feature", "properties": {"height": 3.0, "num_floors": null, "subtype": null, "class": null, "roof_height": null, "height_source": "floored"}, "geometry": {"type": "Polygon", "coordinates": [[[35.6020975, 33.2090582], [35.6019651, 33.2090592], [35.6019637, 33.2089352], [35.6020961, 33.2089342], [35.6020975, 33.2090582]]]}}, {"type": "Feature", "properties": {"height": 3.0, "num_floors": null, "subtype": null, "class": null, "roof_height": null, "height_source": "floored"}, "geometry": {"type": "Polygon", "coordinates": [[[35.6021584, 33.209289], [35.6019747, 33.2093056], [35.6019593, 33.2091861], [35.6020873, 33.2091746], [35.6020916, 33.2092081], [35.6021473, 33.209203], [35.6021584, 33.209289]]]}}, {"type": "Feature", "properties": {"height": 4.2, "num_floors": null, "subtype": null, "class": null, "roof_height": null, "height_source": "ndsm"}, "geometry": {"type": "Polygon", "coordinates": [[[35.6021684, 33.2087318], [35.6020956, 33.2086792], [35.6021666, 33.2086105], [35.6022394, 33.2086631], [35.6021684, 33.2087318]]]}}, {"type": "Feature", "properties": {"height": 3.6, "num_floors": null, "subtype": null, "class": null, "roof_height": null, "height_source": "ndsm"}, "geometry": {"type": "Polygon", "coordinates": [[[35.6017966, 33.208669], [35.601768, 33.2085318], [35.6018695, 33.208517], [35.6018981, 33.2086542], [35.6017966, 33.208669]]]}}, {"type": "Feature", "properties": {"height": 3.6, "num_floors": null, "subtype": null, "class": null, "roof_height": null, "height_source": "ndsm"}, "geometry": {"type": "Polygon", "coordinates": [[[35.601579, 33.2084918], [35.6015569, 33.2082542], [35.6017104, 33.2082442], [35.6017145, 33.2082888], [35.6017919, 33.2082838], [35.6018098, 33.2084768], [35.601579, 33.2084918]]]}}, {"type": "Feature", "properties": {"height": 3.0, "num_floors": null, "subtype": null, "class": null, "roof_height": null, "height_source": "floored"}, "geometry": {"type": "Polygon", "coordinates": [[[35.6015596, 33.2087022], [35.6014731, 33.2086585], [35.6015419, 33.208563], [35.6016284, 33.2086067], [35.6015596, 33.2087022]]]}}, {"type": "Feature", "properties": {"height": 4.2, "num_floors": null, "subtype": null, "class": null, "roof_height": null, "height_source": "ndsm"}, "geometry": {"type": "Polygon", "coordinates": [[[35.6026255, 33.2085199], [35.6026086, 33.2084725], [35.6026911, 33.208452], [35.6027079, 33.2084995], [35.6026255, 33.2085199]]]}}, {"type": "Feature", "properties": {"height": 4.2, "num_floors": null, "subtype": null, "class": null, "roof_height": null, "height_source": "ndsm"}, "geometry": {"type": "Polygon", "coordinates": [[[35.6028008, 33.2082446], [35.6028069, 33.2082729], [35.6027575, 33.2082803], [35.6027514, 33.208252], [35.6028008, 33.2082446]]]}}, {"type": "Feature", "properties": {"height": 4.2, "num_floors": null, "subtype": null, "class": null, "roof_height": null, "height_source": "ndsm"}, "geometry": {"type": "Polygon", "coordinates": [[[35.6026012, 33.2085351], [35.6027126, 33.2085013], [35.602777, 33.2086501], [35.6026656, 33.2086839], [35.6026012, 33.2085351]]]}}, {"type": "Feature", "properties": {"height": 4.2, "num_floors": null, "subtype": null, "class": null, "roof_height": null, "height_source": "ndsm"}, "geometry": {"type": "Polygon", "coordinates": [[[35.6026665, 33.208741], [35.6026512, 33.2086928], [35.6027088, 33.2086799], [35.6027241, 33.2087281], [35.6026665, 33.208741]]]}}, {"type": "Feature", "properties": {"height": 4.2, "num_floors": null, "subtype": null, "class": null, "roof_height": null, "height_source": "ndsm"}, "geometry": {"type": "Polygon", "coordinates": [[[35.6028785, 33.2087825], [35.6027771, 33.2087074], [35.6028863, 33.2086043], [35.6029876, 33.2086794], [35.6028785, 33.2087825]]]}}, {"type": "Feature", "properties": {"height": 4.2, "num_floors": null, "subtype": null, "class": null, "roof_height": null, "height_source": "ndsm"}, "geometry": {"type": "Polygon", "coordinates": [[[35.6029586, 33.2083641], [35.6029807, 33.208552], [35.6028611, 33.2085618], [35.602846, 33.2084329], [35.6027265, 33.2084427], [35.6027195, 33.2083837], [35.6029586, 33.2083641]]]}}, {"type": "Feature", "properties": {"height": 3.0, "num_floors": null, "subtype": null, "class": null, "roof_height": null, "height_source": "floored"}, "geometry": {"type": "Polygon", "coordinates": [[[35.6027878, 33.2081416], [35.6028494, 33.2081389], [35.6028552, 33.2082329], [35.6027937, 33.2082356], [35.6027878, 33.2081416]]]}}, {"type": "Feature", "properties": {"height": 3.0, "num_floors": null, "subtype": null, "class": null, "roof_height": null, "height_source": "floored"}, "geometry": {"type": "Polygon", "coordinates": [[[35.6030141, 33.2085782], [35.602962, 33.208352], [35.6030603, 33.2083361], [35.6030932, 33.2084789], [35.603057, 33.2084848], [35.6030762, 33.2085682], [35.6030141, 33.2085782]]]}}, {"type": "Feature", "properties": {"height": 3.0, "num_floors": null, "subtype": null, "class": null, "roof_height": null, "height_source": "floored"}, "geometry": {"type": "Polygon", "coordinates": [[[35.603971, 33.2082371], [35.6039847, 33.2082764], [35.6039352, 33.2082885], [35.6039215, 33.2082492], [35.603971, 33.2082371]]]}}, {"type": "Feature", "properties": {"height": 3.0, "num_floors": null, "subtype": null, "class": null, "roof_height": null, "height_source": "floored"}, "geometry": {"type": "Polygon", "coordinates": [[[35.6039714, 33.2085439], [35.6039652, 33.2085087], [35.6040125, 33.2085029], [35.6040187, 33.208538], [35.6039714, 33.2085439]]]}}, {"type": "Feature", "properties": {"height": 3.0, "num_floors": null, "subtype": null, "class": null, "roof_height": null, "height_source": "floored"}, "geometry": {"type": "Polygon", "coordinates": [[[35.6042071, 33.2083374], [35.6042342, 33.2084796], [35.6041008, 33.2084974], [35.6040737, 33.2083552], [35.6042071, 33.2083374]]]}}, {"type": "Feature", "properties": {"height": 3.0, "num_floors": null, "subtype": null, "class": null, "roof_height": null, "height_source": "floored"}, "geometry": {"type": "Polygon", "coordinates": [[[35.6040711, 33.2085642], [35.6040747, 33.2086538], [35.6038765, 33.2086595], [35.6038728, 33.2085699], [35.6040711, 33.2085642]]]}}, {"type": "Feature", "properties": {"height": 3.0, "num_floors": null, "subtype": null, "class": null, "roof_height": null, "height_source": "floored"}, "geometry": {"type": "Polygon", "coordinates": [[[35.6039101, 33.2082515], [35.603931, 33.2083066], [35.6038714, 33.2083224], [35.6038505, 33.2082674], [35.6039101, 33.2082515]]]}}, {"type": "Feature", "properties": {"height": 3.0, "num_floors": null, "subtype": null, "class": null, "roof_height": null, "height_source": "floored"}, "geometry": {"type": "Polygon", "coordinates": [[[35.6036556, 33.208276], [35.603768, 33.2082607], [35.6038216, 33.2085372], [35.6037092, 33.2085524], [35.6036556, 33.208276]]]}}, {"type": "Feature", "properties": {"height": 3.0, "num_floors": null, "subtype": null, "class": null, "roof_height": null, "height_source": "floored"}, "geometry": {"type": "Polygon", "coordinates": [[[35.6036386, 33.2084385], [35.6034959, 33.2084658], [35.6034761, 33.2083932], [35.6036188, 33.208366], [35.6036386, 33.2084385]]]}}, {"type": "Feature", "properties": {"height": 3.0, "num_floors": null, "subtype": null, "class": null, "roof_height": null, "height_source": "floored"}, "geometry": {"type": "Polygon", "coordinates": [[[35.603448, 33.209184], [35.6032931, 33.2091829], [35.6032945, 33.2090401], [35.6034494, 33.2090412], [35.603448, 33.209184]]]}}, {"type": "Feature", "properties": {"height": 3.0, "num_floors": null, "subtype": null, "class": null, "roof_height": null, "height_source": "floored"}, "geometry": {"type": "Polygon", "coordinates": [[[35.6036725, 33.209196], [35.6035148, 33.209193], [35.603519, 33.2090371], [35.6036768, 33.2090402], [35.6036725, 33.209196]]]}}, {"type": "Feature", "properties": {"height": 3.0, "num_floors": null, "subtype": null, "class": null, "roof_height": null, "height_source": "floored"}, "geometry": {"type": "Polygon", "coordinates": [[[35.6039004, 33.2092065], [35.6037226, 33.2092059], [35.6037231, 33.2090867], [35.6038205, 33.209087], [35.6038207, 33.2090497], [35.6039011, 33.2090499], [35.6039004, 33.2092065]]]}}, {"type": "Feature", "properties": {"height": 3.0, "num_floors": null, "subtype": null, "class": null, "roof_height": null, "height_source": "floored"}, "geometry": {"type": "Polygon", "coordinates": [[[35.6041439, 33.2091795], [35.6040159, 33.2091782], [35.6040181, 33.2090303], [35.6040813, 33.209031], [35.6040808, 33.2090622], [35.6041456, 33.2090629], [35.6041439, 33.2091795]]]}}, {"type": "Feature", "properties": {"height": 3.0, "num_floors": null, "subtype": null, "class": null, "roof_height": null, "height_source": "floored"}, "geometry": {"type": "Polygon", "coordinates": [[[35.6042946, 33.2091847], [35.6042104, 33.2091843], [35.6042113, 33.2090339], [35.6042955, 33.2090343], [35.6042946, 33.2091847]]]}}, {"type": "Feature", "properties": {"height": 3.0, "num_floors": null, "subtype": null, "class": null, "roof_height": null, "height_source": "floored"}, "geometry": {"type": "Polygon", "coordinates": [[[35.6044487, 33.209185], [35.604392, 33.2091991], [35.6043436, 33.2090635], [35.6044291, 33.2090422], [35.6044185, 33.2090124], [35.6044626, 33.2090014], [35.6045276, 33.209184], [35.6044548, 33.2092022], [35.6044487, 33.209185]]]}}, {"type": "Feature", "properties": {"height": 3.0, "num_floors": null, "subtype": null, "class": null, "roof_height": null, "height_source": "floored"}, "geometry": {"type": "Polygon", "coordinates": [[[35.604943, 33.2090241], [35.6048553, 33.2090477], [35.6048439, 33.209018], [35.6048728, 33.2090102], [35.6048551, 33.2089642], [35.604927, 33.2089449], [35.6049184, 33.2089226], [35.6049856, 33.2089045], [35.6050496, 33.209071], [35.6049693, 33.2090926], [35.604943, 33.2090241]]]}}, {"type": "Feature", "properties": {"height": 3.0, "num_floors": null, "subtype": null, "class": null, "roof_height": null, "height_source": "floored"}, "geometry": {"type": "Polygon", "coordinates": [[[35.6049968, 33.2090859], [35.6050131, 33.2091172], [35.6050863, 33.2090906], [35.6051376, 33.2091896], [35.6049697, 33.2092506], [35.6049021, 33.2091203], [35.6049968, 33.2090859]]]}}, {"type": "Feature", "properties": {"height": 3.0, "num_floors": null, "subtype": null, "class": null, "roof_height": null, "height_source": "floored"}, "geometry": {"type": "Polygon", "coordinates": [[[35.6052709, 33.2089238], [35.6050715, 33.2089828], [35.6050268, 33.2088772], [35.6051065, 33.2088537], [35.6051158, 33.2088757], [35.6051545, 33.2088642], [35.6051408, 33.2088319], [35.605222, 33.2088079], [35.6052709, 33.2089238]]]}}, {"type": "Feature", "properties": {"height": 3.0, "num_floors": null, "subtype": null, "class": null, "roof_height": null, "height_source": "floored"}, "geometry": {"type": "Polygon", "coordinates": [[[35.605007, 33.2087668], [35.6050233, 33.2088096], [35.6049708, 33.2088236], [35.6049545, 33.2087809], [35.605007, 33.2087668]]]}}, {"type": "Feature", "properties": {"height": 3.0, "num_floors": null, "subtype": null, "class": null, "roof_height": null, "height_source": "floored"}, "geometry": {"type": "Polygon", "coordinates": [[[35.6046502, 33.2083673], [35.6047603, 33.2083427], [35.6048188, 33.2085257], [35.6047087, 33.2085504], [35.6046502, 33.2083673]]]}}, {"type": "Feature", "properties": {"height": 3.0, "num_floors": null, "subtype": null, "class": null, "roof_height": null, "height_source": "floored"}, "geometry": {"type": "Polygon", "coordinates": [[[35.6046056, 33.2086888], [35.604511, 33.2086052], [35.6045981, 33.2085363], [35.6046926, 33.2086198], [35.6046056, 33.2086888]]]}}, {"type": "Feature", "properties": {"height": 3.0, "num_floors": null, "subtype": null, "class": null, "roof_height": null, "height_source": "floored"}, "geometry": {"type": "Polygon", "coordinates": [[[35.6046706, 33.2082415], [35.6046979, 33.2083162], [35.6046233, 33.2083353], [35.6045959, 33.2082606], [35.6046706, 33.2082415]]]}}, {"type": "Feature", "properties": {"height": 3.0, "num_floors": null, "subtype": null, "class": null, "roof_height": null, "height_source": "floored"}, "geometry": {"type": "Polygon", "coordinates": [[[35.6047806, 33.2060507], [35.6047469, 33.2060374], [35.6047731, 33.2059908], [35.6049674, 33.2060674], [35.6049443, 33.2061084], [35.6048077, 33.2061062], [35.6047599, 33.2060874], [35.6047806, 33.2060507]]]}}, {"type": "Feature", "properties": {"height": 3.0, "num_floors": null, "subtype": null, "class": null, "roof_height": null, "height_source": "floored"}, "geometry": {"type": "Polygon", "coordinates": [[[35.6049332, 33.2063959], [35.6048494, 33.2063944], [35.6048512, 33.206327], [35.6048229, 33.2063265], [35.6048244, 33.2062679], [35.6048039, 33.2062675], [35.6048057, 33.2062011], [35.6049382, 33.2062035], [35.6049332, 33.2063959]]]}}, {"type": "Feature", "properties": {"height": 3.0, "num_floors": null, "subtype": null, "class": null, "roof_height": null, "height_source": "floored"}, "geometry": {"type": "Polygon", "coordinates": [[[35.6050893, 33.2065638], [35.6049163, 33.2065672], [35.6049139, 33.206485], [35.6050869, 33.2064814], [35.6050893, 33.2065638]]]}}, {"type": "Feature", "properties": {"height": 3.0, "num_floors": null, "subtype": null, "class": null, "roof_height": null, "height_source": "floored"}, "geometry": {"type": "Polygon", "coordinates": [[[35.6051225, 33.2068867], [35.6050326, 33.2069028], [35.6050157, 33.2068368], [35.6052032, 33.2068031], [35.6052321, 33.2069157], [35.6051344, 33.2069332], [35.6051225, 33.2068867]]]}}, {"type": "Feature", "properties": {"height": 3.0, "num_floors": null, "subtype": null, "class": null, "roof_height": null, "height_source": "floored"}, "geometry": {"type": "Polygon", "coordinates": [[[35.6051216, 33.206736], [35.604955, 33.2067411], [35.6049499, 33.2066226], [35.6050475, 33.2066197], [35.6050487, 33.2066491], [35.6051177, 33.206647], [35.6051216, 33.206736]]]}}, {"type": "Feature", "properties": {"height": 4.0, "num_floors": null, "subtype": null, "class": null, "roof_height": null, "height_source": "ndsm"}, "geometry": {"type": "Polygon", "coordinates": [[[35.6050701, 33.2058751], [35.6049843, 33.2058725], [35.6049901, 33.2057401], [35.6050896, 33.2057431], [35.6050878, 33.205784], [35.6051283, 33.2057852], [35.6051259, 33.2058428], [35.6050716, 33.2058412], [35.6050701, 33.2058751]]]}}, {"type": "Feature", "properties": {"height": 4.4, "num_floors": null, "subtype": null, "class": null, "roof_height": null, "height_source": "ndsm"}, "geometry": {"type": "Polygon", "coordinates": [[[35.6051913, 33.2057378], [35.6051066, 33.2056809], [35.60523, 33.2055523], [35.6053147, 33.2056091], [35.6051913, 33.2057378]]]}}, {"type": "Feature", "properties": {"height": 3.0, "num_floors": null, "subtype": null, "class": null, "roof_height": null, "height_source": "floored"}, "geometry": {"type": "Polygon", "coordinates": [[[35.6051623, 33.2060607], [35.6051218, 33.2060435], [35.6051591, 33.2059822], [35.6053056, 33.2060444], [35.605265, 33.2061112], [35.6052134, 33.2060893], [35.6051959, 33.2061181], [35.6051415, 33.2060949], [35.6051623, 33.2060607]]]}}, {"type": "Feature", "properties": {"height": 3.3, "num_floors": null, "subtype": null, "class": null, "roof_height": null, "height_source": "ndsm"}, "geometry": {"type": "Polygon", "coordinates": [[[35.6053553, 33.2059404], [35.6052311, 33.2058732], [35.6052826, 33.2058065], [35.6054323, 33.2058874], [35.6054036, 33.2059246], [35.6053781, 33.2059109], [35.6053553, 33.2059404]]]}}, {"type": "Feature", "properties": {"height": 3.0, "num_floors": null, "subtype": null, "class": null, "roof_height": null, "height_source": "floored"}, "geometry": {"type": "Polygon", "coordinates": [[[35.6055096, 33.2057285], [35.6054561, 33.205786], [35.6053776, 33.2057348], [35.6053907, 33.2057107], [35.6053638, 33.2056932], [35.6053983, 33.2056561], [35.6055096, 33.2057285]]]}}, {"type": "Feature", "properties": {"height": 3.0, "num_floors": null, "subtype": null, "class": null, "roof_height": null, "height_source": "floored"}, "geometry": {"type": "Polygon", "coordinates": [[[35.6055745, 33.206217], [35.605501, 33.2061835], [35.6055596, 33.2060934], [35.6056129, 33.2061176], [35.6056216, 33.2061042], [35.6057306, 33.2061538], [35.6056948, 33.2062089], [35.605606, 33.2061685], [35.6055745, 33.206217]]]}}, {"type": "Feature", "properties": {"height": 3.0, "num_floors": null, "subtype": null, "class": null, "roof_height": null, "height_source": "floored"}, "geometry": {"type": "Polygon", "coordinates": [[[35.6055923, 33.2064191], [35.6054455, 33.2064082], [35.605459, 33.2062818], [35.6055792, 33.2062908], [35.6055751, 33.2063301], [35.6056016, 33.206332], [35.6055923, 33.2064191]]]}}, {"type": "Feature", "properties": {"height": 3.0, "num_floors": null, "subtype": null, "class": null, "roof_height": null, "height_source": "floored"}, "geometry": {"type": "Polygon", "coordinates": [[[35.6055448, 33.2066321], [35.6053981, 33.2066233], [35.6054086, 33.2064999], [35.6055553, 33.2065087], [35.6055448, 33.2066321]]]}}, {"type": "Feature", "properties": {"height": 3.0, "num_floors": null, "subtype": null, "class": null, "roof_height": null, "height_source": "floored"}, "geometry": {"type": "Polygon", "coordinates": [[[35.6056338, 33.2071944], [35.6055496, 33.2072149], [35.6055203, 33.2071304], [35.6056044, 33.20711], [35.6056338, 33.2071944]]]}}, {"type": "Feature", "properties": {"height": 3.0, "num_floors": null, "subtype": null, "class": null, "roof_height": null, "height_source": "floored"}, "geometry": {"type": "Polygon", "coordinates": [[[35.6055021, 33.2070091], [35.6054669, 33.2070179], [35.6054397, 33.2069419], [35.6054161, 33.2069419], [35.6053921, 33.206875], [35.6055521, 33.2068349], [35.6056182, 33.2070197], [35.6055151, 33.2070455], [35.6055021, 33.2070091]]]}}, {"type": "Feature", "properties": {"height": 3.0, "num_floors": null, "subtype": null, "class": null, "roof_height": null, "height_source": "floored"}, "geometry": {"type": "Polygon", "coordinates": [[[35.6052011, 33.2071006], [35.6050962, 33.2071218], [35.6050688, 33.207027], [35.6052333, 33.2069936], [35.6052722, 33.2071278], [35.6052125, 33.2071399], [35.6052011, 33.2071006]]]}}, {"type": "Feature", "properties": {"height": 3.0, "num_floors": null, "subtype": null, "class": null, "roof_height": null, "height_source": "floored"}, "geometry": {"type": "Polygon", "coordinates": [[[35.6052116, 33.2073127], [35.6051684, 33.2073243], [35.6051387, 33.2072466], [35.6052899, 33.2072062], [35.6053445, 33.2073494], [35.6052626, 33.2073712], [35.6052507, 33.20734], [35.6052247, 33.2073469], [35.6052116, 33.2073127]]]}}, {"type": "Feature", "properties": {"height": 3.0, "num_floors": null, "subtype": null, "class": null, "roof_height": null, "height_source": "floored"}, "geometry": {"type": "Polygon", "coordinates": [[[35.6052511, 33.2075519], [35.6052044, 33.2075626], [35.6051861, 33.2075069], [35.6052082, 33.2075018], [35.6051965, 33.2074661], [35.6053457, 33.2074317], [35.6053869, 33.2075566], [35.6052622, 33.2075854], [35.6052511, 33.2075519]]]}}, {"type": "Feature", "properties": {"height": 3.0, "num_floors": null, "subtype": null, "class": null, "roof_height": null, "height_source": "floored"}, "geometry": {"type": "Polygon", "coordinates": [[[35.6054795, 33.2077671], [35.6053193, 33.2078034], [35.6052798, 33.2076814], [35.60544, 33.2076452], [35.6054795, 33.2077671]]]}}, {"type": "Feature", "properties": {"height": 3.0, "num_floors": null, "subtype": null, "class": null, "roof_height": null, "height_source": "floored"}, "geometry": {"type": "Polygon", "coordinates": [[[35.605265, 33.2079261], [35.6052608, 33.2078356], [35.6054066, 33.2078309], [35.6054108, 33.2079214], [35.605265, 33.2079261]]]}}, {"type": "Feature", "properties": {"height": 3.0, "num_floors": null, "subtype": null, "class": null, "roof_height": null, "height_source": "floored"}, "geometry": {"type": "Polygon", "coordinates": [[[35.6052566, 33.2082374], [35.6053097, 33.2082737], [35.6052834, 33.2083006], [35.6053252, 33.2083292], [35.6052516, 33.2084045], [35.6051567, 33.2083397], [35.6052566, 33.2082374]]]}}, {"type": "Feature", "properties": {"height": 3.0, "num_floors": null, "subtype": null, "class": null, "roof_height": null, "height_source": "floored"}, "geometry": {"type": "Polygon", "coordinates": [[[35.6053733, 33.2088322], [35.6053198, 33.208849], [35.6052978, 33.2087998], [35.60532, 33.2087928], [35.6053008, 33.2087497], [35.6053644, 33.2087298], [35.6053796, 33.2087637], [35.6054687, 33.2087358], [35.6055258, 33.2088635], [35.6054043, 33.2089015], [35.6053733, 33.2088322]]]}}, {"type": "Feature", "properties": {"height": 3.0, "num_floors": null, "subtype": null, "class": null, "roof_height": null, "height_source": "floored"}, "geometry": {"type": "Polygon", "coordinates": [[[35.6054466, 33.2080238], [35.6055283, 33.2080269], [35.6055212, 33.208159], [35.6054394, 33.2081559], [35.6054466, 33.2080238]]]}}, {"type": "Feature", "properties": {"height": 3.0, "num_floors": null, "subtype": null, "class": null, "roof_height": null, "height_source": "floored"}, "geometry": {"type": "Polygon", "coordinates": [[[35.6056973, 33.207377], [35.6056073, 33.2073969], [35.6055812, 33.2073143], [35.6056712, 33.2072944], [35.6056973, 33.207377]]]}}, {"type": "Feature", "properties": {"height": 3.0, "num_floors": null, "subtype": null, "class": null, "roof_height": null, "height_source": "floored"}, "geometry": {"type": "Polygon", "coordinates": [[[35.6056841, 33.2076302], [35.6056082, 33.2075261], [35.60575, 33.2074538], [35.6057698, 33.207481], [35.6058325, 33.207449], [35.6058885, 33.207526], [35.6056841, 33.2076302]]]}}, {"type": "Feature", "properties": {"height": 3.4, "num_floors": null, "subtype": null, "class": null, "roof_height": null, "height_source": "ndsm"}, "geometry": {"type": "Polygon", "coordinates": [[[35.6057502, 33.2088143], [35.6056457, 33.2088484], [35.6055777, 33.2087025], [35.6056823, 33.2086684], [35.6057502, 33.2088143]]]}}, {"type": "Feature", "properties": {"height": 3.4, "num_floors": null, "subtype": null, "class": null, "roof_height": null, "height_source": "ndsm"}, "geometry": {"type": "Polygon", "coordinates": [[[35.6058921, 33.2086831], [35.6057834, 33.20871], [35.6057328, 33.208567], [35.6058416, 33.2085401], [35.6058921, 33.2086831]]]}}, {"type": "Feature", "properties": {"height": 5.1, "num_floors": null, "subtype": null, "class": null, "roof_height": null, "height_source": "ndsm"}, "geometry": {"type": "Polygon", "coordinates": [[[35.6060938, 33.2075431], [35.6060088, 33.2075597], [35.6059768, 33.207445], [35.6061017, 33.2074207], [35.6061225, 33.2074956], [35.6060827, 33.2075034], [35.6060938, 33.2075431]]]}}, {"type": "Feature", "properties": {"height": 5.1, "num_floors": null, "subtype": null, "class": null, "roof_height": null, "height_source": "ndsm"}, "geometry": {"type": "Polygon", "coordinates": [[[35.6061242, 33.2070786], [35.6060144, 33.2069749], [35.6060976, 33.2069132], [35.6062074, 33.2070168], [35.6061242, 33.2070786]]]}}, {"type": "Feature", "properties": {"height": 3.0, "num_floors": null, "subtype": null, "class": null, "roof_height": null, "height_source": "floored"}, "geometry": {"type": "Polygon", "coordinates": [[[35.6061874, 33.206688], [35.6060995, 33.206772], [35.6059794, 33.206684], [35.6060673, 33.2066], [35.6061874, 33.206688]]]}}, {"type": "Feature", "properties": {"height": 3.0, "num_floors": null, "subtype": null, "class": null, "roof_height": null, "height_source": "floored"}, "geometry": {"type": "Polygon", "coordinates": [[[35.6060074, 33.2068505], [35.6058972, 33.2068945], [35.6058132, 33.2067472], [35.6059234, 33.2067032], [35.6060074, 33.2068505]]]}}, {"type": "Feature", "properties": {"height": 3.0, "num_floors": null, "subtype": null, "class": null, "roof_height": null, "height_source": "floored"}, "geometry": {"type": "Polygon", "coordinates": [[[35.6060986, 33.2073326], [35.6059517, 33.207357], [35.6059232, 33.2072367], [35.6060701, 33.2072124], [35.6060986, 33.2073326]]]}}, {"type": "Feature", "properties": {"height": 3.0, "num_floors": null, "subtype": null, "class": null, "roof_height": null, "height_source": "floored"}, "geometry": {"type": "Polygon", "coordinates": [[[35.6060272, 33.2071921], [35.6058601, 33.2072216], [35.6058306, 33.2071048], [35.6059043, 33.2070917], [35.6059125, 33.2071241], [35.6060059, 33.2071076], [35.6060272, 33.2071921]]]}}, {"type": "Feature", "properties": {"height": 3.0, "num_floors": null, "subtype": null, "class": null, "roof_height": null, "height_source": "floored"}, "geometry": {"type": "Polygon", "coordinates": [[[35.6058226, 33.2070156], [35.6058473, 33.2070723], [35.6057963, 33.2070879], [35.6057717, 33.2070311], [35.6058226, 33.2070156]]]}}, {"type": "Feature", "properties": {"height": 3.0, "num_floors": null, "subtype": null, "class": null, "roof_height": null, "height_source": "floored"}, "geometry": {"type": "Polygon", "coordinates": [[[35.6057605, 33.2069324], [35.6056622, 33.2069534], [35.6056244, 33.2068297], [35.6057228, 33.2068087], [35.6057605, 33.2069324]]]}}, {"type": "Feature", "properties": {"height": 3.0, "num_floors": null, "subtype": null, "class": null, "roof_height": null, "height_source": "floored"}, "geometry": {"type": "Polygon", "coordinates": [[[35.6057742, 33.2065265], [35.6056807, 33.2065083], [35.6057103, 33.2064015], [35.605731, 33.2064056], [35.6057441, 33.2063583], [35.6058376, 33.2063764], [35.6058141, 33.2064613], [35.6057934, 33.2064573], [35.6057742, 33.2065265]]]}}, {"type": "Feature", "properties": {"height": 3.0, "num_floors": null, "subtype": null, "class": null, "roof_height": null, "height_source": "floored"}, "geometry": {"type": "Polygon", "coordinates": [[[35.6057705, 33.2060933], [35.6055951, 33.2060013], [35.6056572, 33.2059184], [35.6058326, 33.2060104], [35.6057705, 33.2060933]]]}}, {"type": "Feature", "properties": {"height": 3.0, "num_floors": null, "subtype": null, "class": null, "roof_height": null, "height_source": "floored"}, "geometry": {"type": "Polygon", "coordinates": [[[35.6058659, 33.2059376], [35.6057604, 33.2058614], [35.6058429, 33.2057815], [35.605977, 33.2058784], [35.605923, 33.2059308], [35.6058943, 33.2059101], [35.6058659, 33.2059376]]]}}, {"type": "Feature", "properties": {"height": 3.0, "num_floors": null, "subtype": null, "class": null, "roof_height": null, "height_source": "floored"}, "geometry": {"type": "Polygon", "coordinates": [[[35.606117, 33.2057703], [35.6060271, 33.2058326], [35.6059095, 33.2057139], [35.6059346, 33.2056964], [35.6059175, 33.2056791], [35.6059554, 33.2056529], [35.6059401, 33.2056374], [35.6059879, 33.2056042], [35.6060534, 33.2056704], [35.6060324, 33.2056849], [35.606117, 33.2057703]]]}}, {"type": "Feature", "properties": {"height": 3.0, "num_floors": null, "subtype": null, "class": null, "roof_height": null, "height_source": "floored"}, "geometry": {"type": "Polygon", "coordinates": [[[35.6059648, 33.2059142], [35.6059868, 33.205882], [35.6060283, 33.2059018], [35.6060063, 33.205934], [35.6059648, 33.2059142]]]}}, {"type": "Feature", "properties": {"height": 3.0, "num_floors": null, "subtype": null, "class": null, "roof_height": null, "height_source": "floored"}, "geometry": {"type": "Polygon", "coordinates": [[[35.6058547, 33.2062827], [35.6058284, 33.2062255], [35.6058697, 33.2061662], [35.6060321, 33.2062455], [35.6059515, 33.2063611], [35.6059067, 33.2063393], [35.605923, 33.206316], [35.6058547, 33.2062827]]]}}, {"type": "Feature", "properties": {"height": 3.0, "num_floors": null, "subtype": null, "class": null, "roof_height": null, "height_source": "floored"}, "geometry": {"type": "Polygon", "coordinates": [[[35.6059673, 33.206083], [35.6059376, 33.206067], [35.6059772, 33.2060155], [35.6061242, 33.2060946], [35.606056, 33.2061834], [35.6059634, 33.2061336], [35.6059825, 33.2061087], [35.6059578, 33.2060954], [35.6059673, 33.206083]]]}}, {"type": "Feature", "properties": {"height": 3.0, "num_floors": null, "subtype": null, "class": null, "roof_height": null, "height_source": "floored"}, "geometry": {"type": "Polygon", "coordinates": [[[35.6062122, 33.206055], [35.6060777, 33.2059504], [35.6061594, 33.2058769], [35.6062939, 33.2059815], [35.6062122, 33.206055]]]}}, {"type": "Feature", "properties": {"height": 3.0, "num_floors": null, "subtype": null, "class": null, "roof_height": null, "height_source": "floored"}, "geometry": {"type": "Polygon", "coordinates": [[[35.6062932, 33.2058417], [35.6062362, 33.2057823], [35.6063583, 33.2057002], [35.6064337, 33.2057788], [35.6063481, 33.2058363], [35.6063297, 33.2058171], [35.6062932, 33.2058417]]]}}, {"type": "Feature", "properties": {"height": 3.0, "num_floors": null, "subtype": null, "class": null, "roof_height": null, "height_source": "floored"}, "geometry": {"type": "Polygon", "coordinates": [[[35.6063474, 33.2064846], [35.6062194, 33.2063988], [35.606272, 33.2063439], [35.6062465, 33.2063268], [35.6062892, 33.2062822], [35.6064427, 33.2063852], [35.6063474, 33.2064846]]]}}, {"type": "Feature", "properties": {"height": 3.0, "num_floors": null, "subtype": null, "class": null, "roof_height": null, "height_source": "floored"}, "geometry": {"type": "Polygon", "coordinates": [[[35.6061432, 33.2065315], [35.6061048, 33.2065077], [35.6061496, 33.2064573], [35.6062841, 33.2065409], [35.606212, 33.206622], [35.6061159, 33.2065623], [35.6061432, 33.2065315]]]}}, {"type": "Feature", "properties": {"height": 7.4, "num_floors": null, "subtype": null, "class": null, "roof_height": null, "height_source": "ndsm"}, "geometry": {"type": "Polygon", "coordinates": [[[35.6062772, 33.2069847], [35.6061591, 33.2068981], [35.6062535, 33.2068079], [35.6064034, 33.2069179], [35.6063591, 33.2069602], [35.6063273, 33.2069369], [35.6062772, 33.2069847]]]}}, {"type": "Feature", "properties": {"height": 7.4, "num_floors": null, "subtype": null, "class": null, "roof_height": null, "height_source": "ndsm"}, "geometry": {"type": "Polygon", "coordinates": [[[35.6065398, 33.2067837], [35.6064642, 33.2068625], [35.6063195, 33.2067654], [35.6063951, 33.2066866], [35.6065398, 33.2067837]]]}}, {"type": "Feature", "properties": {"height": 8.1, "num_floors": null, "subtype": null, "class": null, "roof_height": null, "height_source": "ndsm"}, "geometry": {"type": "Polygon", "coordinates": [[[35.6065537, 33.2066967], [35.6064361, 33.2066278], [35.606524, 33.2065227], [35.606676, 33.2066117], [35.6066335, 33.2066625], [35.6065919, 33.2066509], [35.6065537, 33.2066967]]]}}, {"type": "Feature", "properties": {"height": 3.0, "num_floors": null, "subtype": null, "class": null, "roof_height": null, "height_source": "floored"}, "geometry": {"type": "Polygon", "coordinates": [[[35.6065398, 33.206146], [35.6064728, 33.206085], [35.6066065, 33.2059821], [35.6067777, 33.2061379], [35.6066715, 33.2062196], [35.6066012, 33.2061556], [35.6066353, 33.2061294], [35.6066014, 33.2060985], [35.6065398, 33.206146]]]}}, {"type": "Feature", "properties": {"height": 3.0, "num_floors": null, "subtype": null, "class": null, "roof_height": null, "height_source": "floored"}, "geometry": {"type": "Polygon", "coordinates": [[[35.6068732, 33.2057439], [35.6067475, 33.2058244], [35.6066467, 33.2057142], [35.6067724, 33.2056337], [35.6068732, 33.2057439]]]}}, {"type": "Feature", "properties": {"height": 4.1, "num_floors": null, "subtype": null, "class": null, "roof_height": null, "height_source": "ndsm"}, "geometry": {"type": "Polygon", "coordinates": [[[35.6067197, 33.2065531], [35.6065916, 33.2064744], [35.6066717, 33.2063832], [35.6067997, 33.2064619], [35.6067197, 33.2065531]]]}}, {"type": "Feature", "properties": {"height": 3.0, "num_floors": null, "subtype": null, "class": null, "roof_height": null, "height_source": "floored"}, "geometry": {"type": "Polygon", "coordinates": [[[35.6070196, 33.205931], [35.6068946, 33.2060109], [35.6068483, 33.2059602], [35.6068934, 33.2059314], [35.6068512, 33.2058853], [35.6069598, 33.2058159], [35.6070209, 33.2058829], [35.6069923, 33.2059011], [35.6070196, 33.205931]]]}}, {"type": "Feature", "properties": {"height": 3.0, "num_floors": null, "subtype": null, "class": null, "roof_height": null, "height_source": "floored"}, "geometry": {"type": "Polygon", "coordinates": [[[35.6072333, 33.2057592], [35.6070831, 33.2058293], [35.6070286, 33.2057477], [35.6071788, 33.2056775], [35.6072333, 33.2057592]]]}}, {"type": "Feature", "properties": {"height": 3.2, "num_floors": null, "subtype": "religious", "class": null, "roof_height": null, "height_source": "ndsm"}, "geometry": {"type": "Polygon", "coordinates": [[[35.6070248, 33.2063743], [35.6069193, 33.2063753], [35.6069189, 33.2063463], [35.6069456, 33.206346], [35.6069445, 33.2062666], [35.6070232, 33.2062658], [35.6070248, 33.2063743]]]}}, {"type": "Feature", "properties": {"height": 4.1, "num_floors": null, "subtype": null, "class": null, "roof_height": null, "height_source": "ndsm"}, "geometry": {"type": "Polygon", "coordinates": [[[35.6068495, 33.2065151], [35.6068539, 33.2064674], [35.6068965, 33.2064701], [35.6068922, 33.2065178], [35.6068495, 33.2065151]]]}}, {"type": "Feature", "properties": {"height": 3.0, "num_floors": null, "subtype": null, "class": null, "roof_height": null, "height_source": "floored"}, "geometry": {"type": "Polygon", "coordinates": [[[35.6067607, 33.2081146], [35.6067081, 33.2081149], [35.6067077, 33.2080562], [35.6068103, 33.2080557], [35.606811, 33.2081512], [35.606761, 33.2081515], [35.6067607, 33.2081146]]]}}, {"type": "Feature", "properties": {"height": 3.0, "num_floors": null, "subtype": null, "class": null, "roof_height": null, "height_source": "floored"}, "geometry": {"type": "Polygon", "coordinates": [[[35.6070456, 33.2081502], [35.6069421, 33.2081497], [35.6069429, 33.2080225], [35.6070464, 33.2080229], [35.6070456, 33.2081502]]]}}, {"type": "Feature", "properties": {"height": 3.4, "num_floors": null, "subtype": null, "class": null, "roof_height": null, "height_source": "ndsm"}, "geometry": {"type": "Polygon", "coordinates": [[[35.6064961, 33.2083528], [35.6063382, 33.2084001], [35.6063054, 33.2083235], [35.6064633, 33.2082762], [35.6064961, 33.2083528]]]}}, {"type": "Feature", "properties": {"height": 7.4, "num_floors": null, "subtype": null, "class": null, "roof_height": null, "height_source": "ndsm"}, "geometry": {"type": "Polygon", "coordinates": [[[35.6064035, 33.2075637], [35.6062573, 33.2075994], [35.606233, 33.2075297], [35.6063792, 33.207494], [35.6064035, 33.2075637]]]}}, {"type": "Feature", "properties": {"height": 3.0, "num_floors": null, "subtype": null, "class": null, "roof_height": null, "height_source": "floored"}, "geometry": {"type": "Polygon", "coordinates": [[[35.6063587, 33.2079825], [35.6061732, 33.2080019], [35.6061544, 33.2078762], [35.60634, 33.2078568], [35.6063587, 33.2079825]]]}}, {"type": "Feature", "properties": {"height": 3.4, "num_floors": null, "subtype": null, "class": null, "roof_height": null, "height_source": "ndsm"}, "geometry": {"type": "Polygon", "coordinates": [[[35.6063704, 33.2085358], [35.6063208, 33.2085113], [35.6063537, 33.2084645], [35.6064034, 33.208489], [35.6063704, 33.2085358]]]}}, {"type": "Feature", "properties": {"height": 3.0, "num_floors": null, "subtype": null, "class": null, "roof_height": null, "height_source": "floored"}, "geometry": {"type": "Polygon", "coordinates": [[[35.606268, 33.2100938], [35.6061801, 33.2099834], [35.6062266, 33.2099575], [35.6061511, 33.2098627], [35.6061716, 33.2098513], [35.6061275, 33.2097959], [35.6062297, 33.209739], [35.6064012, 33.2099545], [35.6063287, 33.2099949], [35.6063646, 33.21004], [35.606268, 33.2100938]]]}}, {"type": "Feature", "properties": {"height": 3.0, "num_floors": null, "subtype": null, "class": null, "roof_height": null, "height_source": "floored"}, "geometry": {"type": "Polygon", "coordinates": [[[35.6062628, 33.2102997], [35.6062645, 33.2103661], [35.606117, 33.2103688], [35.6061122, 33.2101835], [35.6062989, 33.2101801], [35.606302, 33.2102989], [35.6062628, 33.2102997]]]}}, {"type": "Feature", "properties": {"height": 3.0, "num_floors": null, "subtype": null, "class": null, "roof_height": null, "height_source": "floored"}, "geometry": {"type": "Polygon", "coordinates": [[[35.6065465, 33.2105381], [35.6065486, 33.2104933], [35.6065888, 33.2104946], [35.6065867, 33.2105394], [35.6065465, 33.2105381]]]}}, {"type": "Feature", "properties": {"height": 3.0, "num_floors": null, "subtype": null, "class": null, "roof_height": null, "height_source": "floored"}, "geometry": {"type": "Polygon", "coordinates": [[[35.6064926, 33.209919], [35.6065236, 33.2098639], [35.6066379, 33.2099088], [35.6066069, 33.2099639], [35.6064926, 33.209919]]]}}, {"type": "Feature", "properties": {"height": 3.0, "num_floors": null, "subtype": null, "class": null, "roof_height": null, "height_source": "floored"}, "geometry": {"type": "Polygon", "coordinates": [[[35.6066384, 33.2099397], [35.6066951, 33.2099846], [35.6066321, 33.2100403], [35.6065755, 33.2099955], [35.6066384, 33.2099397]]]}}, {"type": "Feature", "properties": {"height": 3.0, "num_floors": null, "subtype": null, "class": null, "roof_height": null, "height_source": "floored"}, "geometry": {"type": "Polygon", "coordinates": [[[35.606938, 33.2091988], [35.6068708, 33.2090264], [35.607026, 33.208984], [35.6070193, 33.2089671], [35.6071125, 33.2089416], [35.607112, 33.2089404], [35.6071532, 33.2089291], [35.6072212, 33.2091036], [35.6071872, 33.2091128], [35.6072028, 33.2091527], [35.6070452, 33.2091956], [35.607036, 33.209172], [35.606938, 33.2091988]]]}}, {"type": "Feature", "properties": {"height": 3.0, "num_floors": null, "subtype": null, "class": null, "roof_height": null, "height_source": "floored"}, "geometry": {"type": "Polygon", "coordinates": [[[35.6067811, 33.2102389], [35.6067219, 33.2103213], [35.6066793, 33.2102999], [35.6066556, 33.2103329], [35.6065452, 33.2102774], [35.6066281, 33.210162], [35.6067811, 33.2102389]]]}}, {"type": "Feature", "properties": {"height": 3.0, "num_floors": null, "subtype": null, "class": null, "roof_height": null, "height_source": "floored"}, "geometry": {"type": "Polygon", "coordinates": [[[35.6068046, 33.2111048], [35.6068995, 33.2111911], [35.6068181, 33.2112537], [35.6067232, 33.2111675], [35.6068046, 33.2111048]]]}}, {"type": "Feature", "properties": {"height": 3.0, "num_floors": null, "subtype": null, "class": null, "roof_height": null, "height_source": "floored"}, "geometry": {"type": "Polygon", "coordinates": [[[35.6068825, 33.2108937], [35.6068755, 33.2109944], [35.6067258, 33.210987], [35.6067328, 33.2108864], [35.6068825, 33.2108937]]]}}, {"type": "Feature", "properties": {"height": 3.0, "num_floors": null, "subtype": null, "class": null, "roof_height": null, "height_source": "floored"}, "geometry": {"type": "Polygon", "coordinates": [[[35.6067484, 33.2123298], [35.606662, 33.2122357], [35.6067133, 33.2122028], [35.6067997, 33.2122969], [35.6067484, 33.2123298]]]}}, {"type": "Feature", "properties": {"height": 3.0, "num_floors": null, "subtype": null, "class": null, "roof_height": null, "height_source": "floored"}, "geometry": {"type": "Polygon", "coordinates": [[[35.6063653, 33.2120709], [35.6064082, 33.2120698], [35.6064063, 33.2120227], [35.606551, 33.2120188], [35.6065554, 33.2121331], [35.6063679, 33.2121382], [35.6063653, 33.2120709]]]}}, {"type": "Feature", "properties": {"height": 3.0, "num_floors": null, "subtype": null, "class": null, "roof_height": null, "height_source": "floored"}, "geometry": {"type": "Polygon", "coordinates": [[[35.606493, 33.2118017], [35.606491, 33.2118869], [35.606416, 33.2118857], [35.606418, 33.2118004], [35.606493, 33.2118017]]]}}, {"type": "Feature", "properties": {"height": 3.0, "num_floors": null, "subtype": null, "class": null, "roof_height": null, "height_source": "floored"}, "geometry": {"type": "Polygon", "coordinates": [[[35.6064276, 33.2116312], [35.6065187, 33.2116283], [35.6065156, 33.2115611], [35.6065746, 33.2115592], [35.6065724, 33.2115122], [35.6066206, 33.2115106], [35.6066301, 33.2117198], [35.6065203, 33.2117233], [35.6065181, 33.211674], [35.6064297, 33.2116768], [35.6064276, 33.2116312]]]}}, {"type": "Feature", "properties": {"height": 3.0, "num_floors": null, "subtype": null, "class": null, "roof_height": null, "height_source": "floored"}, "geometry": {"type": "Polygon", "coordinates": [[[35.6065605, 33.2118759], [35.6064961, 33.2118747], [35.6064978, 33.2118105], [35.6065622, 33.2118117], [35.6065605, 33.2118759]]]}}, {"type": "Feature", "properties": {"height": 3.0, "num_floors": null, "subtype": null, "class": null, "roof_height": null, "height_source": "floored"}, "geometry": {"type": "Polygon", "coordinates": [[[35.6065409, 33.2108602], [35.6065383, 33.2107803], [35.606599, 33.2107789], [35.6065967, 33.2107072], [35.6066771, 33.2107053], [35.606682, 33.210857], [35.6065409, 33.2108602]]]}}, {"type": "Feature", "properties": {"height": 3.0, "num_floors": null, "subtype": null, "class": null, "roof_height": null, "height_source": "floored"}, "geometry": {"type": "Polygon", "coordinates": [[[35.6064594, 33.210646], [35.6065193, 33.2106476], [35.6065174, 33.2106977], [35.6064575, 33.2106961], [35.6064594, 33.210646]]]}}, {"type": "Feature", "properties": {"height": 3.0, "num_floors": null, "subtype": null, "class": null, "roof_height": null, "height_source": "floored"}, "geometry": {"type": "Polygon", "coordinates": [[[35.6065148, 33.2113303], [35.6062895, 33.2113278], [35.6062933, 33.2110922], [35.6063523, 33.2110928], [35.6063527, 33.2110704], [35.6065189, 33.2110723], [35.6065148, 33.2113303]]]}}, {"type": "Feature", "properties": {"height": 3.0, "num_floors": null, "subtype": null, "class": null, "roof_height": null, "height_source": "floored"}, "geometry": {"type": "Polygon", "coordinates": [[[35.6064263, 33.2109548], [35.6064249, 33.21101], [35.6063015, 33.2110079], [35.6063029, 33.2109526], [35.6064263, 33.2109548]]]}}, {"type": "Feature", "properties": {"height": 3.0, "num_floors": null, "subtype": null, "class": null, "roof_height": null, "height_source": "floored"}, "geometry": {"type": "Polygon", "coordinates": [[[35.6061739, 33.2113273], [35.6061721, 33.2112578], [35.6062552, 33.2112562], [35.606257, 33.2113258], [35.6061739, 33.2113273]]]}}, {"type": "Feature", "properties": {"height": 3.0, "num_floors": null, "subtype": null, "class": null, "roof_height": null, "height_source": "floored"}, "geometry": {"type": "Polygon", "coordinates": [[[35.6063549, 33.2116257], [35.6062936, 33.2116217], [35.6062973, 33.2115824], [35.6063586, 33.2115864], [35.6063549, 33.2116257]]]}}, {"type": "Feature", "properties": {"height": 3.0, "num_floors": null, "subtype": null, "class": null, "roof_height": null, "height_source": "floored"}, "geometry": {"type": "Polygon", "coordinates": [[[35.6062679, 33.2123436], [35.6062627, 33.2123014], [35.6062988, 33.2122982], [35.606304, 33.2123404], [35.6062679, 33.2123436]]]}}, {"type": "Feature", "properties": {"height": 3.0, "num_floors": null, "subtype": null, "class": null, "roof_height": null, "height_source": "floored"}, "geometry": {"type": "Polygon", "coordinates": [[[35.6059646, 33.2121983], [35.6059626, 33.2121378], [35.6062602, 33.2121311], [35.6062672, 33.2123532], [35.6060405, 33.2123582], [35.6060353, 33.2121968], [35.6059646, 33.2121983]]]}}, {"type": "Feature", "properties": {"height": 3.0, "num_floors": null, "subtype": null, "class": null, "roof_height": null, "height_source": "floored"}, "geometry": {"type": "Polygon", "coordinates": [[[35.605791, 33.2122145], [35.6057885, 33.212305], [35.6057081, 33.2123035], [35.6057106, 33.2122129], [35.605791, 33.2122145]]]}}, {"type": "Feature", "properties": {"height": 3.0, "num_floors": null, "subtype": null, "class": null, "roof_height": null, "height_source": "floored"}, "geometry": {"type": "Polygon", "coordinates": [[[35.606044, 33.2112587], [35.6061254, 33.2112602], [35.6061235, 33.2113297], [35.6060421, 33.2113282], [35.606044, 33.2112587]]]}}, {"type": "Feature", "properties": {"height": 3.0, "num_floors": null, "subtype": null, "class": null, "roof_height": null, "height_source": "floored"}, "geometry": {"type": "Polygon", "coordinates": [[[35.6058471, 33.2100452], [35.605956, 33.2100362], [35.6059644, 33.2101073], [35.6059016, 33.2101125], [35.6058988, 33.210088], [35.6058526, 33.2100918], [35.6058471, 33.2100452]]]}}, {"type": "Feature", "properties": {"height": 3.0, "num_floors": null, "subtype": null, "class": null, "roof_height": null, "height_source": "floored"}, "geometry": {"type": "Polygon", "coordinates": [[[35.605857, 33.2099045], [35.6058616, 33.2098014], [35.6059473, 33.2098041], [35.6059427, 33.2099072], [35.605857, 33.2099045]]]}}, {"type": "Feature", "properties": {"height": 3.4, "num_floors": null, "subtype": null, "class": null, "roof_height": null, "height_source": "ndsm"}, "geometry": {"type": "Polygon", "coordinates": [[[35.6061158, 33.2093108], [35.6061607, 33.2094163], [35.606075, 33.2094418], [35.6060301, 33.2093363], [35.6061158, 33.2093108]]]}}, {"type": "Feature", "properties": {"height": 3.0, "num_floors": null, "subtype": null, "class": null, "roof_height": null, "height_source": "floored"}, "geometry": {"type": "Polygon", "coordinates": [[[35.6058832, 33.2096099], [35.6060483, 33.2096062], [35.6060508, 33.2096833], [35.6058857, 33.209687], [35.6058832, 33.2096099]]]}}, {"type": "Feature", "properties": {"height": 3.4, "num_floors": null, "subtype": null, "class": null, "roof_height": null, "height_source": "ndsm"}, "geometry": {"type": "Polygon", "coordinates": [[[35.6057774, 33.2093736], [35.6056707, 33.2093507], [35.6057113, 33.2092181], [35.6058181, 33.209241], [35.6057774, 33.2093736]]]}}, {"type": "Feature", "properties": {"height": 3.0, "num_floors": null, "subtype": null, "class": null, "roof_height": null, "height_source": "floored"}, "geometry": {"type": "Polygon", "coordinates": [[[35.6057975, 33.2097964], [35.6058538, 33.2097976], [35.6058521, 33.2098537], [35.6057958, 33.2098525], [35.6057975, 33.2097964]]]}}, {"type": "Feature", "properties": {"height": 3.4, "num_floors": null, "subtype": null, "class": null, "roof_height": null, "height_source": "ndsm"}, "geometry": {"type": "Polygon", "coordinates": [[[35.6055634, 33.2091705], [35.6056485, 33.2092208], [35.6055689, 33.2093152], [35.6054802, 33.2092627], [35.6055295, 33.2092043], [35.6054293, 33.2091451], [35.605519, 33.2090388], [35.6056228, 33.2091002], [35.6055634, 33.2091705]]]}}, {"type": "Feature", "properties": {"height": 3.0, "num_floors": null, "subtype": null, "class": null, "roof_height": null, "height_source": "floored"}, "geometry": {"type": "Polygon", "coordinates": [[[35.6050613, 33.2101186], [35.6050592, 33.2100334], [35.6052828, 33.2100295], [35.6052849, 33.2101148], [35.6050613, 33.2101186]]]}}, {"type": "Feature", "properties": {"height": 3.0, "num_floors": null, "subtype": null, "class": null, "roof_height": null, "height_source": "floored"}, "geometry": {"type": "Polygon", "coordinates": [[[35.6058256, 33.2125019], [35.6057635, 33.2124921], [35.6057741, 33.2124453], [35.6058362, 33.2124551], [35.6058256, 33.2125019]]]}}, {"type": "Feature", "properties": {"height": 3.0, "num_floors": null, "subtype": null, "class": null, "roof_height": null, "height_source": "floored"}, "geometry": {"type": "Polygon", "coordinates": [[[35.6060681, 33.213398], [35.606186, 33.2133958], [35.6061875, 33.2134496], [35.6060695, 33.2134518], [35.6060681, 33.213398]]]}}, {"type": "Feature", "properties": {"height": 3.0, "num_floors": null, "subtype": null, "class": null, "roof_height": null, "height_source": "floored"}, "geometry": {"type": "Polygon", "coordinates": [[[35.6049757, 33.2138526], [35.6049747, 33.2136515], [35.6061242, 33.2136476], [35.6061237, 33.2135368], [35.6062965, 33.2135362], [35.6062968, 33.2136058], [35.6063627, 33.2136055], [35.6063629, 33.2136468], [35.6064434, 33.2136465], [35.6064439, 33.2137564], [35.6061313, 33.2137575], [35.6061325, 33.214008], [35.605788, 33.2140092], [35.6057872, 33.2138498], [35.6049757, 33.2138526]]]}}, {"type": "Feature", "properties": {"height": 3.0, "num_floors": null, "subtype": null, "class": null, "roof_height": null, "height_source": "floored"}, "geometry": {"type": "Polygon", "coordinates": [[[35.6059852, 33.2142091], [35.6059832, 33.2141216], [35.6061536, 33.2141189], [35.6061556, 33.2142064], [35.6059852, 33.2142091]]]}}, {"type": "Feature", "properties": {"height": 3.0, "num_floors": null, "subtype": null, "class": null, "roof_height": null, "height_source": "floored"}, "geometry": {"type": "Polygon", "coordinates": [[[35.6060541, 33.2144466], [35.6060351, 33.2143436], [35.6060927, 33.2143361], [35.6060878, 33.2143098], [35.6061455, 33.2143024], [35.6061694, 33.2144317], [35.6060541, 33.2144466]]]}}, {"type": "Feature", "properties": {"height": 3.5, "num_floors": null, "subtype": null, "class": null, "roof_height": null, "height_source": "ndsm"}, "geometry": {"type": "Polygon", "coordinates": [[[35.6058345, 33.2151678], [35.6058326, 33.2150601], [35.6059479, 33.2150586], [35.6059475, 33.2150407], [35.6060602, 33.2150392], [35.606062, 33.2151379], [35.6059359, 33.2151396], [35.6059364, 33.2151665], [35.6058345, 33.2151678]]]}}, {"type": "Feature", "properties": {"height": 3.5, "num_floors": null, "subtype": null, "class": null, "roof_height": null, "height_source": "ndsm"}, "geometry": {"type": "Polygon", "coordinates": [[[35.6059444, 33.21573], [35.6059003, 33.2155593], [35.6059913, 33.2155428], [35.6059968, 33.2155643], [35.6060737, 33.2155504], [35.6061012, 33.2156568], [35.6060127, 33.2156728], [35.6060238, 33.2157157], [35.6059444, 33.21573]]]}}, {"type": "Feature", "properties": {"height": 3.5, "num_floors": null, "subtype": null, "class": null, "roof_height": null, "height_source": "ndsm"}, "geometry": {"type": "Polygon", "coordinates": [[[35.6058702, 33.2156299], [35.6058655, 33.2155876], [35.6059054, 33.2155845], [35.6059101, 33.2156268], [35.6058702, 33.2156299]]]}}, {"type": "Feature", "properties": {"height": 3.2, "num_floors": null, "subtype": null, "class": null, "roof_height": null, "height_source": "ndsm"}, "geometry": {"type": "Polygon", "coordinates": [[[35.6053941, 33.2154882], [35.6055106, 33.2154921], [35.6055063, 33.2155804], [35.6053657, 33.2155756], [35.6053676, 33.2155375], [35.605318, 33.2155358], [35.6053222, 33.2154498], [35.6053958, 33.2154523], [35.6053941, 33.2154882]]]}}, {"type": "Feature", "properties": {"height": 3.2, "num_floors": null, "subtype": null, "class": null, "roof_height": null, "height_source": "ndsm"}, "geometry": {"type": "Polygon", "coordinates": [[[35.6054668, 33.2150712], [35.6054723, 33.2151427], [35.6054135, 33.2151458], [35.6054148, 33.2151624], [35.6053534, 33.2151657], [35.6053466, 33.2150776], [35.6054668, 33.2150712]]]}}, {"type": "Feature", "properties": {"height": 3.5, "num_floors": null, "subtype": null, "class": null, "roof_height": null, "height_source": "ndsm"}, "geometry": {"type": "Polygon", "coordinates": [[[35.6055983, 33.2149338], [35.6056018, 33.215058], [35.6055321, 33.2150594], [35.6055286, 33.2149352], [35.6055983, 33.2149338]]]}}, {"type": "Feature", "properties": {"height": 3.5, "num_floors": null, "subtype": null, "class": null, "roof_height": null, "height_source": "ndsm"}, "geometry": {"type": "Polygon", "coordinates": [[[35.6057601, 33.2150627], [35.6057572, 33.2151493], [35.6057023, 33.215148], [35.6057007, 33.2151974], [35.6055372, 33.2151936], [35.6055417, 33.2150577], [35.6057601, 33.2150627]]]}}, {"type": "Feature", "properties": {"height": 3.0, "num_floors": null, "subtype": null, "class": null, "roof_height": null, "height_source": "floored"}, "geometry": {"type": "Polygon", "coordinates": [[[35.6053281, 33.2140636], [35.6053259, 33.2139568], [35.605609, 33.2139527], [35.6056111, 33.2140596], [35.6053281, 33.2140636]]]}}, {"type": "Feature", "properties": {"height": 3.2, "num_floors": null, "subtype": null, "class": null, "roof_height": null, "height_source": "ndsm"}, "geometry": {"type": "Polygon", "coordinates": [[[35.6054343, 33.2150198], [35.6054331, 33.2150647], [35.6053218, 33.2150626], [35.605323, 33.2150177], [35.6054343, 33.2150198]]]}}, {"type": "Feature", "properties": {"height": 3.2, "num_floors": null, "subtype": null, "class": null, "roof_height": null, "height_source": "ndsm"}, "geometry": {"type": "Polygon", "coordinates": [[[35.605327, 33.2150572], [35.6053284, 33.2151949], [35.6052586, 33.2151954], [35.6052572, 33.2150576], [35.605327, 33.2150572]]]}}, {"type": "Feature", "properties": {"height": 3.2, "num_floors": null, "subtype": null, "class": null, "roof_height": null, "height_source": "ndsm"}, "geometry": {"type": "Polygon", "coordinates": [[[35.6054217, 33.2158352], [35.6052248, 33.2158303], [35.6052283, 33.2157325], [35.6054252, 33.2157374], [35.6054217, 33.2158352]]]}}, {"type": "Feature", "properties": {"height": 3.5, "num_floors": null, "subtype": null, "class": null, "roof_height": null, "height_source": "ndsm"}, "geometry": {"type": "Polygon", "coordinates": [[[35.6054993, 33.2156888], [35.6056288, 33.2156608], [35.6056578, 33.2157546], [35.6055284, 33.2157826], [35.6054993, 33.2156888]]]}}, {"type": "Feature", "properties": {"height": 3.0, "num_floors": null, "subtype": null, "class": null, "roof_height": null, "height_source": "floored"}, "geometry": {"type": "Polygon", "coordinates": [[[35.6055142, 33.2162863], [35.6054469, 33.2161568], [35.6055461, 33.2161207], [35.6056134, 33.2162501], [35.6055142, 33.2162863]]]}}, {"type": "Feature", "properties": {"height": 3.0, "num_floors": null, "subtype": null, "class": null, "roof_height": null, "height_source": "floored"}, "geometry": {"type": "Polygon", "coordinates": [[[35.6057661, 33.2159273], [35.6058266, 33.2159003], [35.6058801, 33.2159841], [35.6058196, 33.2160111], [35.6057661, 33.2159273]]]}}, {"type": "Feature", "properties": {"height": 3.0, "num_floors": null, "subtype": null, "class": null, "roof_height": null, "height_source": "floored"}, "geometry": {"type": "Polygon", "coordinates": [[[35.606441, 33.2158316], [35.6064974, 33.2158064], [35.6065211, 33.2158437], [35.6064648, 33.2158689], [35.606441, 33.2158316]]]}}, {"type": "Feature", "properties": {"height": 3.0, "num_floors": null, "subtype": null, "class": null, "roof_height": null, "height_source": "floored"}, "geometry": {"type": "Polygon", "coordinates": [[[35.6065279, 33.2161378], [35.6064684, 33.2160053], [35.6065389, 33.2159832], [35.6065566, 33.2160225], [35.6065942, 33.2160107], [35.606573, 33.2159635], [35.6066529, 33.2159383], [35.6066776, 33.2159934], [35.6067164, 33.2159812], [35.6067421, 33.2160382], [35.6066962, 33.2160526], [35.6066856, 33.216029], [35.6066363, 33.2160446], [35.6066595, 33.2160964], [35.6065279, 33.2161378]]]}}, {"type": "Feature", "properties": {"height": 3.0, "num_floors": null, "subtype": null, "class": null, "roof_height": null, "height_source": "floored"}, "geometry": {"type": "Polygon", "coordinates": [[[35.6069054, 33.2158439], [35.6069721, 33.2159722], [35.6068876, 33.216003], [35.6068209, 33.2158747], [35.6069054, 33.2158439]]]}}, {"type": "Feature", "properties": {"height": 3.0, "num_floors": null, "subtype": null, "class": null, "roof_height": null, "height_source": "floored"}, "geometry": {"type": "Polygon", "coordinates": [[[35.6069922, 33.2161272], [35.6070656, 33.2160982], [35.6070956, 33.2161514], [35.6070222, 33.2161805], [35.6069922, 33.2161272]]]}}, {"type": "Feature", "properties": {"height": 3.0, "num_floors": null, "subtype": null, "class": null, "roof_height": null, "height_source": "floored"}, "geometry": {"type": "Polygon", "coordinates": [[[35.6071032, 33.2163255], [35.6071581, 33.2164108], [35.6071061, 33.2164342], [35.6070512, 33.216349], [35.6071032, 33.2163255]]]}}, {"type": "Feature", "properties": {"height": 3.0, "num_floors": null, "subtype": null, "class": null, "roof_height": null, "height_source": "floored"}, "geometry": {"type": "Polygon", "coordinates": [[[35.6070094, 33.2155097], [35.6071196, 33.2154365], [35.6071815, 33.2155017], [35.6070713, 33.2155749], [35.6070094, 33.2155097]]]}}, {"type": "Feature", "properties": {"height": 3.0, "num_floors": null, "subtype": null, "class": null, "roof_height": null, "height_source": "floored"}, "geometry": {"type": "Polygon", "coordinates": [[[35.6067039, 33.2144135], [35.6067291, 33.2143698], [35.6068118, 33.2144031], [35.6067866, 33.2144468], [35.6067039, 33.2144135]]]}}, {"type": "Feature", "properties": {"height": 3.0, "num_floors": null, "subtype": null, "class": null, "roof_height": null, "height_source": "floored"}, "geometry": {"type": "Polygon", "coordinates": [[[35.6066585, 33.2141803], [35.6066542, 33.2141019], [35.6067036, 33.2141], [35.6067079, 33.2141783], [35.6066585, 33.2141803]]]}}, {"type": "Feature", "properties": {"height": 3.0, "num_floors": null, "subtype": null, "class": null, "roof_height": null, "height_source": "floored"}, "geometry": {"type": "Polygon", "coordinates": [[[35.6068895, 33.2149501], [35.6067168, 33.2149454], [35.6067196, 33.2148736], [35.6068375, 33.2148769], [35.6068366, 33.2148985], [35.6068915, 33.2149], [35.6068895, 33.2149501]]]}}, {"type": "Feature", "properties": {"height": 3.5, "num_floors": null, "subtype": null, "class": null, "roof_height": null, "height_source": "ndsm"}, "geometry": {"type": "Polygon", "coordinates": [[[35.606369, 33.2149887], [35.6064616, 33.2149901], [35.6064592, 33.2150955], [35.6063666, 33.2150941], [35.606369, 33.2149887]]]}}, {"type": "Feature", "properties": {"height": 3.5, "num_floors": null, "subtype": null, "class": null, "roof_height": null, "height_source": "ndsm"}, "geometry": {"type": "Polygon", "coordinates": [[[35.6065031, 33.2155637], [35.606302, 33.2155623], [35.6063029, 33.2154658], [35.6064638, 33.2154669], [35.6064643, 33.2154198], [35.6065313, 33.2154202], [35.6065306, 33.2154988], [35.6065037, 33.2154986], [35.6065031, 33.2155637]]]}}, {"type": "Feature", "properties": {"height": 3.5, "num_floors": null, "subtype": null, "class": null, "roof_height": null, "height_source": "ndsm"}, "geometry": {"type": "Polygon", "coordinates": [[[35.6062945, 33.2150608], [35.6063148, 33.215158], [35.6062003, 33.2151747], [35.60618, 33.2150775], [35.6062945, 33.2150608]]]}}, {"type": "Feature", "properties": {"height": 3.0, "num_floors": null, "subtype": null, "class": null, "roof_height": null, "height_source": "floored"}, "geometry": {"type": "Polygon", "coordinates": [[[35.6063434, 33.214228], [35.6064452, 33.2142258], [35.6064453, 33.2142303], [35.6065124, 33.2142289], [35.6065146, 33.2143029], [35.6063458, 33.2143065], [35.6063434, 33.214228]]]}}, {"type": "Feature", "properties": {"height": 3.3, "num_floors": null, "subtype": null, "class": null, "roof_height": null, "height_source": "ndsm"}, "geometry": {"type": "Polygon", "coordinates": [[[35.6065384, 33.2147073], [35.6065867, 33.2147066], [35.6065873, 33.2147335], [35.6066382, 33.2147328], [35.6066414, 33.2148845], [35.606522, 33.2148862], [35.6065192, 33.2147524], [35.6065394, 33.2147522], [35.6065384, 33.2147073]]]}}, {"type": "Feature", "properties": {"height": 3.0, "num_floors": null, "subtype": null, "class": null, "roof_height": null, "height_source": "floored"}, "geometry": {"type": "Polygon", "coordinates": [[[35.6064569, 33.2141148], [35.6064545, 33.2140071], [35.6066047, 33.2140048], [35.6066059, 33.2140586], [35.6065576, 33.2140594], [35.6065588, 33.2141132], [35.6064569, 33.2141148]]]}}, {"type": "Feature", "properties": {"height": 3.0, "num_floors": null, "subtype": null, "class": null, "roof_height": null, "height_source": "floored"}, "geometry": {"type": "Polygon", "coordinates": [[[35.6065646, 33.2142018], [35.6065626, 33.2140619], [35.6066484, 33.2140611], [35.6066504, 33.214201], [35.6065646, 33.2142018]]]}}, {"type": "Feature", "properties": {"height": 3.0, "num_floors": null, "subtype": null, "class": null, "roof_height": null, "height_source": "floored"}, "geometry": {"type": "Polygon", "coordinates": [[[35.6066902, 33.2136782], [35.6064971, 33.2136771], [35.6064981, 33.213547], [35.6066858, 33.213548], [35.6066855, 33.2135929], [35.6066908, 33.2135929], [35.6066902, 33.2136782]]]}}, {"type": "Feature", "properties": {"height": 3.0, "num_floors": null, "subtype": null, "class": null, "roof_height": null, "height_source": "floored"}, "geometry": {"type": "Polygon", "coordinates": [[[35.6065364, 33.2133285], [35.6065381, 33.2132522], [35.6066158, 33.2132534], [35.6066141, 33.2133297], [35.6065364, 33.2133285]]]}}, {"type": "Feature", "properties": {"height": 3.0, "num_floors": null, "subtype": null, "class": null, "roof_height": null, "height_source": "floored"}, "geometry": {"type": "Polygon", "coordinates": [[[35.6064006, 33.2133435], [35.6064805, 33.2132735], [35.6065695, 33.2133446], [35.6064896, 33.2134146], [35.6064006, 33.2133435]]]}}, {"type": "Feature", "properties": {"height": 3.0, "num_floors": null, "subtype": null, "class": null, "roof_height": null, "height_source": "floored"}, "geometry": {"type": "Polygon", "coordinates": [[[35.6062977, 33.2139428], [35.6062971, 33.2139989], [35.6061362, 33.2139976], [35.606137, 33.2139227], [35.6062792, 33.2139239], [35.6062804, 33.2138103], [35.6064429, 33.2138115], [35.6064414, 33.2139439], [35.6062977, 33.2139428]]]}}, {"type": "Feature", "properties": {"height": 3.0, "num_floors": null, "subtype": null, "class": null, "roof_height": null, "height_source": "floored"}, "geometry": {"type": "Polygon", "coordinates": [[[35.606375, 33.2130463], [35.6063706, 33.2131157], [35.6063091, 33.2131129], [35.6063135, 33.2130436], [35.606375, 33.2130463]]]}}, {"type": "Feature", "properties": {"height": 3.0, "num_floors": null, "subtype": null, "class": null, "roof_height": null, "height_source": "floored"}, "geometry": {"type": "Polygon", "coordinates": [[[35.6061838, 33.2130622], [35.6061833, 33.2130338], [35.6062369, 33.2130332], [35.606239, 33.2131521], [35.6061479, 33.2131532], [35.6061463, 33.2130626], [35.6061838, 33.2130622]]]}}, {"type": "Feature", "properties": {"height": 3.0, "num_floors": null, "subtype": null, "class": null, "roof_height": null, "height_source": "floored"}, "geometry": {"type": "Polygon", "coordinates": [[[35.6063184, 33.2125916], [35.6064281, 33.2125871], [35.6064312, 33.2126408], [35.6063215, 33.2126453], [35.6063184, 33.2125916]]]}}, {"type": "Feature", "properties": {"height": 3.0, "num_floors": null, "subtype": null, "class": null, "roof_height": null, "height_source": "floored"}, "geometry": {"type": "Polygon", "coordinates": [[[35.6065518, 33.2123273], [35.6065562, 33.2124439], [35.606434, 33.2124471], [35.6064296, 33.2123305], [35.6065518, 33.2123273]]]}}, {"type": "Feature", "properties": {"height": 3.0, "num_floors": null, "subtype": null, "class": null, "roof_height": null, "height_source": "floored"}, "geometry": {"type": "Polygon", "coordinates": [[[35.6064937, 33.2130374], [35.6064937, 33.21308], [35.6064454, 33.21308], [35.6064454, 33.2130374], [35.6064937, 33.2130374]]]}}, {"type": "Feature", "properties": {"height": 3.0, "num_floors": null, "subtype": null, "class": null, "roof_height": null, "height_source": "floored"}, "geometry": {"type": "Polygon", "coordinates": [[[35.6066924, 33.2128046], [35.6066758, 33.2127937], [35.6066107, 33.212863], [35.6064417, 33.2127518], [35.6065525, 33.212634], [35.6066817, 33.212719], [35.6067056, 33.2126936], [35.6067619, 33.2127306], [35.6066924, 33.2128046]]]}}, {"type": "Feature", "properties": {"height": 3.0, "num_floors": null, "subtype": null, "class": null, "roof_height": null, "height_source": "floored"}, "geometry": {"type": "Polygon", "coordinates": [[[35.606757, 33.2136964], [35.6068155, 33.2136455], [35.6068893, 33.213705], [35.6068308, 33.2137558], [35.606757, 33.2136964]]]}}, {"type": "Feature", "properties": {"height": 3.0, "num_floors": null, "subtype": null, "class": null, "roof_height": null, "height_source": "floored"}, "geometry": {"type": "Polygon", "coordinates": [[[35.6067342, 33.2138185], [35.6067637, 33.2138275], [35.6067775, 33.2137958], [35.6068296, 33.2138116], [35.6067799, 33.2139259], [35.6066983, 33.213901], [35.6067342, 33.2138185]]]}}, {"type": "Feature", "properties": {"height": 3.0, "num_floors": null, "subtype": null, "class": null, "roof_height": null, "height_source": "floored"}, "geometry": {"type": "Polygon", "coordinates": [[[35.6071765, 33.2129495], [35.6071783, 33.21301], [35.6070898, 33.2130118], [35.6070881, 33.2129513], [35.6071765, 33.2129495]]]}}, {"type": "Feature", "properties": {"height": 3.0, "num_floors": null, "subtype": null, "class": null, "roof_height": null, "height_source": "floored"}, "geometry": {"type": "Polygon", "coordinates": [[[35.6071795, 33.2125819], [35.607547, 33.2125828], [35.6075467, 33.2126793], [35.6074061, 33.2126789], [35.6074059, 33.2127336], [35.6072917, 33.2127334], [35.6072919, 33.2126742], [35.6071792, 33.2126739], [35.6071795, 33.2125819]]]}}, {"type": "Feature", "properties": {"height": 3.0, "num_floors": null, "subtype": null, "class": null, "roof_height": null, "height_source": "floored"}, "geometry": {"type": "Polygon", "coordinates": [[[35.6072202, 33.2127783], [35.6072192, 33.212803], [35.6072889, 33.2128049], [35.6072851, 33.2129035], [35.6072181, 33.2129017], [35.6072189, 33.2128815], [35.6071503, 33.2128796], [35.6071543, 33.2127765], [35.6072202, 33.2127783]]]}}, {"type": "Feature", "properties": {"height": 3.0, "num_floors": null, "subtype": null, "class": null, "roof_height": null, "height_source": "floored"}, "geometry": {"type": "Polygon", "coordinates": [[[35.6072732, 33.2134753], [35.607224, 33.2134545], [35.607211, 33.213476], [35.6071447, 33.213448], [35.6071954, 33.2133639], [35.6073109, 33.2134126], [35.6072732, 33.2134753]]]}}, {"type": "Feature", "properties": {"height": 3.0, "num_floors": null, "subtype": null, "class": null, "roof_height": null, "height_source": "floored"}, "geometry": {"type": "Polygon", "coordinates": [[[35.6072834, 33.2135689], [35.6072815, 33.2136901], [35.6071662, 33.2136888], [35.6071681, 33.2135676], [35.6072834, 33.2135689]]]}}, {"type": "Feature", "properties": {"height": 3.0, "num_floors": null, "subtype": null, "class": null, "roof_height": null, "height_source": "floored"}, "geometry": {"type": "Polygon", "coordinates": [[[35.6073484, 33.2138222], [35.6073763, 33.2138231], [35.6073717, 33.2139226], [35.6072217, 33.2139177], [35.6072297, 33.2137466], [35.6073517, 33.2137505], [35.6073484, 33.2138222]]]}}, {"type": "Feature", "properties": {"height": 3.6, "num_floors": null, "subtype": null, "class": null, "roof_height": null, "height_source": "ndsm"}, "geometry": {"type": "Polygon", "coordinates": [[[35.6075185, 33.2132717], [35.6075211, 33.2134077], [35.6074207, 33.213409], [35.6074182, 33.213273], [35.6075185, 33.2132717]]]}}, {"type": "Feature", "properties": {"height": 3.6, "num_floors": null, "subtype": null, "class": null, "roof_height": null, "height_source": "ndsm"}, "geometry": {"type": "Polygon", "coordinates": [[[35.6075605, 33.213726], [35.6074492, 33.2137295], [35.6074347, 33.2134136], [35.6075461, 33.21341], [35.6075605, 33.213726]]]}}, {"type": "Feature", "properties": {"height": 3.0, "num_floors": null, "subtype": null, "class": null, "roof_height": null, "height_source": "floored"}, "geometry": {"type": "Polygon", "coordinates": [[[35.6074465, 33.2136108], [35.6074465, 33.2137073], [35.6073982, 33.2137072], [35.6073983, 33.2136107], [35.6074465, 33.2136108]]]}}, {"type": "Feature", "properties": {"height": 3.0, "num_floors": null, "subtype": null, "class": null, "roof_height": null, "height_source": "floored"}, "geometry": {"type": "Polygon", "coordinates": [[[35.6075514, 33.212718], [35.607548, 33.2128369], [35.6074718, 33.2128353], [35.6074752, 33.2127165], [35.6075514, 33.212718]]]}}, {"type": "Feature", "properties": {"height": 3.0, "num_floors": null, "subtype": null, "class": null, "roof_height": null, "height_source": "floored"}, "geometry": {"type": "Polygon", "coordinates": [[[35.6075737, 33.2126288], [35.607741, 33.2126245], [35.6077432, 33.212685], [35.607576, 33.2126893], [35.6075737, 33.2126288]]]}}, {"type": "Feature", "properties": {"height": 3.6, "num_floors": null, "subtype": null, "class": null, "roof_height": null, "height_source": "ndsm"}, "geometry": {"type": "Polygon", "coordinates": [[[35.607424, 33.2129067], [35.6079839, 33.2128519], [35.6080261, 33.2131544], [35.6078806, 33.2131686], [35.6078844, 33.213196], [35.6077257, 33.2132115], [35.6077226, 33.2131894], [35.6075146, 33.2132097], [35.607509, 33.213169], [35.607447, 33.2131751], [35.6074437, 33.2131516], [35.6074025, 33.2131556], [35.6073863, 33.2130397], [35.6074418, 33.2130342], [35.607424, 33.2129067]]]}}, {"type": "Feature", "properties": {"height": 3.0, "num_floors": null, "subtype": null, "class": null, "roof_height": null, "height_source": "floored"}, "geometry": {"type": "Polygon", "coordinates": [[[35.6078166, 33.2127889], [35.6077981, 33.2126184], [35.6079711, 33.2126052], [35.6079896, 33.2127758], [35.6078166, 33.2127889]]]}}, {"type": "Feature", "properties": {"height": 3.6, "num_floors": null, "subtype": null, "class": null, "roof_height": null, "height_source": "ndsm"}, "geometry": {"type": "Polygon", "coordinates": [[[35.6086413, 33.2131829], [35.6086903, 33.2136922], [35.6077283, 33.213757], [35.607725, 33.2137227], [35.6075838, 33.2137322], [35.6075649, 33.213536], [35.6075435, 33.2135374], [35.6075135, 33.2132253], [35.6081211, 33.2131843], [35.6081258, 33.2132334], [35.6080325, 33.2132397], [35.6080362, 33.2132776], [35.6081081, 33.2132727], [35.6081247, 33.2134444], [35.6081662, 33.2134416], [35.6081705, 33.2134862], [35.6083128, 33.2134766], [35.608311, 33.2134574], [35.6085668, 33.2134402], [35.6085427, 33.2131896], [35.6086413, 33.2131829]]]}}, {"type": "Feature", "properties": {"height": 3.0, "num_floors": null, "subtype": null, "class": null, "roof_height": null, "height_source": "floored"}, "geometry": {"type": "Polygon", "coordinates": [[[35.6077258, 33.2156009], [35.6076749, 33.2155152], [35.60779, 33.2154674], [35.6077772, 33.2154458], [35.6078558, 33.2154132], [35.6078938, 33.2154773], [35.6079422, 33.2154572], [35.6079807, 33.215522], [35.6078656, 33.2155698], [35.6078485, 33.215541], [35.6078173, 33.2155539], [35.607876, 33.215653], [35.6077598, 33.2157012], [35.6077053, 33.2156094], [35.6077258, 33.2156009]]]}}, {"type": "Feature", "properties": {"height": 3.0, "num_floors": null, "subtype": null, "class": null, "roof_height": null, "height_source": "floored"}, "geometry": {"type": "Polygon", "coordinates": [[[35.6078555, 33.2152058], [35.607878, 33.2152723], [35.6077811, 33.2152952], [35.6077586, 33.2152287], [35.6078555, 33.2152058]]]}}, {"type": "Feature", "properties": {"height": 3.0, "num_floors": null, "subtype": null, "class": null, "roof_height": null, "height_source": "floored"}, "geometry": {"type": "Polygon", "coordinates": [[[35.6075641, 33.2152271], [35.6076823, 33.2152633], [35.6076408, 33.2153583], [35.6075497, 33.2153304], [35.607571, 33.2152817], [35.6075438, 33.2152734], [35.6075641, 33.2152271]]]}}, {"type": "Feature", "properties": {"height": 3.0, "num_floors": null, "subtype": null, "class": null, "roof_height": null, "height_source": "floored"}, "geometry": {"type": "Polygon", "coordinates": [[[35.6075761, 33.214009], [35.60767, 33.214008], [35.607672, 33.2141404], [35.6075782, 33.2141414], [35.6075761, 33.214009]]]}}, {"type": "Feature", "properties": {"height": 3.0, "num_floors": null, "subtype": null, "class": null, "roof_height": null, "height_source": "floored"}, "geometry": {"type": "Polygon", "coordinates": [[[35.6073206, 33.2142164], [35.6075902, 33.2142131], [35.6075931, 33.2143814], [35.6072806, 33.2143852], [35.6072795, 33.2143223], [35.6073224, 33.2143218], [35.6073206, 33.2142164]]]}}, {"type": "Feature", "properties": {"height": 3.0, "num_floors": null, "subtype": null, "class": null, "roof_height": null, "height_source": "floored"}, "geometry": {"type": "Polygon", "coordinates": [[[35.6074347, 33.2149066], [35.6074131, 33.2148113], [35.6072474, 33.2148376], [35.6072297, 33.2147597], [35.6076244, 33.214697], [35.6076726, 33.2149093], [35.6075471, 33.2149292], [35.6075383, 33.2148902], [35.6074347, 33.2149066]]]}}, {"type": "Feature", "properties": {"height": 3.0, "num_floors": null, "subtype": null, "class": null, "roof_height": null, "height_source": "floored"}, "geometry": {"type": "Polygon", "coordinates": [[[35.6072487, 33.214317], [35.6072467, 33.2142848], [35.6073175, 33.2142818], [35.6073196, 33.2143162], [35.6072714, 33.2143182], [35.6072713, 33.214316], [35.6072487, 33.214317]]]}}, {"type": "Feature", "properties": {"height": 3.0, "num_floors": null, "subtype": null, "class": null, "roof_height": null, "height_source": "floored"}, "geometry": {"type": "Polygon", "coordinates": [[[35.6071943, 33.2142854], [35.6072438, 33.2142838], [35.6072474, 33.2143645], [35.6071979, 33.2143661], [35.6071943, 33.2142854]]]}}, {"type": "Feature", "properties": {"height": 3.0, "num_floors": null, "subtype": null, "class": null, "roof_height": null, "height_source": "floored"}, "geometry": {"type": "Polygon", "coordinates": [[[35.6071428, 33.2141417], [35.607293, 33.2141397], [35.6072945, 33.2142213], [35.6071443, 33.2142232], [35.6071428, 33.2141417]]]}}, {"type": "Feature", "properties": {"height": 3.0, "num_floors": null, "subtype": null, "class": null, "roof_height": null, "height_source": "floored"}, "geometry": {"type": "Polygon", "coordinates": [[[35.607209, 33.2147002], [35.6072647, 33.2146889], [35.6072825, 33.2147503], [35.6072268, 33.2147617], [35.607209, 33.2147002]]]}}, {"type": "Feature", "properties": {"height": 3.0, "num_floors": null, "subtype": null, "class": null, "roof_height": null, "height_source": "floored"}, "geometry": {"type": "Polygon", "coordinates": [[[35.6072453, 33.2150899], [35.6073199, 33.2150287], [35.6073043, 33.2150154], [35.6073707, 33.214961], [35.6074627, 33.2150396], [35.6073218, 33.2151551], [35.6072453, 33.2150899]]]}}, {"type": "Feature", "properties": {"height": 3.0, "num_floors": null, "subtype": null, "class": null, "roof_height": null, "height_source": "floored"}, "geometry": {"type": "Polygon", "coordinates": [[[35.6072062, 33.2158333], [35.6071594, 33.215751], [35.6072885, 33.2156996], [35.6073353, 33.215782], [35.6072062, 33.2158333]]]}}, {"type": "Feature", "properties": {"height": 3.0, "num_floors": null, "subtype": null, "class": null, "roof_height": null, "height_source": "floored"}, "geometry": {"type": "Polygon", "coordinates": [[[35.6072259, 33.2161088], [35.6071559, 33.2160419], [35.6072479, 33.2159746], [35.6073179, 33.2160415], [35.6072259, 33.2161088]]]}}, {"type": "Feature", "properties": {"height": 3.0, "num_floors": null, "subtype": null, "class": null, "roof_height": null, "height_source": "floored"}, "geometry": {"type": "Polygon", "coordinates": [[[35.6073344, 33.2163011], [35.6073131, 33.2162567], [35.6073765, 33.2162353], [35.6073979, 33.2162797], [35.6073344, 33.2163011]]]}}, {"type": "Feature", "properties": {"height": 3.0, "num_floors": null, "subtype": null, "class": null, "roof_height": null, "height_source": "floored"}, "geometry": {"type": "Polygon", "coordinates": [[[35.6072742, 33.2161223], [35.6074246, 33.2160655], [35.6074598, 33.2161307], [35.6073094, 33.2161876], [35.6072742, 33.2161223]]]}}, {"type": "Feature", "properties": {"height": 3.0, "num_floors": null, "subtype": null, "class": null, "roof_height": null, "height_source": "floored"}, "geometry": {"type": "Polygon", "coordinates": [[[35.6074259, 33.2159964], [35.6073139, 33.2159265], [35.6073666, 33.2158674], [35.6074114, 33.2158953], [35.6073985, 33.2159098], [35.6074468, 33.2159399], [35.6074648, 33.2159197], [35.6074838, 33.2159315], [35.6074259, 33.2159964]]]}}, {"type": "Feature", "properties": {"height": 3.0, "num_floors": null, "subtype": null, "class": null, "roof_height": null, "height_source": "floored"}, "geometry": {"type": "Polygon", "coordinates": [[[35.6075995, 33.2164434], [35.6075782, 33.2164044], [35.6076271, 33.2163857], [35.6076483, 33.2164247], [35.6075995, 33.2164434]]]}}, {"type": "Feature", "properties": {"height": 3.0, "num_floors": null, "subtype": null, "class": null, "roof_height": null, "height_source": "floored"}, "geometry": {"type": "Polygon", "coordinates": [[[35.6073468, 33.2163018], [35.6073997, 33.2162839], [35.6074222, 33.2163301], [35.6073692, 33.2163481], [35.6073468, 33.2163018]]]}}, {"type": "Feature", "properties": {"height": 3.0, "num_floors": null, "subtype": null, "class": null, "roof_height": null, "height_source": "floored"}, "geometry": {"type": "Polygon", "coordinates": [[[35.6080609, 33.2166199], [35.6077396, 33.2167218], [35.607809, 33.2168748], [35.6078887, 33.2168496], [35.6079773, 33.217045], [35.607812, 33.2170974], [35.6076488, 33.2167372], [35.6075912, 33.2167554], [35.6075047, 33.2165643], [35.6077275, 33.2164937], [35.6077074, 33.2164493], [35.6077777, 33.216427], [35.6078133, 33.2165055], [35.6079845, 33.2164512], [35.6080609, 33.2166199]]]}}, {"type": "Feature", "properties": {"height": 3.0, "num_floors": null, "subtype": null, "class": null, "roof_height": null, "height_source": "floored"}, "geometry": {"type": "Polygon", "coordinates": [[[35.6076417, 33.2164194], [35.6075807, 33.2162891], [35.6076853, 33.2162548], [35.6077464, 33.2163851], [35.6076417, 33.2164194]]]}}, {"type": "Feature", "properties": {"height": 3.0, "num_floors": null, "subtype": null, "class": null, "roof_height": null, "height_source": "floored"}, "geometry": {"type": "Polygon", "coordinates": [[[35.6080015, 33.2159215], [35.6080459, 33.2159885], [35.6079597, 33.2160284], [35.6079153, 33.2159615], [35.6080015, 33.2159215]]]}}, {"type": "Feature", "properties": {"height": 3.0, "num_floors": null, "subtype": null, "class": null, "roof_height": null, "height_source": "floored"}, "geometry": {"type": "Polygon", "coordinates": [[[35.6081701, 33.2159056], [35.6082686, 33.2160768], [35.6081903, 33.2161084], [35.6082165, 33.2161539], [35.6081664, 33.2161741], [35.6080416, 33.2159574], [35.6081701, 33.2159056]]]}}, {"type": "Feature", "properties": {"height": 3.0, "num_floors": null, "subtype": null, "class": null, "roof_height": null, "height_source": "floored"}, "geometry": {"type": "Polygon", "coordinates": [[[35.608307, 33.2171755], [35.608279, 33.2171289], [35.6083519, 33.2170983], [35.6083798, 33.217145], [35.608307, 33.2171755]]]}}, {"type": "Feature", "properties": {"height": 3.0, "num_floors": null, "subtype": null, "class": null, "roof_height": null, "height_source": "floored"}, "geometry": {"type": "Polygon", "coordinates": [[[35.6084397, 33.2157469], [35.608714, 33.2156274], [35.6089914, 33.2160729], [35.6088985, 33.2161133], [35.6089156, 33.2161408], [35.6089027, 33.2161869], [35.6088806, 33.2161965], [35.6088056, 33.2161817], [35.6087287, 33.2161666], [35.6087295, 33.2161636], [35.6086683, 33.2161903], [35.608676, 33.2161631], [35.6086465, 33.2161156], [35.608636, 33.2161527], [35.6086656, 33.2162001], [35.6086561, 33.2162338], [35.6085345, 33.2162868], [35.6082542, 33.2158367], [35.6083843, 33.21578], [35.608471, 33.2157971], [35.6084397, 33.2157469]]]}}, {"type": "Feature", "properties": {"height": 3.0, "num_floors": null, "subtype": null, "class": null, "roof_height": null, "height_source": "floored"}, "geometry": {"type": "Polygon", "coordinates": [[[35.6086983, 33.2152578], [35.6087109, 33.2153667], [35.6082764, 33.2154018], [35.608278, 33.215416], [35.6080362, 33.2154356], [35.6080312, 33.2153925], [35.6079807, 33.2153965], [35.6079591, 33.2152098], [35.6084149, 33.215173], [35.6084221, 33.2152352], [35.6083968, 33.2152373], [35.608402, 33.2152817], [35.6086983, 33.2152578]]]}}, {"type": "Feature", "properties": {"height": 3.0, "num_floors": null, "subtype": null, "class": null, "roof_height": null, "height_source": "floored"}, "geometry": {"type": "Polygon", "coordinates": [[[35.608352, 33.215471], [35.6083864, 33.2156688], [35.6081894, 33.2156928], [35.608155, 33.215495], [35.608352, 33.215471]]]}}, {"type": "Feature", "properties": {"height": 3.0, "num_floors": null, "subtype": null, "class": null, "roof_height": null, "height_source": "floored"}, "geometry": {"type": "Polygon", "coordinates": [[[35.608356, 33.2123285], [35.6083629, 33.2124607], [35.6080658, 33.2124716], [35.6080588, 33.2123394], [35.608356, 33.2123285]]]}}, {"type": "Feature", "properties": {"height": 3.0, "num_floors": null, "subtype": null, "class": null, "roof_height": null, "height_source": "floored"}, "geometry": {"type": "Polygon", "coordinates": [[[35.6084436, 33.2089442], [35.6085799, 33.2089376], [35.6085834, 33.2089891], [35.6086171, 33.2089875], [35.6086223, 33.2090635], [35.6086677, 33.2090613], [35.6086703, 33.2090994], [35.6086249, 33.2091015], [35.6086262, 33.2091208], [35.6085311, 33.2091253], [35.6085277, 33.2090761], [35.6084999, 33.2090775], [35.6084966, 33.2090305], [35.6084496, 33.2090327], [35.6084436, 33.2089442]]]}}, {"type": "Feature", "properties": {"height": 3.0, "num_floors": null, "subtype": null, "class": null, "roof_height": null, "height_source": "floored"}, "geometry": {"type": "Polygon", "coordinates": [[[35.6082913, 33.2091523], [35.6082927, 33.2091141], [35.608424, 33.2091175], [35.6084226, 33.2091556], [35.6082913, 33.2091523]]]}}, {"type": "Feature", "properties": {"height": 3.0, "num_floors": null, "subtype": null, "class": null, "roof_height": null, "height_source": "floored"}, "geometry": {"type": "Polygon", "coordinates": [[[35.6081728, 33.2093747], [35.6081748, 33.209303], [35.608341, 33.2093062], [35.608339, 33.209378], [35.6081728, 33.2093747]]]}}, {"type": "Feature", "properties": {"height": 3.0, "num_floors": null, "subtype": null, "class": null, "roof_height": null, "height_source": "floored"}, "geometry": {"type": "Polygon", "coordinates": [[[35.6082045, 33.2094529], [35.6082624, 33.2094516], [35.6082656, 33.2095493], [35.6082077, 33.2095507], [35.6082045, 33.2094529]]]}}, {"type": "Feature", "properties": {"height": 3.0, "num_floors": null, "subtype": null, "class": null, "roof_height": null, "height_source": "floored"}, "geometry": {"type": "Polygon", "coordinates": [[[35.607588, 33.2111429], [35.6075934, 33.2109963], [35.6077961, 33.2110016], [35.6077905, 33.2111518], [35.6076736, 33.2111487], [35.6076737, 33.2111451], [35.607588, 33.2111429]]]}}, {"type": "Feature", "properties": {"height": 4.0, "num_floors": null, "subtype": null, "class": null, "roof_height": null, "height_source": "ndsm"}, "geometry": {"type": "Polygon", "coordinates": [[[35.6075276, 33.2122398], [35.6075173, 33.2120598], [35.6076842, 33.2120531], [35.6076946, 33.2122331], [35.6075276, 33.2122398]]]}}, {"type": "Feature", "properties": {"height": 4.0, "num_floors": null, "subtype": null, "class": null, "roof_height": null, "height_source": "ndsm"}, "geometry": {"type": "Polygon", "coordinates": [[[35.6075988, 33.2118923], [35.6075007, 33.2118897], [35.6075055, 33.2117655], [35.6076036, 33.2117682], [35.6075988, 33.2118923]]]}}, {"type": "Feature", "properties": {"height": 4.0, "num_floors": null, "subtype": null, "class": null, "roof_height": null, "height_source": "ndsm"}, "geometry": {"type": "Polygon", "coordinates": [[[35.6071475, 33.2117476], [35.6072104, 33.2116473], [35.6072848, 33.21168], [35.6072219, 33.2117803], [35.6071475, 33.2117476]]]}}, {"type": "Feature", "properties": {"height": 3.0, "num_floors": null, "subtype": null, "class": null, "roof_height": null, "height_source": "floored"}, "geometry": {"type": "Polygon", "coordinates": [[[35.6072189, 33.2106934], [35.6073503, 33.2106943], [35.6073492, 33.2108006], [35.6071964, 33.2107995], [35.607197, 33.2107344], [35.6072185, 33.2107346], [35.6072189, 33.2106934]]]}}, {"type": "Feature", "properties": {"height": 3.0, "num_floors": null, "subtype": null, "class": null, "roof_height": null, "height_source": "floored"}, "geometry": {"type": "Polygon", "coordinates": [[[35.6073446, 33.2109747], [35.6073478, 33.2110823], [35.6072405, 33.2110845], [35.6072374, 33.2109769], [35.6073446, 33.2109747]]]}}, {"type": "Feature", "properties": {"height": 4.0, "num_floors": null, "subtype": null, "class": null, "roof_height": null, "height_source": "ndsm"}, "geometry": {"type": "Polygon", "coordinates": [[[35.6072956, 33.2113005], [35.6077328, 33.2113005], [35.6077328, 33.21148], [35.6076175, 33.21148], [35.6076175, 33.2114284], [35.6073439, 33.2114284], [35.6073439, 33.211379], [35.6072956, 33.211379], [35.6072956, 33.2113005]]]}}, {"type": "Feature", "properties": {"height": 3.0, "num_floors": null, "subtype": null, "class": null, "roof_height": null, "height_source": "floored"}, "geometry": {"type": "Polygon", "coordinates": [[[35.6075376, 33.2106758], [35.607693, 33.2106719], [35.6076962, 33.2107616], [35.6075408, 33.2107655], [35.6075376, 33.2106758]]]}}, {"type": "Feature", "properties": {"height": 3.0, "num_floors": null, "subtype": null, "class": null, "roof_height": null, "height_source": "floored"}, "geometry": {"type": "Polygon", "coordinates": [[[35.607579, 33.2102866], [35.607583, 33.2103695], [35.6075348, 33.2103711], [35.6075327, 33.2103263], [35.6074657, 33.2103286], [35.6074639, 33.2102905], [35.607579, 33.2102866]]]}}, {"type": "Feature", "properties": {"height": 3.0, "num_floors": null, "subtype": null, "class": null, "roof_height": null, "height_source": "floored"}, "geometry": {"type": "Polygon", "coordinates": [[[35.607451, 33.2100843], [35.6073829, 33.2100552], [35.6074567, 33.2099342], [35.6075631, 33.2099796], [35.6076418, 33.2100132], [35.607581, 33.2101129], [35.6075151, 33.2100848], [35.6074738, 33.2101524], [35.6074227, 33.2101306], [35.607451, 33.2100843]]]}}, {"type": "Feature", "properties": {"height": 3.0, "num_floors": null, "subtype": null, "class": null, "roof_height": null, "height_source": "floored"}, "geometry": {"type": "Polygon", "coordinates": [[[35.6073581, 33.2104728], [35.6073538, 33.2103638], [35.6074438, 33.2103613], [35.6074482, 33.2104703], [35.6073581, 33.2104728]]]}}, {"type": "Feature", "properties": {"height": 3.0, "num_floors": null, "subtype": null, "class": null, "roof_height": null, "height_source": "floored"}, "geometry": {"type": "Polygon", "coordinates": [[[35.6075538, 33.2098305], [35.6075015, 33.2097121], [35.6076407, 33.209669], [35.6076931, 33.2097875], [35.6075538, 33.2098305]]]}}, {"type": "Feature", "properties": {"height": 3.0, "num_floors": null, "subtype": null, "class": null, "roof_height": null, "height_source": "floored"}, "geometry": {"type": "Polygon", "coordinates": [[[35.6078117, 33.2093709], [35.6078796, 33.2093072], [35.6079402, 33.2093525], [35.6078722, 33.2094161], [35.6078117, 33.2093709]]]}}, {"type": "Feature", "properties": {"height": 3.0, "num_floors": null, "subtype": null, "class": null, "roof_height": null, "height_source": "floored"}, "geometry": {"type": "Polygon", "coordinates": [[[35.6077789, 33.2097679], [35.6078073, 33.209603], [35.6078388, 33.2096068], [35.6078463, 33.2095637], [35.6079314, 33.209574], [35.6078955, 33.209782], [35.6077789, 33.2097679]]]}}, {"type": "Feature", "properties": {"height": 3.0, "num_floors": null, "subtype": null, "class": null, "roof_height": null, "height_source": "floored"}, "geometry": {"type": "Polygon", "coordinates": [[[35.607709, 33.2099183], [35.6077262, 33.209871], [35.6077694, 33.209882], [35.6077523, 33.2099293], [35.607709, 33.2099183]]]}}, {"type": "Feature", "properties": {"height": 3.0, "num_floors": null, "subtype": null, "class": null, "roof_height": null, "height_source": "floored"}, "geometry": {"type": "Polygon", "coordinates": [[[35.6076832, 33.2101229], [35.6076748, 33.2099617], [35.6077889, 33.2099575], [35.6077973, 33.2101188], [35.6076832, 33.2101229]]]}}, {"type": "Feature", "properties": {"height": 3.0, "num_floors": null, "subtype": null, "class": null, "roof_height": null, "height_source": "floored"}, "geometry": {"type": "Polygon", "coordinates": [[[35.6078209, 33.2098229], [35.6078886, 33.2098435], [35.6078585, 33.2099129], [35.6077907, 33.2098922], [35.6078209, 33.2098229]]]}}, {"type": "Feature", "properties": {"height": 3.0, "num_floors": null, "subtype": null, "class": null, "roof_height": null, "height_source": "floored"}, "geometry": {"type": "Polygon", "coordinates": [[[35.6079574, 33.2090275], [35.6080159, 33.2090408], [35.6080024, 33.2090826], [35.6079439, 33.2090694], [35.6079574, 33.2090275]]]}}, {"type": "Feature", "properties": {"height": 3.0, "num_floors": null, "subtype": null, "class": null, "roof_height": null, "height_source": "floored"}, "geometry": {"type": "Polygon", "coordinates": [[[35.6077461, 33.2081562], [35.6076297, 33.2081589], [35.607629, 33.2081375], [35.607532, 33.2081397], [35.6075284, 33.2080309], [35.6076201, 33.2080288], [35.6076193, 33.208004], [35.6078099, 33.2079995], [35.6078127, 33.2080824], [35.6077437, 33.208084], [35.6077461, 33.2081562]]]}}, {"type": "Feature", "properties": {"height": 3.0, "num_floors": null, "subtype": null, "class": null, "roof_height": null, "height_source": "floored"}, "geometry": {"type": "Polygon", "coordinates": [[[35.6078216, 33.2086706], [35.607735, 33.2087134], [35.6076536, 33.2085981], [35.6077402, 33.2085553], [35.6078216, 33.2086706]]]}}, {"type": "Feature", "properties": {"height": 3.0, "num_floors": null, "subtype": null, "class": null, "roof_height": null, "height_source": "floored"}, "geometry": {"type": "Polygon", "coordinates": [[[35.6077065, 33.2082898], [35.6075462, 33.2082993], [35.6075379, 33.2082018], [35.6076982, 33.2081922], [35.6077065, 33.2082898]]]}}, {"type": "Feature", "properties": {"height": 5.7, "num_floors": null, "subtype": null, "class": null, "roof_height": null, "height_source": "ndsm"}, "geometry": {"type": "Polygon", "coordinates": [[[35.6074035, 33.2077743], [35.6073028, 33.2077758], [35.6073002, 33.2076497], [35.6074008, 33.2076482], [35.6074035, 33.2077743]]]}}, {"type": "Feature", "properties": {"height": 8.1, "num_floors": null, "subtype": null, "class": null, "roof_height": null, "height_source": "ndsm"}, "geometry": {"type": "Polygon", "coordinates": [[[35.6073867, 33.2074824], [35.6072722, 33.2074834], [35.6072704, 33.2073446], [35.607385, 33.2073436], [35.6073867, 33.2074824]]]}}, {"type": "Feature", "properties": {"height": 8.1, "num_floors": null, "subtype": null, "class": null, "roof_height": null, "height_source": "ndsm"}, "geometry": {"type": "Polygon", "coordinates": [[[35.6074994, 33.2073517], [35.6074136, 33.2073552], [35.6074102, 33.2072971], [35.607496, 33.2072936], [35.6074994, 33.2073517]]]}}, {"type": "Feature", "properties": {"height": 3.0, "num_floors": null, "subtype": null, "class": null, "roof_height": null, "height_source": "floored"}, "geometry": {"type": "Polygon", "coordinates": [[[35.6075279, 33.2080177], [35.607529, 33.2079854], [35.6075933, 33.2079869], [35.6075922, 33.2080191], [35.6075279, 33.2080177]]]}}, {"type": "Feature", "properties": {"height": 8.1, "num_floors": null, "subtype": null, "class": null, "roof_height": null, "height_source": "ndsm"}, "geometry": {"type": "Polygon", "coordinates": [[[35.6075413, 33.2072283], [35.6074632, 33.2072303], [35.6074575, 33.2070723], [35.6075679, 33.2070695], [35.6075727, 33.2072011], [35.6075403, 33.2072019], [35.6075413, 33.2072283]]]}}, {"type": "Feature", "properties": {"height": 8.1, "num_floors": null, "subtype": null, "class": null, "roof_height": null, "height_source": "ndsm"}, "geometry": {"type": "Polygon", "coordinates": [[[35.6077039, 33.2067331], [35.6074543, 33.2068007], [35.6074023, 33.2066663], [35.6076519, 33.2065987], [35.6077039, 33.2067331]]]}}, {"type": "Feature", "properties": {"height": 4.7, "num_floors": null, "subtype": null, "class": null, "roof_height": null, "height_source": "ndsm"}, "geometry": {"type": "Polygon", "coordinates": [[[35.6078166, 33.206092], [35.6077551, 33.206036], [35.6078308, 33.2059779], [35.6078922, 33.2060339], [35.6078166, 33.206092]]]}}, {"type": "Feature", "properties": {"height": 6.0, "num_floors": null, "subtype": null, "class": null, "roof_height": null, "height_source": "ndsm"}, "geometry": {"type": "Polygon", "coordinates": [[[35.6081116, 33.2065571], [35.6080903, 33.206612], [35.6080466, 33.2066001], [35.6080427, 33.2066103], [35.6079529, 33.2065859], [35.6079781, 33.2065209], [35.6081116, 33.2065571]]]}}, {"type": "Feature", "properties": {"height": 6.0, "num_floors": null, "subtype": null, "class": null, "roof_height": null, "height_source": "ndsm"}, "geometry": {"type": "Polygon", "coordinates": [[[35.6079982, 33.20608], [35.6081555, 33.2060303], [35.6081892, 33.206105], [35.6080319, 33.2061546], [35.6079982, 33.20608]]]}}, {"type": "Feature", "properties": {"height": 4.7, "num_floors": null, "subtype": null, "class": null, "roof_height": null, "height_source": "ndsm"}, "geometry": {"type": "Polygon", "coordinates": [[[35.6080193, 33.2057755], [35.608046, 33.2058143], [35.607901, 33.2058842], [35.6078685, 33.205837], [35.6079148, 33.2058147], [35.607887, 33.2057742], [35.6078789, 33.2057781], [35.6078504, 33.2057366], [35.607937, 33.2056949], [35.6079992, 33.2057852], [35.6080193, 33.2057755]]]}}, {"type": "Feature", "properties": {"height": 5.6, "num_floors": null, "subtype": null, "class": null, "roof_height": null, "height_source": "ndsm"}, "geometry": {"type": "Polygon", "coordinates": [[[35.6082522, 33.2063276], [35.6082952, 33.2062992], [35.6083244, 33.2063302], [35.6082815, 33.2063586], [35.6082522, 33.2063276]]]}}, {"type": "Feature", "properties": {"height": 3.8, "num_floors": null, "subtype": null, "class": null, "roof_height": null, "height_source": "ndsm"}, "geometry": {"type": "Polygon", "coordinates": [[[35.608208, 33.2059437], [35.6083268, 33.2059171], [35.6083644, 33.2060343], [35.6082455, 33.206061], [35.608208, 33.2059437]]]}}, {"type": "Feature", "properties": {"height": 3.0, "num_floors": null, "subtype": null, "class": null, "roof_height": null, "height_source": "floored"}, "geometry": {"type": "Polygon", "coordinates": [[[35.608423, 33.2065294], [35.6084891, 33.2064972], [35.6085423, 33.2065736], [35.6084762, 33.2066058], [35.608423, 33.2065294]]]}}, {"type": "Feature", "properties": {"height": 3.0, "num_floors": null, "subtype": null, "class": null, "roof_height": null, "height_source": "floored"}, "geometry": {"type": "Polygon", "coordinates": [[[35.6084771, 33.2072226], [35.6084449, 33.2070796], [35.6087116, 33.2070375], [35.6087209, 33.2070787], [35.6086717, 33.2070865], [35.6086878, 33.207158], [35.6085894, 33.2071735], [35.6085962, 33.2072038], [35.6084771, 33.2072226]]]}}, {"type": "Feature", "properties": {"height": 5.6, "num_floors": null, "subtype": null, "class": null, "roof_height": null, "height_source": "ndsm"}, "geometry": {"type": "Polygon", "coordinates": [[[35.6081787, 33.2068905], [35.6081334, 33.2069022], [35.6081087, 33.2068355], [35.6082469, 33.2067996], [35.608294, 33.2069265], [35.6082011, 33.2069506], [35.6081787, 33.2068905]]]}}, {"type": "Feature", "properties": {"height": 3.0, "num_floors": null, "subtype": null, "class": null, "roof_height": null, "height_source": "floored"}, "geometry": {"type": "Polygon", "coordinates": [[[35.6081152, 33.2071287], [35.6081336, 33.2070772], [35.6081164, 33.2070729], [35.6081292, 33.207037], [35.60824, 33.2070647], [35.6082088, 33.2071521], [35.6081152, 33.2071287]]]}}, {"type": "Feature", "properties": {"height": 3.0, "num_floors": null, "subtype": null, "class": null, "roof_height": null, "height_source": "floored"}, "geometry": {"type": "Polygon", "coordinates": [[[35.6081947, 33.207397], [35.6081999, 33.2075023], [35.6081115, 33.2075054], [35.6081063, 33.2074001], [35.6081947, 33.207397]]]}}, {"type": "Feature", "properties": {"height": 3.0, "num_floors": null, "subtype": null, "class": null, "roof_height": null, "height_source": "floored"}, "geometry": {"type": "Polygon", "coordinates": [[[35.6083901, 33.207495], [35.6083998, 33.2076584], [35.6082755, 33.2076636], [35.6082658, 33.2075002], [35.6083901, 33.207495]]]}}, {"type": "Feature", "properties": {"height": 3.0, "num_floors": null, "subtype": null, "class": null, "roof_height": null, "height_source": "floored"}, "geometry": {"type": "Polygon", "coordinates": [[[35.6083038, 33.2080586], [35.6083031, 33.2081116], [35.6082682, 33.2081113], [35.6082689, 33.2080583], [35.6083038, 33.2080586]]]}}, {"type": "Feature", "properties": {"height": 3.0, "num_floors": null, "subtype": null, "class": null, "roof_height": null, "height_source": "floored"}, "geometry": {"type": "Polygon", "coordinates": [[[35.6082062, 33.208232], [35.608128, 33.2081767], [35.6081967, 33.2081086], [35.608275, 33.2081639], [35.6082062, 33.208232]]]}}, {"type": "Feature", "properties": {"height": 3.0, "num_floors": null, "subtype": null, "class": null, "roof_height": null, "height_source": "floored"}, "geometry": {"type": "Polygon", "coordinates": [[[35.6080757, 33.2083796], [35.6080869, 33.2083228], [35.6082435, 33.2083445], [35.6082323, 33.2084013], [35.6080757, 33.2083796]]]}}, {"type": "Feature", "properties": {"height": 3.0, "num_floors": null, "subtype": null, "class": null, "roof_height": null, "height_source": "floored"}, "geometry": {"type": "Polygon", "coordinates": [[[35.6080634, 33.2085999], [35.6081645, 33.2084932], [35.6082699, 33.2085632], [35.6081688, 33.2086698], [35.6080634, 33.2085999]]]}}, {"type": "Feature", "properties": {"height": 3.0, "num_floors": null, "subtype": null, "class": null, "roof_height": null, "height_source": "floored"}, "geometry": {"type": "Polygon", "coordinates": [[[35.6081293, 33.2089196], [35.608133, 33.2088277], [35.6081758, 33.2088289], [35.6081772, 33.2087953], [35.6082721, 33.2087979], [35.6082671, 33.2089234], [35.6081293, 33.2089196]]]}}, {"type": "Feature", "properties": {"height": 3.0, "num_floors": null, "subtype": null, "class": null, "roof_height": null, "height_source": "floored"}, "geometry": {"type": "Polygon", "coordinates": [[[35.6084664, 33.2083971], [35.6084608, 33.208488], [35.608267, 33.2084796], [35.6082754, 33.2083431], [35.6083755, 33.2083474], [35.6083727, 33.2083931], [35.6084664, 33.2083971]]]}}, {"type": "Feature", "properties": {"height": 3.0, "num_floors": null, "subtype": null, "class": null, "roof_height": null, "height_source": "floored"}, "geometry": {"type": "Polygon", "coordinates": [[[35.6083996, 33.2082425], [35.608287, 33.2082439], [35.6082863, 33.2082035], [35.6083411, 33.2082028], [35.6083407, 33.2081826], [35.6083985, 33.2081819], [35.6083996, 33.2082425]]]}}, {"type": "Feature", "properties": {"height": 3.0, "num_floors": null, "subtype": null, "class": null, "roof_height": null, "height_source": "floored"}, "geometry": {"type": "Polygon", "coordinates": [[[35.6083387, 33.2088575], [35.608361, 33.2086618], [35.608806, 33.2086974], [35.6087819, 33.2089087], [35.608499, 33.2088861], [35.6085008, 33.2088705], [35.6083387, 33.2088575]]]}}, {"type": "Feature", "properties": {"height": 3.0, "num_floors": null, "subtype": null, "class": null, "roof_height": null, "height_source": "floored"}, "geometry": {"type": "Polygon", "coordinates": [[[35.6086331, 33.2084057], [35.6086351, 33.2084945], [35.6085183, 33.2084963], [35.6085163, 33.2084075], [35.6086331, 33.2084057]]]}}, {"type": "Feature", "properties": {"height": 3.0, "num_floors": null, "subtype": null, "class": null, "roof_height": null, "height_source": "floored"}, "geometry": {"type": "Polygon", "coordinates": [[[35.6085854, 33.2083159], [35.6084139, 33.2083201], [35.6084105, 33.2082237], [35.608582, 33.2082195], [35.6085854, 33.2083159]]]}}, {"type": "Feature", "properties": {"height": 3.0, "num_floors": null, "subtype": null, "class": null, "roof_height": null, "height_source": "floored"}, "geometry": {"type": "Polygon", "coordinates": [[[35.6083356, 33.207993], [35.6083328, 33.2079055], [35.6083918, 33.2079042], [35.6083908, 33.2078706], [35.6084283, 33.2078697], [35.6084267, 33.2078182], [35.6085017, 33.2078165], [35.6085029, 33.207856], [35.6085405, 33.2078551], [35.6085421, 33.2079067], [35.6084578, 33.2079086], [35.6084603, 33.2079902], [35.6083356, 33.207993]]]}}, {"type": "Feature", "properties": {"height": 3.0, "num_floors": null, "subtype": null, "class": null, "roof_height": null, "height_source": "floored"}, "geometry": {"type": "Polygon", "coordinates": [[[35.6084148, 33.2073677], [35.6084093, 33.2072926], [35.60846, 33.2072899], [35.6084656, 33.2073651], [35.6084148, 33.2073677]]]}}, {"type": "Feature", "properties": {"height": 3.0, "num_floors": null, "subtype": null, "class": null, "roof_height": null, "height_source": "floored"}, "geometry": {"type": "Polygon", "coordinates": [[[35.6086345, 33.2078235], [35.6086742, 33.2078197], [35.6086791, 33.2078551], [35.6086394, 33.207859], [35.6086345, 33.2078235]]]}}, {"type": "Feature", "properties": {"height": 3.0, "num_floors": null, "subtype": null, "class": null, "roof_height": null, "height_source": "floored"}, "geometry": {"type": "Polygon", "coordinates": [[[35.6086536, 33.2089857], [35.6086555, 33.2089328], [35.6088511, 33.2089376], [35.6088492, 33.2089905], [35.6086536, 33.2089857]]]}}, {"type": "Feature", "properties": {"height": 3.0, "num_floors": null, "subtype": null, "class": null, "roof_height": null, "height_source": "floored"}, "geometry": {"type": "Polygon", "coordinates": [[[35.6087832, 33.2071392], [35.6088246, 33.2071325], [35.6088326, 33.2071671], [35.6087912, 33.2071738], [35.6087832, 33.2071392]]]}}, {"type": "Feature", "properties": {"height": 3.0, "num_floors": null, "subtype": null, "class": null, "roof_height": null, "height_source": "floored"}, "geometry": {"type": "Polygon", "coordinates": [[[35.6087474, 33.2068244], [35.6085423, 33.2068209], [35.6085458, 33.2066764], [35.6087509, 33.2066799], [35.6087474, 33.2068244]]]}}, {"type": "Feature", "properties": {"height": 3.0, "num_floors": null, "subtype": null, "class": null, "roof_height": null, "height_source": "floored"}, "geometry": {"type": "Polygon", "coordinates": [[[35.6123399, 33.2177813], [35.6123827, 33.2181084], [35.6123483, 33.2181115], [35.6123412, 33.2180572], [35.6122139, 33.2180689], [35.6121782, 33.2177962], [35.6123399, 33.2177813]]]}}, {"type": "Feature", "properties": {"height": 3.0, "num_floors": null, "subtype": null, "class": null, "roof_height": null, "height_source": "floored"}, "geometry": {"type": "Polygon", "coordinates": [[[35.6119686, 33.2180789], [35.6119286, 33.2180768], [35.6119315, 33.2180355], [35.6119716, 33.2180375], [35.6119686, 33.2180789]]]}}, {"type": "Feature", "properties": {"height": 3.0, "num_floors": null, "subtype": null, "class": null, "roof_height": null, "height_source": "floored"}, "geometry": {"type": "Polygon", "coordinates": [[[35.611884, 33.2179879], [35.6118891, 33.2178804], [35.6119813, 33.2178834], [35.6119762, 33.2179909], [35.611884, 33.2179879]]]}}, {"type": "Feature", "properties": {"height": 3.0, "num_floors": null, "subtype": null, "class": null, "roof_height": null, "height_source": "floored"}, "geometry": {"type": "Polygon", "coordinates": [[[35.6111847, 33.2172073], [35.6112211, 33.2172489], [35.6111496, 33.2172927], [35.6111132, 33.2172512], [35.6111847, 33.2172073]]]}}, {"type": "Feature", "properties": {"height": 3.0, "num_floors": null, "subtype": null, "class": null, "roof_height": null, "height_source": "floored"}, "geometry": {"type": "Polygon", "coordinates": [[[35.610664, 33.2176139], [35.6106956, 33.2176267], [35.6106513, 33.217703], [35.6106197, 33.2176901], [35.610664, 33.2176139]]]}}, {"type": "Feature", "properties": {"height": 3.0, "num_floors": null, "subtype": null, "class": null, "roof_height": null, "height_source": "floored"}, "geometry": {"type": "Polygon", "coordinates": [[[35.6105579, 33.2177427], [35.6105903, 33.2176833], [35.6106458, 33.2177045], [35.6106134, 33.2177639], [35.6105579, 33.2177427]]]}}, {"type": "Feature", "properties": {"height": 3.0, "num_floors": null, "subtype": null, "class": null, "roof_height": null, "height_source": "floored"}, "geometry": {"type": "Polygon", "coordinates": [[[35.6101418, 33.2181687], [35.6099639, 33.2180565], [35.6100825, 33.2179248], [35.6102604, 33.218037], [35.6101418, 33.2181687]]]}}, {"type": "Feature", "properties": {"height": 3.0, "num_floors": null, "subtype": null, "class": null, "roof_height": null, "height_source": "floored"}, "geometry": {"type": "Polygon", "coordinates": [[[35.6102129, 33.217959], [35.6101672, 33.2179297], [35.6102144, 33.2178781], [35.6102601, 33.2179074], [35.6102129, 33.217959]]]}}, {"type": "Feature", "properties": {"height": 3.0, "num_floors": null, "subtype": null, "class": null, "roof_height": null, "height_source": "floored"}, "geometry": {"type": "Polygon", "coordinates": [[[35.6105248, 33.2173663], [35.6106633, 33.2175207], [35.6102933, 33.2177529], [35.6101548, 33.2175984], [35.6105248, 33.2173663]]]}}, {"type": "Feature", "properties": {"height": 3.0, "num_floors": null, "subtype": null, "class": null, "roof_height": null, "height_source": "floored"}, "geometry": {"type": "Polygon", "coordinates": [[[35.6103789, 33.2178257], [35.6103341, 33.2177804], [35.6104138, 33.2177253], [35.6104585, 33.2177706], [35.6103789, 33.2178257]]]}}, {"type": "Feature", "properties": {"height": 3.0, "num_floors": null, "subtype": null, "class": null, "roof_height": null, "height_source": "floored"}, "geometry": {"type": "Polygon", "coordinates": [[[35.6104094, 33.2181344], [35.6103594, 33.2181024], [35.6103944, 33.2180642], [35.6104444, 33.2180963], [35.6104094, 33.2181344]]]}}, {"type": "Feature", "properties": {"height": 3.0, "num_floors": null, "subtype": null, "class": null, "roof_height": null, "height_source": "floored"}, "geometry": {"type": "Polygon", "coordinates": [[[35.6103959, 33.2179853], [35.6104229, 33.2180011], [35.6103864, 33.2180449], [35.6103594, 33.2180291], [35.6103959, 33.2179853]]]}}, {"type": "Feature", "properties": {"height": 3.0, "num_floors": null, "subtype": null, "class": null, "roof_height": null, "height_source": "floored"}, "geometry": {"type": "Polygon", "coordinates": [[[35.6105438, 33.2178461], [35.6104879, 33.2178296], [35.610527, 33.2177369], [35.6105829, 33.2177534], [35.6105438, 33.2178461]]]}}, {"type": "Feature", "properties": {"height": 3.0, "num_floors": null, "subtype": null, "class": null, "roof_height": null, "height_source": "floored"}, "geometry": {"type": "Polygon", "coordinates": [[[35.6102456, 33.2173951], [35.6101683, 33.2173091], [35.6103345, 33.2172045], [35.6103538, 33.217226], [35.6104146, 33.2171878], [35.6104597, 33.217238], [35.610339, 33.2173139], [35.6103518, 33.2173283], [35.6102456, 33.2173951]]]}}, {"type": "Feature", "properties": {"height": 3.0, "num_floors": null, "subtype": null, "class": null, "roof_height": null, "height_source": "floored"}, "geometry": {"type": "Polygon", "coordinates": [[[35.6102192, 33.2172507], [35.609972, 33.2170058], [35.6101896, 33.2168521], [35.6104369, 33.217097], [35.6102192, 33.2172507]]]}}, {"type": "Feature", "properties": {"height": 3.0, "num_floors": null, "subtype": null, "class": null, "roof_height": null, "height_source": "floored"}, "geometry": {"type": "Polygon", "coordinates": [[[35.6102083, 33.2167634], [35.6102725, 33.2168358], [35.6102171, 33.2168701], [35.6101529, 33.2167977], [35.6102083, 33.2167634]]]}}, {"type": "Feature", "properties": {"height": 3.0, "num_floors": null, "subtype": null, "class": null, "roof_height": null, "height_source": "floored"}, "geometry": {"type": "Polygon", "coordinates": [[[35.6102343, 33.2168587], [35.6103198, 33.21683], [35.6103383, 33.2168687], [35.6102528, 33.2168974], [35.6102343, 33.2168587]]]}}, {"type": "Feature", "properties": {"height": 3.0, "num_floors": null, "subtype": null, "class": null, "roof_height": null, "height_source": "floored"}, "geometry": {"type": "Polygon", "coordinates": [[[35.6106956, 33.2169101], [35.6106316, 33.2168511], [35.6106807, 33.2168137], [35.6107448, 33.2168727], [35.6106956, 33.2169101]]]}}, {"type": "Feature", "properties": {"height": 3.0, "num_floors": null, "subtype": null, "class": null, "roof_height": null, "height_source": "floored"}, "geometry": {"type": "Polygon", "coordinates": [[[35.6108257, 33.2168144], [35.6108871, 33.2167533], [35.6109373, 33.2167886], [35.610876, 33.2168497], [35.6108257, 33.2168144]]]}}, {"type": "Feature", "properties": {"height": 3.0, "num_floors": null, "subtype": null, "class": null, "roof_height": null, "height_source": "floored"}, "geometry": {"type": "Polygon", "coordinates": [[[35.6108169, 33.2172406], [35.6107793, 33.2171909], [35.6109096, 33.217122], [35.6110544, 33.2173134], [35.6109088, 33.2173905], [35.6108634, 33.2173304], [35.6108289, 33.2173487], [35.6107671, 33.2172669], [35.6108169, 33.2172406]]]}}, {"type": "Feature", "properties": {"height": 3.0, "num_floors": null, "subtype": null, "class": null, "roof_height": null, "height_source": "floored"}, "geometry": {"type": "Polygon", "coordinates": [[[35.6109357, 33.2171534], [35.6109751, 33.2171327], [35.6110812, 33.2172747], [35.6110418, 33.2172953], [35.6109357, 33.2171534]]]}}, {"type": "Feature", "properties": {"height": 3.0, "num_floors": null, "subtype": null, "class": null, "roof_height": null, "height_source": "floored"}, "geometry": {"type": "Polygon", "coordinates": [[[35.6110262, 33.2171386], [35.6110818, 33.2171035], [35.6111251, 33.2171515], [35.6110694, 33.2171866], [35.6110262, 33.2171386]]]}}, {"type": "Feature", "properties": {"height": 3.0, "num_floors": null, "subtype": null, "class": null, "roof_height": null, "height_source": "floored"}, "geometry": {"type": "Polygon", "coordinates": [[[35.6096798, 33.2135937], [35.6090064, 33.2136433], [35.6089542, 33.2131477], [35.6096276, 33.213098], [35.6096798, 33.2135937]]]}}, {"type": "Feature", "properties": {"height": 3.0, "num_floors": null, "subtype": null, "class": null, "roof_height": null, "height_source": "floored"}, "geometry": {"type": "Polygon", "coordinates": [[[35.6093271, 33.2164271], [35.6093564, 33.216455], [35.6092653, 33.2165218], [35.609236, 33.2164938], [35.6093271, 33.2164271]]]}}, {"type": "Feature", "properties": {"height": 3.0, "num_floors": null, "subtype": null, "class": null, "roof_height": null, "height_source": "floored"}, "geometry": {"type": "Polygon", "coordinates": [[[35.6091968, 33.2165702], [35.6091803, 33.216547], [35.6092347, 33.2165199], [35.6092512, 33.2165431], [35.6091968, 33.2165702]]]}}, {"type": "Feature", "properties": {"height": 3.0, "num_floors": null, "subtype": null, "class": null, "roof_height": null, "height_source": "floored"}, "geometry": {"type": "Polygon", "coordinates": [[[35.6092914, 33.2167501], [35.6091961, 33.2166496], [35.6092248, 33.2166305], [35.609187, 33.2165906], [35.6092109, 33.2165747], [35.609329, 33.2166992], [35.6093158, 33.216708], [35.6093309, 33.2167239], [35.6092914, 33.2167501]]]}}, {"type": "Feature", "properties": {"height": 3.0, "num_floors": null, "subtype": null, "class": null, "roof_height": null, "height_source": "floored"}, "geometry": {"type": "Polygon", "coordinates": [[[35.6094853, 33.2169731], [35.6094643, 33.2169258], [35.609502, 33.2169141], [35.609523, 33.2169614], [35.6094853, 33.2169731]]]}}, {"type": "Feature", "properties": {"height": 3.0, "num_floors": null, "subtype": null, "class": null, "roof_height": null, "height_source": "floored"}, "geometry": {"type": "Polygon", "coordinates": [[[35.6095995, 33.2163344], [35.609652, 33.2163189], [35.6096697, 33.2163608], [35.6096172, 33.2163763], [35.6095995, 33.2163344]]]}}, {"type": "Feature", "properties": {"height": 3.0, "num_floors": null, "subtype": null, "class": null, "roof_height": null, "height_source": "floored"}, "geometry": {"type": "Polygon", "coordinates": [[[35.6096161, 33.216581], [35.6095263, 33.216452], [35.6096884, 33.216373], [35.6097783, 33.2165019], [35.6096161, 33.216581]]]}}, {"type": "Feature", "properties": {"height": 3.0, "num_floors": null, "subtype": null, "class": null, "roof_height": null, "height_source": "floored"}, "geometry": {"type": "Polygon", "coordinates": [[[35.6097899, 33.2168106], [35.6100233, 33.2166626], [35.6101403, 33.2167917], [35.6099069, 33.2169397], [35.6097899, 33.2168106]]]}}, {"type": "Feature", "properties": {"height": 3.0, "num_floors": null, "subtype": null, "class": null, "roof_height": null, "height_source": "floored"}, "geometry": {"type": "Polygon", "coordinates": [[[35.609986, 33.2172954], [35.6100154, 33.2173334], [35.6099654, 33.2173604], [35.6099361, 33.2173225], [35.609986, 33.2172954]]]}}, {"type": "Feature", "properties": {"height": 3.0, "num_floors": null, "subtype": null, "class": null, "roof_height": null, "height_source": "floored"}, "geometry": {"type": "Polygon", "coordinates": [[[35.6099618, 33.2172434], [35.6099303, 33.2172018], [35.6097007, 33.2173235], [35.6095042, 33.2170642], [35.6095089, 33.2170617], [35.609458, 33.2169945], [35.6096283, 33.2169042], [35.6097059, 33.2170066], [35.6096553, 33.2170335], [35.6097771, 33.2171943], [35.6099359, 33.21711], [35.6100154, 33.217215], [35.6099618, 33.2172434]]]}}, {"type": "Feature", "properties": {"height": 3.0, "num_floors": null, "subtype": null, "class": null, "roof_height": null, "height_source": "floored"}, "geometry": {"type": "Polygon", "coordinates": [[[35.6097756, 33.2171865], [35.6097331, 33.2171271], [35.6098625, 33.2170622], [35.6099051, 33.2171217], [35.6097756, 33.2171865]]]}}, {"type": "Feature", "properties": {"height": 3.0, "num_floors": null, "subtype": null, "class": null, "roof_height": null, "height_source": "floored"}, "geometry": {"type": "Polygon", "coordinates": [[[35.6096573, 33.2174823], [35.6096204, 33.2173363], [35.6097128, 33.2173199], [35.6097498, 33.217466], [35.6096573, 33.2174823]]]}}, {"type": "Feature", "properties": {"height": 3.0, "num_floors": null, "subtype": null, "class": null, "roof_height": null, "height_source": "floored"}, "geometry": {"type": "Polygon", "coordinates": [[[35.6097955, 33.2173753], [35.6098448, 33.2173447], [35.6098808, 33.2173851], [35.6098314, 33.2174158], [35.6097955, 33.2173753]]]}}, {"type": "Feature", "properties": {"height": 3.0, "num_floors": null, "subtype": null, "class": null, "roof_height": null, "height_source": "floored"}, "geometry": {"type": "Polygon", "coordinates": [[[35.6097528, 33.2178547], [35.6101362, 33.2176357], [35.6102661, 33.2177949], [35.6098826, 33.2180139], [35.6097528, 33.2178547]]]}}, {"type": "Feature", "properties": {"height": 3.0, "num_floors": null, "subtype": null, "class": null, "roof_height": null, "height_source": "floored"}, "geometry": {"type": "Polygon", "coordinates": [[[35.6098329, 33.2181149], [35.6099027, 33.2180382], [35.6099486, 33.2180674], [35.6098788, 33.2181441], [35.6098329, 33.2181149]]]}}, {"type": "Feature", "properties": {"height": 3.0, "num_floors": null, "subtype": null, "class": null, "roof_height": null, "height_source": "floored"}, "geometry": {"type": "Polygon", "coordinates": [[[35.6097389, 33.2185373], [35.6098116, 33.218434], [35.6099331, 33.2184939], [35.6098603, 33.2185972], [35.6097389, 33.2185373]]]}}, {"type": "Feature", "properties": {"height": 3.0, "num_floors": null, "subtype": null, "class": null, "roof_height": null, "height_source": "floored"}, "geometry": {"type": "Polygon", "coordinates": [[[35.6095158, 33.2173453], [35.6095931, 33.2176969], [35.6095204, 33.2177081], [35.6094432, 33.2173564], [35.6095158, 33.2173453]]]}}, {"type": "Feature", "properties": {"height": 3.0, "num_floors": null, "subtype": null, "class": null, "roof_height": null, "height_source": "floored"}, "geometry": {"type": "Polygon", "coordinates": [[[35.609314, 33.2181402], [35.6092978, 33.2181025], [35.6093952, 33.2180732], [35.6094114, 33.2181109], [35.609314, 33.2181402]]]}}, {"type": "Feature", "properties": {"height": 3.0, "num_floors": null, "subtype": null, "class": null, "roof_height": null, "height_source": "floored"}, "geometry": {"type": "Polygon", "coordinates": [[[35.6110749, 33.2215846], [35.6110908, 33.2216201], [35.6110423, 33.2216352], [35.6110265, 33.2215998], [35.6110749, 33.2215846]]]}}, {"type": "Feature", "properties": {"height": 3.0, "num_floors": null, "subtype": null, "class": null, "roof_height": null, "height_source": "floored"}, "geometry": {"type": "Polygon", "coordinates": [[[35.6126492, 33.2257415], [35.612635, 33.2257185], [35.6126954, 33.2256924], [35.6127096, 33.2257154], [35.6126492, 33.2257415]]]}}, {"type": "Feature", "properties": {"height": 3.0, "num_floors": null, "subtype": null, "class": null, "roof_height": null, "height_source": "floored"}, "geometry": {"type": "Polygon", "coordinates": [[[35.6126448, 33.2252883], [35.6127038, 33.2252869], [35.6127051, 33.2253272], [35.6126462, 33.2253286], [35.6126448, 33.2252883]]]}}, {"type": "Feature", "properties": {"height": 3.0, "num_floors": null, "subtype": null, "class": null, "roof_height": null, "height_source": "floored"}, "geometry": {"type": "Polygon", "coordinates": [[[35.6125505, 33.2256574], [35.6124727, 33.2256559], [35.6124782, 33.2254608], [35.6125559, 33.2254623], [35.6125505, 33.2256574]]]}}, {"type": "Feature", "properties": {"height": 3.0, "num_floors": null, "subtype": null, "class": null, "roof_height": null, "height_source": "floored"}, "geometry": {"type": "Polygon", "coordinates": [[[35.6123997, 33.2256592], [35.6123937, 33.2254607], [35.6124661, 33.2254592], [35.612472, 33.2256576], [35.6123997, 33.2256592]]]}}, {"type": "Feature", "properties": {"height": 3.0, "num_floors": null, "subtype": null, "class": null, "roof_height": null, "height_source": "floored"}, "geometry": {"type": "Polygon", "coordinates": [[[35.612229, 33.2254641], [35.6123872, 33.2254605], [35.6123936, 33.2256589], [35.6122355, 33.2256625], [35.612229, 33.2254641]]]}}, {"type": "Feature", "properties": {"height": 3.0, "num_floors": null, "subtype": "commercial", "class": "kiosk", "roof_height": null, "height_source": "floored"}, "geometry": {"type": "Polygon", "coordinates": [[[35.6115483, 33.2238835], [35.6114907, 33.2238835], [35.6114893, 33.223798], [35.611549, 33.223798], [35.6115483, 33.2238835]]]}}, {"type": "Feature", "properties": {"height": 3.0, "num_floors": null, "subtype": null, "class": null, "roof_height": null, "height_source": "floored"}, "geometry": {"type": "Polygon", "coordinates": [[[35.6133492, 33.2204188], [35.6134868, 33.2204052], [35.6134983, 33.2204871], [35.6133051, 33.2205061], [35.613295, 33.2204341], [35.6133506, 33.2204286], [35.6133492, 33.2204188]]]}}, {"type": "Feature", "properties": {"height": 3.0, "num_floors": null, "subtype": null, "class": null, "roof_height": null, "height_source": "floored"}, "geometry": {"type": "Polygon", "coordinates": [[[35.6151295, 33.2192012], [35.6150527, 33.2192255], [35.6149388, 33.2189735], [35.6151061, 33.2189205], [35.6151627, 33.2190457], [35.6151261, 33.2190573], [35.6151649, 33.219143], [35.6151109, 33.2191601], [35.6151295, 33.2192012]]]}}, {"type": "Feature", "properties": {"height": 3.0, "num_floors": null, "subtype": null, "class": null, "roof_height": null, "height_source": "floored"}, "geometry": {"type": "Polygon", "coordinates": [[[35.6142088, 33.2224388], [35.6143438, 33.2224344], [35.6143474, 33.2225116], [35.6142124, 33.222516], [35.6142088, 33.2224388]]]}}, {"type": "Feature", "properties": {"height": 3.0, "num_floors": null, "subtype": null, "class": null, "roof_height": null, "height_source": "floored"}, "geometry": {"type": "Polygon", "coordinates": [[[35.61464, 33.2227705], [35.6147838, 33.2227305], [35.6148087, 33.2227932], [35.6146648, 33.2228331], [35.61464, 33.2227705]]]}}, {"type": "Feature", "properties": {"height": 3.0, "num_floors": null, "subtype": null, "class": null, "roof_height": null, "height_source": "floored"}, "geometry": {"type": "Polygon", "coordinates": [[[35.614943, 33.2226699], [35.6149874, 33.2226613], [35.6150016, 33.2227124], [35.6149572, 33.222721], [35.614943, 33.2226699]]]}}, {"type": "Feature", "properties": {"height": 3.5, "num_floors": 1, "subtype": "commercial", "class": "retail", "roof_height": null, "height_source": "ndsm"}, "geometry": {"type": "Polygon", "coordinates": [[[35.6144794, 33.2236894], [35.6146871, 33.2236249], [35.6147569, 33.2238098], [35.6145699, 33.2238756], [35.6144794, 33.2236894]]]}}, {"type": "Feature", "properties": {"height": 3.5, "num_floors": 1, "subtype": "commercial", "class": "retail", "roof_height": null, "height_source": "ndsm"}, "geometry": {"type": "Polygon", "coordinates": [[[35.61461, 33.2239525], [35.6147821, 33.2238855], [35.6149438, 33.2242008], [35.6147821, 33.2242628], [35.61461, 33.2239525]]]}}, {"type": "Feature", "properties": {"height": 3.0, "num_floors": null, "subtype": null, "class": null, "roof_height": null, "height_source": "floored"}, "geometry": {"type": "Polygon", "coordinates": [[[35.6146233, 33.2250418], [35.6147868, 33.2249634], [35.6149095, 33.2251424], [35.6148217, 33.2251845], [35.6147678, 33.2251059], [35.6146921, 33.2251422], [35.6146233, 33.2250418]]]}}, {"type": "Feature", "properties": {"height": 3.0, "num_floors": null, "subtype": null, "class": null, "roof_height": null, "height_source": "floored"}, "geometry": {"type": "Polygon", "coordinates": [[[35.6145126, 33.2254186], [35.614621, 33.2253881], [35.6146413, 33.2254385], [35.6145328, 33.225469], [35.6145126, 33.2254186]]]}}, {"type": "Feature", "properties": {"height": 5.2, "num_floors": null, "subtype": null, "class": null, "roof_height": null, "height_source": "ndsm"}, "geometry": {"type": "Polygon", "coordinates": [[[35.6136393, 33.2244146], [35.6136732, 33.2245203], [35.6135856, 33.22454], [35.6135517, 33.2244342], [35.6136393, 33.2244146]]]}}, {"type": "Feature", "properties": {"height": 5.2, "num_floors": null, "subtype": null, "class": null, "roof_height": null, "height_source": "ndsm"}, "geometry": {"type": "Polygon", "coordinates": [[[35.6137732, 33.2243479], [35.6138157, 33.2244821], [35.6136778, 33.2245126], [35.6136354, 33.2243784], [35.6137732, 33.2243479]]]}}, {"type": "Feature", "properties": {"height": 3.0, "num_floors": null, "subtype": null, "class": null, "roof_height": null, "height_source": "floored"}, "geometry": {"type": "Polygon", "coordinates": [[[35.6136988, 33.2223433], [35.6136999, 33.2223623], [35.613633, 33.2223649], [35.6136319, 33.222346], [35.6136988, 33.2223433]]]}}, {"type": "Feature", "properties": {"height": 3.0, "num_floors": null, "subtype": null, "class": null, "roof_height": null, "height_source": "ndsm"}, "geometry": {"type": "Polygon", "coordinates": [[[35.6134942, 33.2228519], [35.6134364, 33.222735], [35.613528, 33.2227033], [35.6135858, 33.2228202], [35.6134942, 33.2228519]]]}}, {"type": "Feature", "properties": {"height": 6.6, "num_floors": null, "subtype": null, "class": null, "roof_height": null, "height_source": "ndsm"}, "geometry": {"type": "Polygon", "coordinates": [[[35.6132018, 33.2227706], [35.6131624, 33.2227151], [35.6132417, 33.2226756], [35.6132811, 33.2227311], [35.6132018, 33.2227706]]]}}, {"type": "Feature", "properties": {"height": 5.2, "num_floors": null, "subtype": null, "class": null, "roof_height": null, "height_source": "ndsm"}, "geometry": {"type": "Polygon", "coordinates": [[[35.6134307, 33.2245315], [35.613429, 33.2245069], [35.613556, 33.2245007], [35.6135577, 33.2245253], [35.6134307, 33.2245315]]]}}, {"type": "Feature", "properties": {"height": 3.0, "num_floors": null, "subtype": null, "class": null, "roof_height": null, "height_source": "floored"}, "geometry": {"type": "Polygon", "coordinates": [[[35.6136261, 33.22576], [35.6136302, 33.2258598], [35.6135257, 33.2258629], [35.6135216, 33.2257631], [35.6136261, 33.22576]]]}}, {"type": "Feature", "properties": {"height": 3.0, "num_floors": null, "subtype": "commercial", "class": "kiosk", "roof_height": null, "height_source": "floored"}, "geometry": {"type": "Polygon", "coordinates": [[[35.6136488, 33.2259604], [35.6136527, 33.2258977], [35.6136777, 33.2258285], [35.6137238, 33.2257787], [35.613845, 33.2257819], [35.6139238, 33.225851], [35.6139373, 33.2259637], [35.6136488, 33.2259604]]]}}, {"type": "Feature", "properties": {"height": 3.0, "num_floors": null, "subtype": null, "class": null, "roof_height": null, "height_source": "floored"}, "geometry": {"type": "Polygon", "coordinates": [[[35.6139943, 33.2258916], [35.6139615, 33.2258325], [35.6140476, 33.2257991], [35.6140804, 33.2258582], [35.6139943, 33.2258916]]]}}, {"type": "Feature", "properties": {"height": 3.0, "num_floors": null, "subtype": null, "class": null, "roof_height": null, "height_source": "floored"}, "geometry": {"type": "Polygon", "coordinates": [[[35.6140163, 33.2259461], [35.6140027, 33.2259195], [35.6140436, 33.2259049], [35.6140571, 33.2259315], [35.6140163, 33.2259461]]]}}, {"type": "Feature", "properties": {"height": 3.0, "num_floors": null, "subtype": null, "class": null, "roof_height": null, "height_source": "floored"}, "geometry": {"type": "Polygon", "coordinates": [[[35.6142198, 33.2258101], [35.6143247, 33.226039], [35.6141668, 33.2260896], [35.6140619, 33.2258608], [35.6142198, 33.2258101]]]}}, {"type": "Feature", "properties": {"height": 3.0, "num_floors": null, "subtype": null, "class": null, "roof_height": null, "height_source": "floored"}, "geometry": {"type": "Polygon", "coordinates": [[[35.6170421, 33.222485], [35.6169531, 33.2225505], [35.6168382, 33.222441], [35.6169273, 33.2223756], [35.6170421, 33.222485]]]}}, {"type": "Feature", "properties": {"height": 3.0, "num_floors": null, "subtype": null, "class": null, "roof_height": null, "height_source": "floored"}, "geometry": {"type": "Polygon", "coordinates": [[[35.6168332, 33.2226963], [35.6167972, 33.2227173], [35.616648, 33.2225383], [35.6167119, 33.2225011], [35.6167472, 33.2225434], [35.6168013, 33.2225118], [35.6169352, 33.2226723], [35.6168531, 33.2227202], [35.6168332, 33.2226963]]]}}, {"type": "Feature", "properties": {"height": 3.0, "num_floors": null, "subtype": null, "class": null, "roof_height": null, "height_source": "floored"}, "geometry": {"type": "Polygon", "coordinates": [[[35.616233, 33.2224587], [35.61612, 33.2224906], [35.6160404, 33.222294], [35.6161534, 33.222262], [35.616233, 33.2224587]]]}}, {"type": "Feature", "properties": {"height": 3.0, "num_floors": 1, "subtype": "commercial", "class": "retail", "roof_height": null, "height_source": "num_floors"}, "geometry": {"type": "Polygon", "coordinates": [[[35.6157805, 33.2232258], [35.6145798, 33.2235808], [35.6145271, 33.2234561], [35.6157278, 33.2231011], [35.6157805, 33.2232258]]]}}, {"type": "Feature", "properties": {"height": 3.0, "num_floors": null, "subtype": null, "class": null, "roof_height": null, "height_source": "floored"}, "geometry": {"type": "Polygon", "coordinates": [[[35.6151373, 33.222784], [35.6151467, 33.2228238], [35.6150781, 33.2228351], [35.6150688, 33.2227954], [35.6151373, 33.222784]]]}}, {"type": "Feature", "properties": {"height": 3.0, "num_floors": null, "subtype": null, "class": null, "roof_height": null, "height_source": "floored"}, "geometry": {"type": "Polygon", "coordinates": [[[35.615117, 33.2227332], [35.6151343, 33.2227717], [35.6150671, 33.2227928], [35.6150498, 33.2227543], [35.615117, 33.2227332]]]}}, {"type": "Feature", "properties": {"height": 3.0, "num_floors": null, "subtype": null, "class": null, "roof_height": null, "height_source": "floored"}, "geometry": {"type": "Polygon", "coordinates": [[[35.6150463, 33.2227414], [35.6150331, 33.2227018], [35.6150978, 33.2226867], [35.615111, 33.2227263], [35.6150463, 33.2227414]]]}}, {"type": "Feature", "properties": {"height": 3.0, "num_floors": null, "subtype": null, "class": null, "roof_height": null, "height_source": "floored"}, "geometry": {"type": "Polygon", "coordinates": [[[35.6155757, 33.2225915], [35.6155993, 33.2225842], [35.6156323, 33.2226593], [35.6154787, 33.2227066], [35.6154214, 33.2225761], [35.6155514, 33.2225361], [35.6155757, 33.2225915]]]}}, {"type": "Feature", "properties": {"height": 3.0, "num_floors": null, "subtype": null, "class": null, "roof_height": null, "height_source": "floored"}, "geometry": {"type": "Polygon", "coordinates": [[[35.6159368, 33.2237315], [35.6157728, 33.2237525], [35.6157396, 33.2235716], [35.6159036, 33.2235506], [35.6159368, 33.2237315]]]}}, {"type": "Feature", "properties": {"height": 3.0, "num_floors": 1, "subtype": "commercial", "class": "retail", "roof_height": null, "height_source": "num_floors"}, "geometry": {"type": "Polygon", "coordinates": [[[35.6159132, 33.2235554], [35.6159165, 33.223414], [35.6160268, 33.2234159], [35.6160234, 33.2235572], [35.6159132, 33.2235554]]]}}, {"type": "Feature", "properties": {"height": 3.0, "num_floors": null, "subtype": null, "class": null, "roof_height": null, "height_source": "floored"}, "geometry": {"type": "Polygon", "coordinates": [[[35.6160508, 33.2224866], [35.6159335, 33.2225269], [35.6158644, 33.2223865], [35.6159073, 33.222382], [35.6158857, 33.222338], [35.6159644, 33.2223109], [35.6160508, 33.2224866]]]}}, {"type": "Feature", "properties": {"height": 3.0, "num_floors": null, "subtype": null, "class": null, "roof_height": null, "height_source": "floored"}, "geometry": {"type": "Polygon", "coordinates": [[[35.6158984, 33.2221906], [35.6157835, 33.2222018], [35.6157673, 33.2220854], [35.6157926, 33.222083], [35.6157826, 33.2220108], [35.6158722, 33.2220021], [35.6158984, 33.2221906]]]}}, {"type": "Feature", "properties": {"height": 3.0, "num_floors": null, "subtype": null, "class": null, "roof_height": null, "height_source": "floored"}, "geometry": {"type": "Polygon", "coordinates": [[[35.6160172, 33.2217505], [35.6158986, 33.2217667], [35.6158636, 33.221587], [35.6159823, 33.2215708], [35.615991, 33.2216158], [35.6159684, 33.2216188], [35.6159829, 33.2216932], [35.6160055, 33.2216901], [35.6160172, 33.2217505]]]}}, {"type": "Feature", "properties": {"height": 3.0, "num_floors": null, "subtype": null, "class": null, "roof_height": null, "height_source": "floored"}, "geometry": {"type": "Polygon", "coordinates": [[[35.6160063, 33.2210096], [35.6159722, 33.2210143], [35.6159373, 33.2208364], [35.6160558, 33.2208202], [35.616096, 33.2210253], [35.6160116, 33.2210369], [35.6160063, 33.2210096]]]}}, {"type": "Feature", "properties": {"height": 3.0, "num_floors": null, "subtype": null, "class": null, "roof_height": null, "height_source": "floored"}, "geometry": {"type": "Polygon", "coordinates": [[[35.6158819, 33.2207853], [35.615889, 33.2208225], [35.6157897, 33.2208359], [35.6157825, 33.2207987], [35.6158819, 33.2207853]]]}}, {"type": "Feature", "properties": {"height": 3.0, "num_floors": null, "subtype": null, "class": null, "roof_height": null, "height_source": "floored"}, "geometry": {"type": "Polygon", "coordinates": [[[35.6158828, 33.2210583], [35.6158119, 33.2210654], [35.615804, 33.2210098], [35.6157833, 33.2210119], [35.615773, 33.2209395], [35.6158397, 33.2209328], [35.6158334, 33.2208888], [35.6159158, 33.2208805], [35.615938, 33.2210353], [35.6158803, 33.2210411], [35.6158828, 33.2210583]]]}}, {"type": "Feature", "properties": {"height": 3.0, "num_floors": null, "subtype": null, "class": null, "roof_height": null, "height_source": "floored"}, "geometry": {"type": "Polygon", "coordinates": [[[35.615881, 33.2214465], [35.6158064, 33.2214519], [35.6157861, 33.2212562], [35.6158767, 33.2212496], [35.6158789, 33.2212713], [35.6159485, 33.2212663], [35.6159571, 33.2213501], [35.6159135, 33.2213532], [35.6159167, 33.221384], [35.6158748, 33.221387], [35.615881, 33.2214465]]]}}, {"type": "Feature", "properties": {"height": 3.0, "num_floors": null, "subtype": null, "class": null, "roof_height": null, "height_source": "floored"}, "geometry": {"type": "Polygon", "coordinates": [[[35.6156572, 33.2210676], [35.6155863, 33.2210747], [35.6155784, 33.2210192], [35.6155577, 33.2210213], [35.6155473, 33.2209488], [35.6156141, 33.2209422], [35.6156078, 33.2208982], [35.6156902, 33.2208899], [35.6157124, 33.2210446], [35.6156547, 33.2210504], [35.6156572, 33.2210676]]]}}, {"type": "Feature", "properties": {"height": 3.0, "num_floors": null, "subtype": null, "class": null, "roof_height": null, "height_source": "floored"}, "geometry": {"type": "Polygon", "coordinates": [[[35.615691, 33.2214507], [35.6156178, 33.2214603], [35.6155848, 33.2212845], [35.6157097, 33.2212681], [35.6157273, 33.2213617], [35.6156756, 33.2213685], [35.615691, 33.2214507]]]}}, {"type": "Feature", "properties": {"height": 3.0, "num_floors": null, "subtype": null, "class": null, "roof_height": null, "height_source": "floored"}, "geometry": {"type": "Polygon", "coordinates": [[[35.6158104, 33.2218138], [35.615679, 33.2218262], [35.6156522, 33.2216276], [35.6157837, 33.2216152], [35.6158104, 33.2218138]]]}}, {"type": "Feature", "properties": {"height": 3.0, "num_floors": null, "subtype": null, "class": null, "roof_height": null, "height_source": "floored"}, "geometry": {"type": "Polygon", "coordinates": [[[35.6156213, 33.2218295], [35.6154899, 33.2218419], [35.6154631, 33.2216433], [35.6155946, 33.221631], [35.6156213, 33.2218295]]]}}, {"type": "Feature", "properties": {"height": 3.0, "num_floors": null, "subtype": null, "class": null, "roof_height": null, "height_source": "floored"}, "geometry": {"type": "Polygon", "coordinates": [[[35.6153918, 33.2208684], [35.6154003, 33.2208995], [35.6153458, 33.2209099], [35.6153373, 33.2208788], [35.6153918, 33.2208684]]]}}, {"type": "Feature", "properties": {"height": 3.0, "num_floors": null, "subtype": null, "class": null, "roof_height": null, "height_source": "floored"}, "geometry": {"type": "Polygon", "coordinates": [[[35.6154392, 33.2210187], [35.6153591, 33.2210248], [35.6153495, 33.2209376], [35.615418, 33.2209324], [35.6154108, 33.2208673], [35.615487, 33.2208614], [35.6155068, 33.2210402], [35.6154421, 33.2210452], [35.6154392, 33.2210187]]]}}, {"type": "Feature", "properties": {"height": 3.0, "num_floors": null, "subtype": null, "class": null, "roof_height": null, "height_source": "floored"}, "geometry": {"type": "Polygon", "coordinates": [[[35.61554, 33.2207972], [35.6153751, 33.2208135], [35.6153529, 33.2206568], [35.6155179, 33.2206404], [35.61554, 33.2207972]]]}}, {"type": "Feature", "properties": {"height": 3.0, "num_floors": null, "subtype": null, "class": null, "roof_height": null, "height_source": "floored"}, "geometry": {"type": "Polygon", "coordinates": [[[35.615627, 33.2197336], [35.6154393, 33.2197527], [35.6154241, 33.2196481], [35.6154901, 33.2196414], [35.6154796, 33.2195687], [35.6156012, 33.2195564], [35.615627, 33.2197336]]]}}, {"type": "Feature", "properties": {"height": 3.0, "num_floors": null, "subtype": null, "class": null, "roof_height": null, "height_source": "floored"}, "geometry": {"type": "Polygon", "coordinates": [[[35.6156437, 33.219524], [35.6154497, 33.2195434], [35.6154421, 33.2194903], [35.6154837, 33.2194861], [35.6154699, 33.2193889], [35.6156222, 33.2193737], [35.6156437, 33.219524]]]}}, {"type": "Feature", "properties": {"height": 3.0, "num_floors": null, "subtype": null, "class": null, "roof_height": null, "height_source": "floored"}, "geometry": {"type": "Polygon", "coordinates": [[[35.615659, 33.2203209], [35.6154997, 33.2203415], [35.6154712, 33.2201876], [35.6156305, 33.220167], [35.615659, 33.2203209]]]}}, {"type": "Feature", "properties": {"height": 3.0, "num_floors": null, "subtype": null, "class": null, "roof_height": null, "height_source": "floored"}, "geometry": {"type": "Polygon", "coordinates": [[[35.6156951, 33.2206687], [35.6156426, 33.2206738], [35.6156304, 33.2205854], [35.6157439, 33.2205744], [35.615761, 33.220698], [35.6156999, 33.2207039], [35.6156951, 33.2206687]]]}}, {"type": "Feature", "properties": {"height": 3.0, "num_floors": null, "subtype": null, "class": null, "roof_height": null, "height_source": "floored"}, "geometry": {"type": "Polygon", "coordinates": [[[35.6159329, 33.2200893], [35.6159376, 33.2201193], [35.6158944, 33.220124], [35.6158897, 33.220094], [35.6159329, 33.2200893]]]}}, {"type": "Feature", "properties": {"height": 3.0, "num_floors": null, "subtype": null, "class": null, "roof_height": null, "height_source": "floored"}, "geometry": {"type": "Polygon", "coordinates": [[[35.615918, 33.2203538], [35.6157385, 33.2203713], [35.6157113, 33.2201764], [35.6158066, 33.2201671], [35.6158101, 33.2201926], [35.6158944, 33.2201844], [35.615918, 33.2203538]]]}}, {"type": "Feature", "properties": {"height": 3.0, "num_floors": null, "subtype": null, "class": null, "roof_height": null, "height_source": "floored"}, "geometry": {"type": "Polygon", "coordinates": [[[35.6160044, 33.2207102], [35.6159261, 33.2207185], [35.6159132, 33.2206335], [35.6158677, 33.2206383], [35.615857, 33.2205671], [35.6159808, 33.2205541], [35.6160044, 33.2207102]]]}}, {"type": "Feature", "properties": {"height": 3.0, "num_floors": null, "subtype": null, "class": null, "roof_height": null, "height_source": "floored"}, "geometry": {"type": "Polygon", "coordinates": [[[35.6161406, 33.2203296], [35.615957, 33.2203464], [35.6159302, 33.2201421], [35.6161138, 33.2201253], [35.6161406, 33.2203296]]]}}, {"type": "Feature", "properties": {"height": 3.0, "num_floors": null, "subtype": null, "class": null, "roof_height": null, "height_source": "floored"}, "geometry": {"type": "Polygon", "coordinates": [[[35.6159323, 33.2197187], [35.615819, 33.219731], [35.6158099, 33.2196722], [35.6159979, 33.2196519], [35.6160122, 33.2197445], [35.6159376, 33.2197526], [35.6159323, 33.2197187]]]}}, {"type": "Feature", "properties": {"height": 3.0, "num_floors": null, "subtype": null, "class": null, "roof_height": null, "height_source": "floored"}, "geometry": {"type": "Polygon", "coordinates": [[[35.615794, 33.2195462], [35.6157861, 33.219488], [35.6159612, 33.2194715], [35.6159776, 33.2195935], [35.61586, 33.2196046], [35.6158514, 33.2195408], [35.615794, 33.2195462]]]}}, {"type": "Feature", "properties": {"height": 3.0, "num_floors": null, "subtype": null, "class": null, "roof_height": null, "height_source": "floored"}, "geometry": {"type": "Polygon", "coordinates": [[[35.6158876, 33.2194292], [35.6157153, 33.2194436], [35.6156985, 33.2193037], [35.6159422, 33.2192833], [35.6159554, 33.2193932], [35.615884, 33.2193992], [35.6158876, 33.2194292]]]}}, {"type": "Feature", "properties": {"height": 3.0, "num_floors": null, "subtype": null, "class": null, "roof_height": null, "height_source": "floored"}, "geometry": {"type": "Polygon", "coordinates": [[[35.6163262, 33.2196626], [35.6162185, 33.2196721], [35.6161964, 33.2194972], [35.6163039, 33.2194877], [35.6163262, 33.2196626]]]}}, {"type": "Feature", "properties": {"height": 3.0, "num_floors": null, "subtype": null, "class": null, "roof_height": null, "height_source": "floored"}, "geometry": {"type": "Polygon", "coordinates": [[[35.6164478, 33.2192847], [35.6162989, 33.2192995], [35.6162905, 33.21924], [35.6163542, 33.2192337], [35.6163431, 33.2191555], [35.6164283, 33.2191471], [35.6164478, 33.2192847]]]}}, {"type": "Feature", "properties": {"height": 3.0, "num_floors": null, "subtype": null, "class": null, "roof_height": null, "height_source": "floored"}, "geometry": {"type": "Polygon", "coordinates": [[[35.6165221, 33.2196932], [35.6164483, 33.2197018], [35.6164167, 33.2195139], [35.6165615, 33.2194969], [35.6165761, 33.2195836], [35.6165051, 33.219592], [35.6165221, 33.2196932]]]}}, {"type": "Feature", "properties": {"height": 3.0, "num_floors": null, "subtype": null, "class": null, "roof_height": null, "height_source": "floored"}, "geometry": {"type": "Polygon", "coordinates": [[[35.6164933, 33.2202937], [35.6163097, 33.2203105], [35.6162829, 33.2201062], [35.6164665, 33.2200894], [35.6164933, 33.2202937]]]}}, {"type": "Feature", "properties": {"height": 3.0, "num_floors": null, "subtype": null, "class": null, "roof_height": null, "height_source": "floored"}, "geometry": {"type": "Polygon", "coordinates": [[[35.616263, 33.2205362], [35.6162545, 33.2204948], [35.6162987, 33.2204884], [35.6163073, 33.2205298], [35.616263, 33.2205362]]]}}, {"type": "Feature", "properties": {"height": 3.0, "num_floors": null, "subtype": null, "class": null, "roof_height": null, "height_source": "floored"}, "geometry": {"type": "Polygon", "coordinates": [[[35.6162437, 33.2201666], [35.616243, 33.2202191], [35.6162001, 33.2202187], [35.6162008, 33.2201662], [35.6162437, 33.2201666]]]}}, {"type": "Feature", "properties": {"height": 3.0, "num_floors": null, "subtype": null, "class": null, "roof_height": null, "height_source": "floored"}, "geometry": {"type": "Polygon", "coordinates": [[[35.6161481, 33.2214232], [35.616066, 33.2214327], [35.616036, 33.2212503], [35.6161778, 33.2212339], [35.6161907, 33.2213125], [35.616131, 33.2213194], [35.6161481, 33.2214232]]]}}, {"type": "Feature", "properties": {"height": 3.0, "num_floors": null, "subtype": null, "class": null, "roof_height": null, "height_source": "floored"}, "geometry": {"type": "Polygon", "coordinates": [[[35.6161197, 33.2217127], [35.6160982, 33.2217148], [35.6160717, 33.2215298], [35.6162023, 33.2215167], [35.6162275, 33.2216925], [35.6162025, 33.221695], [35.6162075, 33.2217295], [35.6161889, 33.2217314], [35.6161923, 33.2217548], [35.616148, 33.2217593], [35.6161448, 33.2217365], [35.6161235, 33.2217387], [35.6161197, 33.2217127]]]}}, {"type": "Feature", "properties": {"height": 3.0, "num_floors": null, "subtype": null, "class": null, "roof_height": null, "height_source": "floored"}, "geometry": {"type": "Polygon", "coordinates": [[[35.6161816, 33.2221426], [35.616001, 33.2221633], [35.6159755, 33.2220082], [35.616073, 33.221997], [35.6160794, 33.2220362], [35.6161625, 33.2220266], [35.6161816, 33.2221426]]]}}, {"type": "Feature", "properties": {"height": 3.0, "num_floors": null, "subtype": null, "class": null, "roof_height": null, "height_source": "floored"}, "geometry": {"type": "Polygon", "coordinates": [[[35.616422, 33.2224065], [35.6162982, 33.2224485], [35.6162113, 33.2222692], [35.6162667, 33.2222504], [35.6163101, 33.2223399], [35.6163785, 33.2223167], [35.616422, 33.2224065]]]}}, {"type": "Feature", "properties": {"height": 3.0, "num_floors": null, "subtype": null, "class": null, "roof_height": null, "height_source": "floored"}, "geometry": {"type": "Polygon", "coordinates": [[[35.6164102, 33.2221815], [35.6163712, 33.2221204], [35.616463, 33.2220793], [35.616502, 33.2221404], [35.6164102, 33.2221815]]]}}, {"type": "Feature", "properties": {"height": 3.0, "num_floors": null, "subtype": null, "class": null, "roof_height": null, "height_source": "floored"}, "geometry": {"type": "Polygon", "coordinates": [[[35.6166682, 33.2222826], [35.6165381, 33.2223549], [35.6164234, 33.2222103], [35.6165536, 33.2221381], [35.6166682, 33.2222826]]]}}, {"type": "Feature", "properties": {"height": 3.0, "num_floors": null, "subtype": null, "class": null, "roof_height": null, "height_source": "floored"}, "geometry": {"type": "Polygon", "coordinates": [[[35.6166282, 33.2211693], [35.6166424, 33.2212582], [35.6165246, 33.2212713], [35.6165289, 33.2212987], [35.6164312, 33.2213096], [35.6164126, 33.2211934], [35.6166282, 33.2211693]]]}}, {"type": "Feature", "properties": {"height": 3.0, "num_floors": null, "subtype": null, "class": null, "roof_height": null, "height_source": "floored"}, "geometry": {"type": "Polygon", "coordinates": [[[35.616579, 33.2209687], [35.6163887, 33.2209901], [35.6163688, 33.2208658], [35.6164881, 33.2208524], [35.6164817, 33.2208123], [35.6165527, 33.2208043], [35.616579, 33.2209687]]]}}, {"type": "Feature", "properties": {"height": 3.0, "num_floors": null, "subtype": null, "class": null, "roof_height": null, "height_source": "floored"}, "geometry": {"type": "Polygon", "coordinates": [[[35.6165908, 33.2207135], [35.6166614, 33.2207111], [35.6166672, 33.2208276], [35.6165966, 33.22083], [35.6165908, 33.2207135]]]}}, {"type": "Feature", "properties": {"height": 3.0, "num_floors": null, "subtype": null, "class": null, "roof_height": null, "height_source": "floored"}, "geometry": {"type": "Polygon", "coordinates": [[[35.6168064, 33.2209602], [35.6166331, 33.2209753], [35.6166159, 33.2208373], [35.6167126, 33.2208289], [35.6167043, 33.2207623], [35.616781, 33.2207556], [35.6168064, 33.2209602]]]}}, {"type": "Feature", "properties": {"height": 3.0, "num_floors": null, "subtype": null, "class": null, "roof_height": null, "height_source": "floored"}, "geometry": {"type": "Polygon", "coordinates": [[[35.6167057, 33.2215885], [35.6165176, 33.2216115], [35.6165066, 33.2215486], [35.6165328, 33.2215454], [35.6165246, 33.2214989], [35.6166866, 33.2214791], [35.6167057, 33.2215885]]]}}, {"type": "Feature", "properties": {"height": 3.0, "num_floors": null, "subtype": null, "class": null, "roof_height": null, "height_source": "floored"}, "geometry": {"type": "Polygon", "coordinates": [[[35.6165897, 33.2221176], [35.6164958, 33.2220462], [35.6165452, 33.2220007], [35.6166391, 33.2220722], [35.6165897, 33.2221176]]]}}, {"type": "Feature", "properties": {"height": 3.0, "num_floors": null, "subtype": null, "class": null, "roof_height": null, "height_source": "floored"}, "geometry": {"type": "Polygon", "coordinates": [[[35.6167167, 33.2219731], [35.6166697, 33.2219604], [35.6166997, 33.2218828], [35.6169249, 33.2219435], [35.6168995, 33.2220093], [35.6168658, 33.2220002], [35.616853, 33.2220335], [35.6167084, 33.2219944], [35.6167167, 33.2219731]]]}}, {"type": "Feature", "properties": {"height": 3.0, "num_floors": null, "subtype": null, "class": null, "roof_height": null, "height_source": "floored"}, "geometry": {"type": "Polygon", "coordinates": [[[35.6170052, 33.2222572], [35.6170417, 33.2222764], [35.6169789, 33.22236], [35.6169423, 33.2223408], [35.6170052, 33.2222572]]]}}, {"type": "Feature", "properties": {"height": 3.0, "num_floors": null, "subtype": null, "class": null, "roof_height": null, "height_source": "floored"}, "geometry": {"type": "Polygon", "coordinates": [[[35.6168818, 33.2212331], [35.6167638, 33.2212455], [35.6167505, 33.2211565], [35.6169663, 33.2211338], [35.6169837, 33.2212502], [35.6168859, 33.2212605], [35.6168818, 33.2212331]]]}}, {"type": "Feature", "properties": {"height": 3.0, "num_floors": null, "subtype": null, "class": null, "roof_height": null, "height_source": "floored"}, "geometry": {"type": "Polygon", "coordinates": [[[35.6167832, 33.2207478], [35.6167853, 33.2206999], [35.6168727, 33.2207027], [35.6168706, 33.2207506], [35.6167832, 33.2207478]]]}}, {"type": "Feature", "properties": {"height": 3.0, "num_floors": null, "subtype": null, "class": null, "roof_height": null, "height_source": "floored"}, "geometry": {"type": "Polygon", "coordinates": [[[35.6168513, 33.2207737], [35.6168818, 33.2207677], [35.616892, 33.2208039], [35.6168615, 33.2208099], [35.6168513, 33.2207737]]]}}, {"type": "Feature", "properties": {"height": 3.0, "num_floors": null, "subtype": null, "class": null, "roof_height": null, "height_source": "floored"}, "geometry": {"type": "Polygon", "coordinates": [[[35.616902, 33.2209106], [35.6168596, 33.2209143], [35.6168486, 33.2208272], [35.6169249, 33.2208204], [35.6169154, 33.2207458], [35.6170044, 33.2207379], [35.617029, 33.2209319], [35.6169061, 33.2209428], [35.616902, 33.2209106]]]}}, {"type": "Feature", "properties": {"height": 3.0, "num_floors": null, "subtype": null, "class": null, "roof_height": null, "height_source": "floored"}, "geometry": {"type": "Polygon", "coordinates": [[[35.6171119, 33.2201794], [35.6169579, 33.2201974], [35.6169317, 33.220041], [35.6170858, 33.220023], [35.6171119, 33.2201794]]]}}, {"type": "Feature", "properties": {"height": 3.0, "num_floors": null, "subtype": null, "class": null, "roof_height": null, "height_source": "floored"}, "geometry": {"type": "Polygon", "coordinates": [[[35.6169151, 33.2202378], [35.6167626, 33.220255], [35.6167351, 33.2200845], [35.6168229, 33.2200746], [35.6168187, 33.2200484], [35.6168834, 33.2200411], [35.6169151, 33.2202378]]]}}, {"type": "Feature", "properties": {"height": 3.0, "num_floors": null, "subtype": null, "class": null, "roof_height": null, "height_source": "floored"}, "geometry": {"type": "Polygon", "coordinates": [[[35.6169303, 33.2206477], [35.616806, 33.2206619], [35.6167873, 33.2205479], [35.6168628, 33.2205393], [35.6168562, 33.2204988], [35.6169493, 33.2204882], [35.6169654, 33.2205868], [35.6169212, 33.2205919], [35.6169303, 33.2206477]]]}}, {"type": "Feature", "properties": {"height": 3.0, "num_floors": null, "subtype": null, "class": null, "roof_height": null, "height_source": "floored"}, "geometry": {"type": "Polygon", "coordinates": [[[35.616759, 33.2206678], [35.6166074, 33.2206814], [35.6165855, 33.2205109], [35.6166904, 33.2205015], [35.6166985, 33.2205648], [35.6167453, 33.2205606], [35.616759, 33.2206678]]]}}, {"type": "Feature", "properties": {"height": 3.0, "num_floors": null, "subtype": null, "class": null, "roof_height": null, "height_source": "floored"}, "geometry": {"type": "Polygon", "coordinates": [[[35.6166883, 33.2202667], [35.616519, 33.2202844], [35.6164945, 33.2201209], [35.6166639, 33.2201032], [35.6166883, 33.2202667]]]}}, {"type": "Feature", "properties": {"height": 3.0, "num_floors": null, "subtype": null, "class": null, "roof_height": null, "height_source": "floored"}, "geometry": {"type": "Polygon", "coordinates": [[[35.6165872, 33.2200103], [35.6165783, 33.219928], [35.6166368, 33.2199236], [35.6166457, 33.2200059], [35.6165872, 33.2200103]]]}}, {"type": "Feature", "properties": {"height": 3.0, "num_floors": null, "subtype": null, "class": null, "roof_height": null, "height_source": "floored"}, "geometry": {"type": "Polygon", "coordinates": [[[35.6167597, 33.2200211], [35.6167845, 33.2200691], [35.6167634, 33.2200767], [35.6167555, 33.2200616], [35.6167059, 33.2200796], [35.6166667, 33.2200041], [35.6166983, 33.2199926], [35.6167204, 33.2200353], [35.6167597, 33.2200211]]]}}, {"type": "Feature", "properties": {"height": 3.0, "num_floors": null, "subtype": null, "class": null, "roof_height": null, "height_source": "floored"}, "geometry": {"type": "Polygon", "coordinates": [[[35.6167607, 33.2196069], [35.6166513, 33.2196098], [35.616647, 33.2194939], [35.6167564, 33.219491], [35.6167607, 33.2196069]]]}}, {"type": "Feature", "properties": {"height": 3.0, "num_floors": null, "subtype": null, "class": null, "roof_height": null, "height_source": "floored"}, "geometry": {"type": "Polygon", "coordinates": [[[35.6167022, 33.219242], [35.6165259, 33.2192513], [35.6165141, 33.2190956], [35.6166259, 33.2190897], [35.6166227, 33.2190462], [35.6166872, 33.2190428], [35.6167022, 33.219242]]]}}, {"type": "Feature", "properties": {"height": 3.0, "num_floors": null, "subtype": null, "class": null, "roof_height": null, "height_source": "floored"}, "geometry": {"type": "Polygon", "coordinates": [[[35.6169656, 33.2196904], [35.6168893, 33.2196976], [35.6168751, 33.2195922], [35.6169724, 33.2195831], [35.6169682, 33.2195517], [35.617035, 33.2195454], [35.6170575, 33.219713], [35.6169697, 33.2197212], [35.6169656, 33.2196904]]]}}, {"type": "Feature", "properties": {"height": 3.0, "num_floors": null, "subtype": null, "class": null, "roof_height": null, "height_source": "floored"}, "geometry": {"type": "Polygon", "coordinates": [[[35.6169193, 33.21931], [35.6168018, 33.2192928], [35.6168329, 33.2191434], [35.6169696, 33.2191633], [35.616963, 33.2191949], [35.6170317, 33.2192049], [35.6170025, 33.2193456], [35.6169053, 33.2193315], [35.6169193, 33.21931]]]}}, {"type": "Feature", "properties": {"height": 3.0, "num_floors": null, "subtype": null, "class": null, "roof_height": null, "height_source": "floored"}, "geometry": {"type": "Polygon", "coordinates": [[[35.6169415, 33.2191105], [35.616995, 33.2191127], [35.6169928, 33.2191508], [35.6169393, 33.2191486], [35.6169415, 33.2191105]]]}}, {"type": "Feature", "properties": {"height": 3.0, "num_floors": null, "subtype": null, "class": null, "roof_height": null, "height_source": "floored"}, "geometry": {"type": "Polygon", "coordinates": [[[35.6168768, 33.219033], [35.6167724, 33.2190668], [35.6167279, 33.2189708], [35.6168323, 33.2189369], [35.6168768, 33.219033]]]}}, {"type": "Feature", "properties": {"height": 3.0, "num_floors": null, "subtype": null, "class": null, "roof_height": null, "height_source": "floored"}, "geometry": {"type": "Polygon", "coordinates": [[[35.6168674, 33.2185812], [35.6167485, 33.2185211], [35.6168251, 33.2184149], [35.6169871, 33.2184968], [35.6168931, 33.2186268], [35.6168502, 33.2186051], [35.6168674, 33.2185812]]]}}, {"type": "Feature", "properties": {"height": 3.0, "num_floors": null, "subtype": null, "class": null, "roof_height": null, "height_source": "floored"}, "geometry": {"type": "Polygon", "coordinates": [[[35.6170721, 33.2177413], [35.6170126, 33.2177885], [35.6169421, 33.2177262], [35.6170017, 33.217679], [35.6170721, 33.2177413]]]}}, {"type": "Feature", "properties": {"height": 3.0, "num_floors": null, "subtype": null, "class": null, "roof_height": null, "height_source": "floored"}, "geometry": {"type": "Polygon", "coordinates": [[[35.6168649, 33.218158], [35.616791, 33.2181058], [35.6169174, 33.2179805], [35.6170266, 33.2180576], [35.6169391, 33.2181443], [35.6169038, 33.2181194], [35.6168649, 33.218158]]]}}, {"type": "Feature", "properties": {"height": 3.0, "num_floors": null, "subtype": null, "class": null, "roof_height": null, "height_source": "floored"}, "geometry": {"type": "Polygon", "coordinates": [[[35.6166953, 33.2181459], [35.6165936, 33.2180843], [35.6167869, 33.2178609], [35.6168885, 33.2179224], [35.6166953, 33.2181459]]]}}, {"type": "Feature", "properties": {"height": 3.0, "num_floors": null, "subtype": null, "class": null, "roof_height": null, "height_source": "floored"}, "geometry": {"type": "Polygon", "coordinates": [[[35.616448, 33.2184145], [35.6163513, 33.2183661], [35.616457, 33.2182182], [35.6165538, 33.2182666], [35.616448, 33.2184145]]]}}, {"type": "Feature", "properties": {"height": 3.0, "num_floors": null, "subtype": null, "class": null, "roof_height": null, "height_source": "floored"}, "geometry": {"type": "Polygon", "coordinates": [[[35.6163082, 33.2189195], [35.616204, 33.2189466], [35.6161721, 33.2188607], [35.6161884, 33.218849], [35.6161613, 33.2187759], [35.6162466, 33.2187537], [35.6163082, 33.2189195]]]}}, {"type": "Feature", "properties": {"height": 3.0, "num_floors": null, "subtype": null, "class": null, "roof_height": null, "height_source": "floored"}, "geometry": {"type": "Polygon", "coordinates": [[[35.6160542, 33.2189715], [35.6158939, 33.2190176], [35.6158451, 33.2188987], [35.6159017, 33.2188824], [35.6158734, 33.2188136], [35.6158087, 33.2188322], [35.6157732, 33.218746], [35.6159022, 33.2187088], [35.6159165, 33.2187437], [35.6159558, 33.2187324], [35.6160542, 33.2189715]]]}}, {"type": "Feature", "properties": {"height": 3.0, "num_floors": null, "subtype": null, "class": null, "roof_height": null, "height_source": "floored"}, "geometry": {"type": "Polygon", "coordinates": [[[35.6158268, 33.2190445], [35.6157121, 33.2190795], [35.6156748, 33.2189941], [35.6157181, 33.2189809], [35.615706, 33.2189532], [35.6157774, 33.2189313], [35.6158268, 33.2190445]]]}}, {"type": "Feature", "properties": {"height": 3.0, "num_floors": null, "subtype": null, "class": null, "roof_height": null, "height_source": "floored"}, "geometry": {"type": "Polygon", "coordinates": [[[35.6156054, 33.219085], [35.6154666, 33.2191254], [35.6153618, 33.2188736], [35.6155005, 33.2188331], [35.6156054, 33.219085]]]}}, {"type": "Feature", "properties": {"height": 3.0, "num_floors": null, "subtype": null, "class": null, "roof_height": null, "height_source": "floored"}, "geometry": {"type": "Polygon", "coordinates": [[[35.6153779, 33.2187292], [35.6153857, 33.218752], [35.6153361, 33.2187639], [35.6153283, 33.218741], [35.6153779, 33.2187292]]]}}, {"type": "Feature", "properties": {"height": 3.0, "num_floors": null, "subtype": null, "class": null, "roof_height": null, "height_source": "floored"}, "geometry": {"type": "Polygon", "coordinates": [[[35.6153602, 33.2188212], [35.6153481, 33.2187811], [35.6154324, 33.2187634], [35.6154444, 33.2188035], [35.6153602, 33.2188212]]]}}, {"type": "Feature", "properties": {"height": 3.0, "num_floors": null, "subtype": null, "class": null, "roof_height": null, "height_source": "floored"}, "geometry": {"type": "Polygon", "coordinates": [[[35.6171047, 33.2176699], [35.6170439, 33.217667], [35.6170523, 33.2175456], [35.6171721, 33.2175514], [35.6171684, 33.2176048], [35.6172448, 33.2175538], [35.6172998, 33.2176114], [35.6171466, 33.2177138], [35.6171047, 33.2176699]]]}}, {"type": "Feature", "properties": {"height": 3.0, "num_floors": null, "subtype": null, "class": null, "roof_height": null, "height_source": "floored"}, "geometry": {"type": "Polygon", "coordinates": [[[35.6172318, 33.217902], [35.6171339, 33.2178095], [35.6172711, 33.2177079], [35.617369, 33.2178003], [35.6172318, 33.217902]]]}}, {"type": "Feature", "properties": {"height": 3.0, "num_floors": null, "subtype": null, "class": null, "roof_height": null, "height_source": "floored"}, "geometry": {"type": "Polygon", "coordinates": [[[35.6172493, 33.2179921], [35.6172185, 33.2179663], [35.61726, 33.2179315], [35.6172909, 33.2179573], [35.6172493, 33.2179921]]]}}, {"type": "Feature", "properties": {"height": 3.0, "num_floors": null, "subtype": null, "class": null, "roof_height": null, "height_source": "floored"}, "geometry": {"type": "Polygon", "coordinates": [[[35.6169995, 33.2180379], [35.6170325, 33.218005], [35.6170876, 33.2180436], [35.6170546, 33.2180765], [35.6169995, 33.2180379]]]}}, {"type": "Feature", "properties": {"height": 3.0, "num_floors": null, "subtype": null, "class": null, "roof_height": null, "height_source": "floored"}, "geometry": {"type": "Polygon", "coordinates": [[[35.6170525, 33.2182911], [35.6169801, 33.2182324], [35.6171116, 33.2181189], [35.6172375, 33.2182211], [35.6171546, 33.2182927], [35.617101, 33.2182493], [35.6170525, 33.2182911]]]}}, {"type": "Feature", "properties": {"height": 3.0, "num_floors": null, "subtype": null, "class": null, "roof_height": null, "height_source": "floored"}, "geometry": {"type": "Polygon", "coordinates": [[[35.6170513, 33.2185264], [35.6171549, 33.2185588], [35.6170881, 33.2187085], [35.6169845, 33.2186761], [35.6170513, 33.2185264]]]}}, {"type": "Feature", "properties": {"height": 3.0, "num_floors": null, "subtype": null, "class": null, "roof_height": null, "height_source": "floored"}, "geometry": {"type": "Polygon", "coordinates": [[[35.6171706, 33.2190498], [35.6171109, 33.2190228], [35.6171498, 33.2189625], [35.6172096, 33.2189894], [35.6171706, 33.2190498]]]}}, {"type": "Feature", "properties": {"height": 3.0, "num_floors": null, "subtype": null, "class": null, "roof_height": null, "height_source": "floored"}, "geometry": {"type": "Polygon", "coordinates": [[[35.6172353, 33.218462], [35.6171511, 33.2183967], [35.6172953, 33.2182667], [35.6173899, 33.2183402], [35.6173548, 33.2183719], [35.6173979, 33.2184054], [35.617345, 33.2184531], [35.6172914, 33.2184115], [35.6172353, 33.218462]]]}}, {"type": "Feature", "properties": {"height": 3.0, "num_floors": null, "subtype": null, "class": null, "roof_height": null, "height_source": "floored"}, "geometry": {"type": "Polygon", "coordinates": [[[35.6173394, 33.2187587], [35.6172753, 33.218726], [35.6173328, 33.2186472], [35.6173968, 33.2186799], [35.6173394, 33.2187587]]]}}, {"type": "Feature", "properties": {"height": 3.0, "num_floors": null, "subtype": null, "class": null, "roof_height": null, "height_source": "floored"}, "geometry": {"type": "Polygon", "coordinates": [[[35.6174657, 33.2188719], [35.6173342, 33.2187995], [35.6174316, 33.2186756], [35.61767, 33.2188067], [35.6175964, 33.2189004], [35.6174791, 33.218836], [35.6174657, 33.2188719]]]}}, {"type": "Feature", "properties": {"height": 3.0, "num_floors": null, "subtype": null, "class": null, "roof_height": null, "height_source": "floored"}, "geometry": {"type": "Polygon", "coordinates": [[[35.6174196, 33.2184617], [35.6173987, 33.2184314], [35.6174538, 33.2184047], [35.6174747, 33.218435], [35.6174196, 33.2184617]]]}}, {"type": "Feature", "properties": {"height": 3.0, "num_floors": null, "subtype": null, "class": null, "roof_height": null, "height_source": "floored"}, "geometry": {"type": "Polygon", "coordinates": [[[35.6173829, 33.218062], [35.6173089, 33.2179703], [35.6174824, 33.2178723], [35.6175564, 33.217964], [35.6173829, 33.218062]]]}}, {"type": "Feature", "properties": {"height": 3.0, "num_floors": null, "subtype": null, "class": null, "roof_height": null, "height_source": "floored"}, "geometry": {"type": "Polygon", "coordinates": [[[35.6176793, 33.2181908], [35.6175886, 33.2182439], [35.6175328, 33.2181773], [35.6176876, 33.2180866], [35.6177761, 33.2181923], [35.617712, 33.2182299], [35.6176793, 33.2181908]]]}}, {"type": "Feature", "properties": {"height": 3.0, "num_floors": null, "subtype": null, "class": null, "roof_height": null, "height_source": "floored"}, "geometry": {"type": "Polygon", "coordinates": [[[35.6175191, 33.2181418], [35.6174801, 33.2180997], [35.6175552, 33.2180511], [35.6175941, 33.2180932], [35.6175191, 33.2181418]]]}}, {"type": "Feature", "properties": {"height": 3.0, "num_floors": null, "subtype": null, "class": null, "roof_height": null, "height_source": "floored"}, "geometry": {"type": "Polygon", "coordinates": [[[35.6175844, 33.218698], [35.6174502, 33.2186028], [35.6175468, 33.2185075], [35.617681, 33.2186028], [35.6175844, 33.218698]]]}}, {"type": "Feature", "properties": {"height": 3.0, "num_floors": null, "subtype": null, "class": null, "roof_height": null, "height_source": "floored"}, "geometry": {"type": "Polygon", "coordinates": [[[35.6179526, 33.2183489], [35.6178224, 33.2184348], [35.6177515, 33.2183597], [35.6177916, 33.2183332], [35.6177582, 33.2182978], [35.6178484, 33.2182383], [35.6179526, 33.2183489]]]}}, {"type": "Feature", "properties": {"height": 3.0, "num_floors": null, "subtype": null, "class": null, "roof_height": null, "height_source": "floored"}, "geometry": {"type": "Polygon", "coordinates": [[[35.6180572, 33.2184519], [35.6179908, 33.2184953], [35.6179223, 33.218422], [35.6179886, 33.2183786], [35.6180572, 33.2184519]]]}}, {"type": "Feature", "properties": {"height": 3.0, "num_floors": null, "subtype": null, "class": null, "roof_height": null, "height_source": "floored"}, "geometry": {"type": "Polygon", "coordinates": [[[35.6180328, 33.2180412], [35.6179159, 33.2180902], [35.6178596, 33.2179962], [35.6179764, 33.2179472], [35.6180328, 33.2180412]]]}}, {"type": "Feature", "properties": {"height": 3.0, "num_floors": null, "subtype": null, "class": null, "roof_height": null, "height_source": "floored"}, "geometry": {"type": "Polygon", "coordinates": [[[35.6178596, 33.2179962], [35.6177791, 33.2180355], [35.6177413, 33.2179776], [35.6178251, 33.2179393], [35.6178596, 33.2179962]]]}}, {"type": "Feature", "properties": {"height": 3.0, "num_floors": null, "subtype": null, "class": null, "roof_height": null, "height_source": "floored"}, "geometry": {"type": "Polygon", "coordinates": [[[35.6182352, 33.2173756], [35.6180429, 33.2174342], [35.617988, 33.2173081], [35.617949, 33.21732], [35.6179223, 33.2172584], [35.6180037, 33.2172336], [35.6179831, 33.2171864], [35.6181331, 33.2171407], [35.6182352, 33.2173756]]]}}, {"type": "Feature", "properties": {"height": 3.0, "num_floors": null, "subtype": null, "class": null, "roof_height": null, "height_source": "floored"}, "geometry": {"type": "Polygon", "coordinates": [[[35.6180963, 33.2176449], [35.618055, 33.2176577], [35.6180153, 33.217568], [35.6182473, 33.2174962], [35.618274, 33.2175565], [35.6181562, 33.217593], [35.6181875, 33.2176637], [35.6181147, 33.2176863], [35.6180963, 33.2176449]]]}}, {"type": "Feature", "properties": {"height": 3.0, "num_floors": null, "subtype": null, "class": null, "roof_height": null, "height_source": "floored"}, "geometry": {"type": "Polygon", "coordinates": [[[35.6180202, 33.2182933], [35.617946, 33.2181942], [35.6180953, 33.2181159], [35.6181362, 33.2181705], [35.618116, 33.2181811], [35.6181494, 33.2182256], [35.6180202, 33.2182933]]]}}, {"type": "Feature", "properties": {"height": 3.0, "num_floors": null, "subtype": "residential", "class": "detached", "roof_height": null, "height_source": "floored"}, "geometry": {"type": "Polygon", "coordinates": [[[35.6181877, 33.2190198], [35.6181158, 33.2189496], [35.6182301, 33.2188677], [35.6183445, 33.2189794], [35.6182858, 33.2190215], [35.6182432, 33.2189799], [35.6181877, 33.2190198]]]}}, {"type": "Feature", "properties": {"height": 3.0, "num_floors": null, "subtype": "residential", "class": "detached", "roof_height": null, "height_source": "floored"}, "geometry": {"type": "Polygon", "coordinates": [[[35.6185106, 33.2188684], [35.6183689, 33.2189396], [35.6182685, 33.2187999], [35.6183544, 33.2187568], [35.6183806, 33.2187932], [35.6184365, 33.2187651], [35.6185106, 33.2188684]]]}}, {"type": "Feature", "properties": {"height": 3.0, "num_floors": null, "subtype": null, "class": null, "roof_height": null, "height_source": "floored"}, "geometry": {"type": "Polygon", "coordinates": [[[35.6183258, 33.2186617], [35.6182914, 33.2186014], [35.6183578, 33.2185748], [35.6183922, 33.2186351], [35.6183258, 33.2186617]]]}}, {"type": "Feature", "properties": {"height": 3.0, "num_floors": null, "subtype": null, "class": null, "roof_height": null, "height_source": "floored"}, "geometry": {"type": "Polygon", "coordinates": [[[35.6185356, 33.2181103], [35.6183974, 33.2181673], [35.6183328, 33.2180575], [35.618471, 33.2180005], [35.6185356, 33.2181103]]]}}, {"type": "Feature", "properties": {"height": 3.0, "num_floors": null, "subtype": null, "class": null, "roof_height": null, "height_source": "floored"}, "geometry": {"type": "Polygon", "coordinates": [[[35.618281, 33.2178993], [35.6182209, 33.2179209], [35.6181708, 33.2178235], [35.6183276, 33.2177671], [35.6183906, 33.2178895], [35.6182938, 33.2179243], [35.618281, 33.2178993]]]}}, {"type": "Feature", "properties": {"height": 3.0, "num_floors": null, "subtype": null, "class": null, "roof_height": null, "height_source": "floored"}, "geometry": {"type": "Polygon", "coordinates": [[[35.6183152, 33.2174493], [35.6183277, 33.2174868], [35.6182843, 33.217497], [35.6182718, 33.2174595], [35.6183152, 33.2174493]]]}}, {"type": "Feature", "properties": {"height": 3.0, "num_floors": null, "subtype": null, "class": null, "roof_height": null, "height_source": "floored"}, "geometry": {"type": "Polygon", "coordinates": [[[35.6187076, 33.2175755], [35.6184446, 33.2176294], [35.6184049, 33.2174937], [35.6186679, 33.2174398], [35.6187076, 33.2175755]]]}}, {"type": "Feature", "properties": {"height": 3.0, "num_floors": null, "subtype": null, "class": null, "roof_height": null, "height_source": "floored"}, "geometry": {"type": "Polygon", "coordinates": [[[35.6185972, 33.2177858], [35.6185316, 33.2177843], [35.6185353, 33.2176708], [35.6187141, 33.2176748], [35.6187118, 33.2177465], [35.6186593, 33.2177453], [35.6186572, 33.2178108], [35.6185965, 33.2178095], [35.6185972, 33.2177858]]]}}, {"type": "Feature", "properties": {"height": 3.0, "num_floors": null, "subtype": null, "class": null, "roof_height": null, "height_source": "floored"}, "geometry": {"type": "Polygon", "coordinates": [[[35.6187763, 33.2180536], [35.6186298, 33.2180761], [35.6186031, 33.2179542], [35.6187496, 33.2179317], [35.6187763, 33.2180536]]]}}, {"type": "Feature", "properties": {"height": 3.0, "num_floors": null, "subtype": null, "class": null, "roof_height": null, "height_source": "floored"}, "geometry": {"type": "Polygon", "coordinates": [[[35.6185725, 33.2186281], [35.6185433, 33.2185606], [35.6186168, 33.2185384], [35.618646, 33.2186058], [35.6185725, 33.2186281]]]}}, {"type": "Feature", "properties": {"height": 3.0, "num_floors": null, "subtype": "residential", "class": "detached", "roof_height": null, "height_source": "floored"}, "geometry": {"type": "Polygon", "coordinates": [[[35.6186961, 33.2187848], [35.6185614, 33.218834], [35.6184853, 33.2186882], [35.6185616, 33.2186603], [35.6185778, 33.2186913], [35.6186361, 33.21867], [35.6186961, 33.2187848]]]}}, {"type": "Feature", "properties": {"height": 3.0, "num_floors": null, "subtype": "residential", "class": "detached", "roof_height": null, "height_source": "floored"}, "geometry": {"type": "Polygon", "coordinates": [[[35.6188399, 33.2186541], [35.6187369, 33.2186684], [35.6187091, 33.2185277], [35.6188572, 33.2185072], [35.6188727, 33.2185853], [35.6188276, 33.2185916], [35.6188399, 33.2186541]]]}}, {"type": "Feature", "properties": {"height": 3.0, "num_floors": null, "subtype": null, "class": null, "roof_height": null, "height_source": "floored"}, "geometry": {"type": "Polygon", "coordinates": [[[35.6188839, 33.218778], [35.6188083, 33.2187927], [35.6187925, 33.218736], [35.618868, 33.2187212], [35.6188839, 33.218778]]]}}, {"type": "Feature", "properties": {"height": 3.0, "num_floors": null, "subtype": null, "class": null, "roof_height": null, "height_source": "floored"}, "geometry": {"type": "Polygon", "coordinates": [[[35.61887, 33.2175265], [35.6188608, 33.2174806], [35.6189429, 33.2174691], [35.618952, 33.217515], [35.61887, 33.2175265]]]}}, {"type": "Feature", "properties": {"height": 3.0, "num_floors": null, "subtype": null, "class": null, "roof_height": null, "height_source": "floored"}, "geometry": {"type": "Polygon", "coordinates": [[[35.6190732, 33.2173533], [35.6189488, 33.2173651], [35.6189393, 33.2172946], [35.6189067, 33.2172977], [35.6189001, 33.2172486], [35.619088, 33.2172308], [35.6190971, 33.2172987], [35.6190662, 33.2173016], [35.6190732, 33.2173533]]]}}, {"type": "Feature", "properties": {"height": 3.0, "num_floors": null, "subtype": null, "class": null, "roof_height": null, "height_source": "floored"}, "geometry": {"type": "Polygon", "coordinates": [[[35.6185407, 33.2173175], [35.6184929, 33.2173284], [35.6184734, 33.2172684], [35.6186018, 33.2172393], [35.6186466, 33.2173778], [35.6185661, 33.217396], [35.6185407, 33.2173175]]]}}, {"type": "Feature", "properties": {"height": 3.0, "num_floors": null, "subtype": null, "class": null, "roof_height": null, "height_source": "floored"}, "geometry": {"type": "Polygon", "coordinates": [[[35.6190851, 33.2175809], [35.6189906, 33.2175863], [35.6189808, 33.2174677], [35.6189504, 33.2174695], [35.618946, 33.2174159], [35.619134, 33.2174051], [35.6191409, 33.2174895], [35.6190779, 33.2174931], [35.6190851, 33.2175809]]]}}, {"type": "Feature", "properties": {"height": 3.0, "num_floors": null, "subtype": null, "class": null, "roof_height": null, "height_source": "floored"}, "geometry": {"type": "Polygon", "coordinates": [[[35.6191327, 33.2178173], [35.6189401, 33.2178345], [35.6189137, 33.2176277], [35.6191283, 33.2176086], [35.6191377, 33.2176825], [35.6190495, 33.2176904], [35.6190555, 33.2177378], [35.6191218, 33.2177319], [35.6191327, 33.2178173]]]}}, {"type": "Feature", "properties": {"height": 3.0, "num_floors": null, "subtype": null, "class": null, "roof_height": null, "height_source": "floored"}, "geometry": {"type": "Polygon", "coordinates": [[[35.6192258, 33.2186186], [35.6191039, 33.2186251], [35.6190929, 33.2184804], [35.6192148, 33.2184739], [35.6192258, 33.2186186]]]}}, {"type": "Feature", "properties": {"height": 3.0, "num_floors": null, "subtype": null, "class": null, "roof_height": null, "height_source": "floored"}, "geometry": {"type": "Polygon", "coordinates": [[[35.6193959, 33.2184655], [35.6193424, 33.2184627], [35.6193465, 33.2184091], [35.6193999, 33.2184119], [35.6193959, 33.2184655]]]}}, {"type": "Feature", "properties": {"height": 3.0, "num_floors": null, "subtype": null, "class": null, "roof_height": null, "height_source": "floored"}, "geometry": {"type": "Polygon", "coordinates": [[[35.6197843, 33.2179029], [35.6196326, 33.2178707], [35.6196887, 33.2176859], [35.6198403, 33.2177181], [35.6197843, 33.2179029]]]}}, {"type": "Feature", "properties": {"height": 3.0, "num_floors": null, "subtype": null, "class": null, "roof_height": null, "height_source": "floored"}, "geometry": {"type": "Polygon", "coordinates": [[[35.6196434, 33.2180748], [35.619571, 33.2180624], [35.6196026, 33.2179336], [35.6197335, 33.2179561], [35.6197145, 33.2180336], [35.6197365, 33.2180374], [35.6197185, 33.2181105], [35.619638, 33.2180967], [35.6196434, 33.2180748]]]}}, {"type": "Feature", "properties": {"height": 3.0, "num_floors": null, "subtype": null, "class": null, "roof_height": null, "height_source": "floored"}, "geometry": {"type": "Polygon", "coordinates": [[[35.6199273, 33.2179717], [35.6199892, 33.2179901], [35.6199669, 33.2180427], [35.619905, 33.2180243], [35.6199273, 33.2179717]]]}}, {"type": "Feature", "properties": {"height": 3.0, "num_floors": null, "subtype": null, "class": null, "roof_height": null, "height_source": "floored"}, "geometry": {"type": "Polygon", "coordinates": [[[35.6198874, 33.2176561], [35.6197465, 33.2176184], [35.6198121, 33.2174465], [35.6199532, 33.2174843], [35.6198874, 33.2176561]]]}}, {"type": "Feature", "properties": {"height": 3.0, "num_floors": null, "subtype": null, "class": null, "roof_height": null, "height_source": "floored"}, "geometry": {"type": "Polygon", "coordinates": [[[35.6199667, 33.2174401], [35.6197881, 33.2173881], [35.6198213, 33.2173081], [35.6198814, 33.2173256], [35.6199038, 33.2172717], [35.6200069, 33.2173017], [35.6200169, 33.2172775], [35.6200874, 33.2172981], [35.6200525, 33.217382], [35.6199976, 33.217366], [35.6199667, 33.2174401]]]}}, {"type": "Feature", "properties": {"height": 3.0, "num_floors": null, "subtype": null, "class": null, "roof_height": null, "height_source": "floored"}, "geometry": {"type": "Polygon", "coordinates": [[[35.6198772, 33.217214], [35.6197783, 33.2171913], [35.6198048, 33.2171104], [35.6198316, 33.2171166], [35.6198457, 33.2170738], [35.620127, 33.2171384], [35.6200997, 33.2172219], [35.6198904, 33.2171738], [35.6198772, 33.217214]]]}}, {"type": "Feature", "properties": {"height": 3.0, "num_floors": null, "subtype": null, "class": null, "roof_height": null, "height_source": "floored"}, "geometry": {"type": "Polygon", "coordinates": [[[35.6201397, 33.2179357], [35.6200535, 33.2179035], [35.6201207, 33.2177776], [35.6202874, 33.2178399], [35.6202384, 33.2179318], [35.6201579, 33.2179017], [35.6201397, 33.2179357]]]}}, {"type": "Feature", "properties": {"height": 3.0, "num_floors": null, "subtype": null, "class": null, "roof_height": null, "height_source": "floored"}, "geometry": {"type": "Polygon", "coordinates": [[[35.6201571, 33.2180823], [35.6201717, 33.2180435], [35.6202376, 33.2180608], [35.6202231, 33.2180996], [35.6201571, 33.2180823]]]}}, {"type": "Feature", "properties": {"height": 3.0, "num_floors": null, "subtype": null, "class": null, "roof_height": null, "height_source": "floored"}, "geometry": {"type": "Polygon", "coordinates": [[[35.6199561, 33.2181797], [35.6199356, 33.2181729], [35.6200079, 33.2180209], [35.6200684, 33.2180411], [35.6200553, 33.2180686], [35.6201285, 33.2180929], [35.6200774, 33.2182002], [35.6200319, 33.2181851], [35.619994, 33.2182646], [35.6199265, 33.2182421], [35.6199561, 33.2181797]]]}}, {"type": "Feature", "properties": {"height": 3.0, "num_floors": null, "subtype": null, "class": null, "roof_height": null, "height_source": "floored"}, "geometry": {"type": "Polygon", "coordinates": [[[35.6202684, 33.2183026], [35.6201794, 33.2182447], [35.6202662, 33.2181513], [35.6203293, 33.2181924], [35.6203045, 33.2182191], [35.6203589, 33.2182545], [35.6203124, 33.2183045], [35.6202839, 33.2182859], [35.6202684, 33.2183026]]]}}, {"type": "Feature", "properties": {"height": 3.0, "num_floors": null, "subtype": null, "class": null, "roof_height": null, "height_source": "floored"}, "geometry": {"type": "Polygon", "coordinates": [[[35.6204632, 33.2181692], [35.6204226, 33.2181386], [35.6204605, 33.2181034], [35.6205011, 33.218134], [35.6204632, 33.2181692]]]}}, {"type": "Feature", "properties": {"height": 3.0, "num_floors": null, "subtype": null, "class": null, "roof_height": null, "height_source": "floored"}, "geometry": {"type": "Polygon", "coordinates": [[[35.6204609, 33.2180725], [35.6203758, 33.2180119], [35.6204718, 33.2179175], [35.6206015, 33.2180098], [35.6205423, 33.218068], [35.6204977, 33.2180363], [35.6204609, 33.2180725]]]}}, {"type": "Feature", "properties": {"height": 3.0, "num_floors": null, "subtype": null, "class": null, "roof_height": null, "height_source": "floored"}, "geometry": {"type": "Polygon", "coordinates": [[[35.6203553, 33.2177915], [35.6201461, 33.2177106], [35.620231, 33.217557], [35.6204649, 33.2176474], [35.6204322, 33.2177065], [35.6204075, 33.217697], [35.6203553, 33.2177915]]]}}, {"type": "Feature", "properties": {"height": 3.0, "num_floors": null, "subtype": null, "class": null, "roof_height": null, "height_source": "floored"}, "geometry": {"type": "Polygon", "coordinates": [[[35.6204153, 33.2175587], [35.6202698, 33.21751], [35.6203323, 33.2173793], [35.6205208, 33.2174423], [35.6204901, 33.2175064], [35.6204472, 33.2174921], [35.6204153, 33.2175587]]]}}, {"type": "Feature", "properties": {"height": 3.0, "num_floors": null, "subtype": null, "class": null, "roof_height": null, "height_source": "floored"}, "geometry": {"type": "Polygon", "coordinates": [[[35.6206331, 33.2178885], [35.6205222, 33.2178151], [35.6205828, 33.2177509], [35.6206067, 33.2177667], [35.6206464, 33.2177246], [35.620774, 33.2178091], [35.6207149, 33.2178717], [35.6206744, 33.2178449], [35.6206331, 33.2178885]]]}}, {"type": "Feature", "properties": {"height": 3.0, "num_floors": null, "subtype": null, "class": null, "roof_height": null, "height_source": "floored"}, "geometry": {"type": "Polygon", "coordinates": [[[35.620612, 33.2183309], [35.6205803, 33.2183076], [35.6206135, 33.2182759], [35.6206453, 33.2182993], [35.620612, 33.2183309]]]}}, {"type": "Feature", "properties": {"height": 3.0, "num_floors": null, "subtype": null, "class": null, "roof_height": null, "height_source": "floored"}, "geometry": {"type": "Polygon", "coordinates": [[[35.6205865, 33.2186012], [35.6204586, 33.2185103], [35.6206127, 33.2183585], [35.6207187, 33.2184338], [35.6206155, 33.2185354], [35.6206374, 33.218551], [35.6205865, 33.2186012]]]}}, {"type": "Feature", "properties": {"height": 3.0, "num_floors": null, "subtype": null, "class": null, "roof_height": null, "height_source": "floored"}, "geometry": {"type": "Polygon", "coordinates": [[[35.6209668, 33.2182442], [35.6208534, 33.2183662], [35.6207349, 33.2182891], [35.6207981, 33.218221], [35.6207537, 33.2181921], [35.6208038, 33.2181382], [35.6209668, 33.2182442]]]}}, {"type": "Feature", "properties": {"height": 3.0, "num_floors": null, "subtype": null, "class": null, "roof_height": null, "height_source": "floored"}, "geometry": {"type": "Polygon", "coordinates": [[[35.6207561, 33.2176929], [35.6207124, 33.2176684], [35.6207853, 33.2175776], [35.6209255, 33.2176564], [35.6208767, 33.2177171], [35.6208323, 33.2176921], [35.620791, 33.2177436], [35.6207389, 33.2177144], [35.6207561, 33.2176929]]]}}, {"type": "Feature", "properties": {"height": 3.0, "num_floors": null, "subtype": null, "class": null, "roof_height": null, "height_source": "floored"}, "geometry": {"type": "Polygon", "coordinates": [[[35.6209508, 33.2176162], [35.6208109, 33.2175265], [35.6209312, 33.2173951], [35.6209801, 33.2174264], [35.6209997, 33.2174049], [35.621079, 33.2174557], [35.6210429, 33.2174951], [35.6210709, 33.217513], [35.621033, 33.2175544], [35.6210168, 33.217544], [35.6209508, 33.2176162]]]}}, {"type": "Feature", "properties": {"height": 3.0, "num_floors": null, "subtype": null, "class": null, "roof_height": null, "height_source": "floored"}, "geometry": {"type": "Polygon", "coordinates": [[[35.6204775, 33.2173454], [35.6204157, 33.2173246], [35.6204602, 33.2172318], [35.6206083, 33.2172817], [35.6205839, 33.2173324], [35.6206052, 33.2173396], [35.6205716, 33.2174095], [35.620464, 33.2173733], [35.6204775, 33.2173454]]]}}, {"type": "Feature", "properties": {"height": 3.0, "num_floors": null, "subtype": "agricultural", "class": "farm_auxiliary", "roof_height": null, "height_source": "floored"}, "geometry": {"type": "Polygon", "coordinates": [[[35.6249922, 33.2166307], [35.6239288, 33.2168921], [35.6238724, 33.2167317], [35.6249358, 33.2164703], [35.6249922, 33.2166307]]]}}, {"type": "Feature", "properties": {"height": 3.0, "num_floors": null, "subtype": "agricultural", "class": "farm_auxiliary", "roof_height": null, "height_source": "floored"}, "geometry": {"type": "Polygon", "coordinates": [[[35.6240358, 33.2170598], [35.6239846, 33.2169161], [35.6250404, 33.2166528], [35.6250915, 33.2167965], [35.6240358, 33.2170598]]]}}, {"type": "Feature", "properties": {"height": 3.0, "num_floors": null, "subtype": null, "class": null, "roof_height": null, "height_source": "floored"}, "geometry": {"type": "Polygon", "coordinates": [[[35.6249823, 33.2181409], [35.6247081, 33.2181559], [35.6246766, 33.2179603], [35.6249553, 33.2179415], [35.6249823, 33.2181409]]]}}, {"type": "Feature", "properties": {"height": 3.0, "num_floors": null, "subtype": null, "class": null, "roof_height": null, "height_source": "floored"}, "geometry": {"type": "Polygon", "coordinates": [[[35.6246466, 33.2182294], [35.6246153, 33.2181874], [35.6246694, 33.2181592], [35.6247007, 33.2182012], [35.6246466, 33.2182294]]]}}, {"type": "Feature", "properties": {"height": 3.5, "num_floors": null, "subtype": null, "class": null, "roof_height": null, "height_source": "ndsm"}, "geometry": {"type": "Polygon", "coordinates": [[[35.6245239, 33.2190693], [35.6245148, 33.2189171], [35.6246513, 33.2189114], [35.6246573, 33.2190121], [35.6246268, 33.2190134], [35.6246299, 33.2190649], [35.6245239, 33.2190693]]]}}, {"type": "Feature", "properties": {"height": 3.0, "num_floors": null, "subtype": null, "class": null, "roof_height": null, "height_source": "floored"}, "geometry": {"type": "Polygon", "coordinates": [[[35.6242824, 33.218829], [35.6242718, 33.2186577], [35.6244055, 33.2186519], [35.6244162, 33.2188232], [35.6242824, 33.218829]]]}}, {"type": "Feature", "properties": {"height": 3.1, "num_floors": null, "subtype": null, "class": null, "roof_height": null, "height_source": "ndsm"}, "geometry": {"type": "Polygon", "coordinates": [[[35.623931, 33.2188638], [35.6239677, 33.2188685], [35.6239619, 33.2189002], [35.6239252, 33.2188955], [35.623931, 33.2188638]]]}}, {"type": "Feature", "properties": {"height": 3.0, "num_floors": null, "subtype": null, "class": null, "roof_height": null, "height_source": "floored"}, "geometry": {"type": "Polygon", "coordinates": [[[35.6241528, 33.2182306], [35.6238632, 33.2182515], [35.6237484, 33.2177043], [35.624018, 33.2176626], [35.6241528, 33.2182306]]]}}, {"type": "Feature", "properties": {"height": 3.0, "num_floors": null, "subtype": "agricultural", "class": "farm_auxiliary", "roof_height": null, "height_source": "floored"}, "geometry": {"type": "Polygon", "coordinates": [[[35.6227976, 33.217399], [35.6227533, 33.2172668], [35.6238378, 33.2170122], [35.6238473, 33.2171527], [35.6227976, 33.217399]]]}}, {"type": "Feature", "properties": {"height": 3.0, "num_floors": null, "subtype": "agricultural", "class": "farm_auxiliary", "roof_height": null, "height_source": "floored"}, "geometry": {"type": "Polygon", "coordinates": [[[35.6235493, 33.2179804], [35.6224872, 33.218258], [35.6224353, 33.2181191], [35.6234974, 33.2178415], [35.6235493, 33.2179804]]]}}, {"type": "Feature", "properties": {"height": 3.0, "num_floors": null, "subtype": null, "class": null, "roof_height": null, "height_source": "floored"}, "geometry": {"type": "Polygon", "coordinates": [[[35.6233271, 33.2188951], [35.6233899, 33.2188777], [35.6234115, 33.2189322], [35.6233487, 33.2189497], [35.6233271, 33.2188951]]]}}, {"type": "Feature", "properties": {"height": 3.0, "num_floors": null, "subtype": null, "class": null, "roof_height": null, "height_source": "floored"}, "geometry": {"type": "Polygon", "coordinates": [[[35.6232452, 33.2189825], [35.6232393, 33.2188964], [35.6232982, 33.2188936], [35.623304, 33.2189797], [35.6232452, 33.2189825]]]}}, {"type": "Feature", "properties": {"height": 3.0, "num_floors": null, "subtype": "agricultural", "class": "farm_auxiliary", "roof_height": null, "height_source": "floored"}, "geometry": {"type": "Polygon", "coordinates": [[[35.6236262, 33.2182117], [35.6225681, 33.2184934], [35.622521, 33.2183697], [35.6235792, 33.218088], [35.6236262, 33.2182117]]]}}, {"type": "Feature", "properties": {"height": 3.0, "num_floors": null, "subtype": null, "class": null, "roof_height": null, "height_source": "floored"}, "geometry": {"type": "Polygon", "coordinates": [[[35.622792, 33.2188323], [35.6228494, 33.2188569], [35.6228205, 33.218904], [35.6227632, 33.2188794], [35.622792, 33.2188323]]]}}, {"type": "Feature", "properties": {"height": 3.0, "num_floors": null, "subtype": null, "class": null, "roof_height": null, "height_source": "floored"}, "geometry": {"type": "Polygon", "coordinates": [[[35.6227624, 33.2190709], [35.6225581, 33.219045], [35.6225643, 33.2189336], [35.6228027, 33.2189803], [35.6227624, 33.2190709]]]}}, {"type": "Feature", "properties": {"height": 3.0, "num_floors": null, "subtype": null, "class": null, "roof_height": null, "height_source": "floored"}, "geometry": {"type": "Polygon", "coordinates": [[[35.6225023, 33.2190191], [35.6221834, 33.2190139], [35.6221741, 33.2189026], [35.622493, 33.2189077], [35.6225023, 33.2190191]]]}}, {"type": "Feature", "properties": {"height": 3.0, "num_floors": null, "subtype": null, "class": null, "roof_height": null, "height_source": "floored"}, "geometry": {"type": "Polygon", "coordinates": [[[35.62148, 33.2177603], [35.6213564, 33.2178715], [35.621192, 33.2177436], [35.6212461, 33.2176949], [35.6212833, 33.2177239], [35.6213278, 33.2176838], [35.6213909, 33.2177329], [35.6214159, 33.2177104], [35.62148, 33.2177603]]]}}, {"type": "Feature", "properties": {"height": 3.0, "num_floors": null, "subtype": null, "class": null, "roof_height": null, "height_source": "floored"}, "geometry": {"type": "Polygon", "coordinates": [[[35.6212164, 33.2180657], [35.6211646, 33.2180495], [35.6211817, 33.2180112], [35.6212335, 33.2180274], [35.6212164, 33.2180657]]]}}, {"type": "Feature", "properties": {"height": 3.0, "num_floors": null, "subtype": null, "class": null, "roof_height": null, "height_source": "floored"}, "geometry": {"type": "Polygon", "coordinates": [[[35.6211939, 33.2181202], [35.6211684, 33.218091], [35.621205, 33.2180685], [35.6212306, 33.2180977], [35.6211939, 33.2181202]]]}}, {"type": "Feature", "properties": {"height": 3.0, "num_floors": null, "subtype": null, "class": null, "roof_height": null, "height_source": "floored"}, "geometry": {"type": "Polygon", "coordinates": [[[35.6212742, 33.2179042], [35.6211599, 33.2180152], [35.6210468, 33.2179337], [35.621107, 33.2178754], [35.6210741, 33.2178517], [35.6211284, 33.217799], [35.6212742, 33.2179042]]]}}, {"type": "Feature", "properties": {"height": 3.0, "num_floors": null, "subtype": null, "class": null, "roof_height": null, "height_source": "floored"}, "geometry": {"type": "Polygon", "coordinates": [[[35.6211735, 33.2180851], [35.6210567, 33.2182004], [35.620945, 33.2181211], [35.6210134, 33.2180537], [35.6209156, 33.2179844], [35.6209641, 33.2179365], [35.6211735, 33.2180851]]]}}, {"type": "Feature", "properties": {"height": 3.0, "num_floors": null, "subtype": null, "class": null, "roof_height": null, "height_source": "floored"}, "geometry": {"type": "Polygon", "coordinates": [[[35.6211469, 33.2190349], [35.6211182, 33.2190791], [35.6211409, 33.2190895], [35.6211066, 33.2191422], [35.6209452, 33.2190687], [35.6210083, 33.2189718], [35.6211469, 33.2190349]]]}}, {"type": "Feature", "properties": {"height": 3.0, "num_floors": null, "subtype": null, "class": null, "roof_height": null, "height_source": "floored"}, "geometry": {"type": "Polygon", "coordinates": [[[35.6211836, 33.2198472], [35.6210934, 33.2198233], [35.6211234, 33.2197438], [35.6212137, 33.2197677], [35.6211836, 33.2198472]]]}}, {"type": "Feature", "properties": {"height": 3.0, "num_floors": null, "subtype": null, "class": null, "roof_height": null, "height_source": "floored"}, "geometry": {"type": "Polygon", "coordinates": [[[35.6210889, 33.2195836], [35.6208808, 33.2194741], [35.6209357, 33.2194011], [35.6211438, 33.2195106], [35.6210889, 33.2195836]]]}}, {"type": "Feature", "properties": {"height": 3.0, "num_floors": null, "subtype": null, "class": null, "roof_height": null, "height_source": "floored"}, "geometry": {"type": "Polygon", "coordinates": [[[35.6211841, 33.2204703], [35.6210624, 33.2204125], [35.6211079, 33.2203454], [35.6212398, 33.220408], [35.6212161, 33.2204429], [35.6213115, 33.2204881], [35.6213518, 33.2204287], [35.6214248, 33.2204634], [35.6213736, 33.2205389], [35.6213282, 33.2205173], [35.6212896, 33.2205742], [35.6211565, 33.220511], [35.6211841, 33.2204703]]]}}, {"type": "Feature", "properties": {"height": 3.0, "num_floors": null, "subtype": null, "class": null, "roof_height": null, "height_source": "floored"}, "geometry": {"type": "Polygon", "coordinates": [[[35.621554, 33.2201936], [35.6214681, 33.2203029], [35.6211414, 33.220139], [35.6211964, 33.2200325], [35.621554, 33.2201936]]]}}, {"type": "Feature", "properties": {"height": 3.0, "num_floors": null, "subtype": null, "class": null, "roof_height": null, "height_source": "floored"}, "geometry": {"type": "Polygon", "coordinates": [[[35.6213966, 33.2195484], [35.6214473, 33.2195768], [35.6214267, 33.2196025], [35.6213761, 33.2195741], [35.6213966, 33.2195484]]]}}, {"type": "Feature", "properties": {"height": 3.0, "num_floors": null, "subtype": null, "class": null, "roof_height": null, "height_source": "floored"}, "geometry": {"type": "Polygon", "coordinates": [[[35.6214597, 33.219552], [35.6212287, 33.2194521], [35.6212767, 33.2193743], [35.6215078, 33.2194742], [35.6214597, 33.219552]]]}}, {"type": "Feature", "properties": {"height": 3.0, "num_floors": null, "subtype": null, "class": null, "roof_height": null, "height_source": "floored"}, "geometry": {"type": "Polygon", "coordinates": [[[35.6213321, 33.2192578], [35.6212064, 33.2191907], [35.6212716, 33.2191051], [35.6213973, 33.2191722], [35.6213321, 33.2192578]]]}}, {"type": "Feature", "properties": {"height": 3.0, "num_floors": null, "subtype": null, "class": null, "roof_height": null, "height_source": "floored"}, "geometry": {"type": "Polygon", "coordinates": [[[35.6216254, 33.2192101], [35.6214739, 33.2191681], [35.6215078, 33.2190826], [35.6216593, 33.2191246], [35.6216254, 33.2192101]]]}}, {"type": "Feature", "properties": {"height": 3.0, "num_floors": null, "subtype": null, "class": null, "roof_height": null, "height_source": "floored"}, "geometry": {"type": "Polygon", "coordinates": [[[35.6216663, 33.2197305], [35.6214652, 33.2196266], [35.6215214, 33.2195505], [35.6217225, 33.2196544], [35.6216663, 33.2197305]]]}}, {"type": "Feature", "properties": {"height": 3.0, "num_floors": null, "subtype": null, "class": null, "roof_height": null, "height_source": "floored"}, "geometry": {"type": "Polygon", "coordinates": [[[35.6217403, 33.219492], [35.6215212, 33.2193984], [35.6215617, 33.2193321], [35.6217808, 33.2194257], [35.6217403, 33.219492]]]}}, {"type": "Feature", "properties": {"height": 3.0, "num_floors": null, "subtype": null, "class": null, "roof_height": null, "height_source": "floored"}, "geometry": {"type": "Polygon", "coordinates": [[[35.62188, 33.2193118], [35.6217188, 33.2192437], [35.6217753, 33.2191502], [35.6219365, 33.2192183], [35.62188, 33.2193118]]]}}, {"type": "Feature", "properties": {"height": 3.0, "num_floors": null, "subtype": null, "class": null, "roof_height": null, "height_source": "floored"}, "geometry": {"type": "Polygon", "coordinates": [[[35.6219814, 33.2196804], [35.6217778, 33.219579], [35.6218404, 33.219491], [35.622044, 33.2195923], [35.6219814, 33.2196804]]]}}, {"type": "Feature", "properties": {"height": 3.0, "num_floors": 1, "subtype": "residential", "class": "house", "roof_height": null, "height_source": "num_floors"}, "geometry": {"type": "Polygon", "coordinates": [[[35.621957, 33.2201549], [35.6217229, 33.2201793], [35.6217017, 33.2200369], [35.6219358, 33.2200125], [35.621957, 33.2201549]]]}}, {"type": "Feature", "properties": {"height": 3.0, "num_floors": null, "subtype": "residential", "class": "house", "roof_height": null, "height_source": "floored"}, "geometry": {"type": "Polygon", "coordinates": [[[35.6217453, 33.2204383], [35.6217289, 33.2203309], [35.6219197, 33.2203105], [35.6219361, 33.2204179], [35.6217453, 33.2204383]]]}}, {"type": "Feature", "properties": {"height": 4.1, "num_floors": null, "subtype": "residential", "class": "house", "roof_height": null, "height_source": "ndsm"}, "geometry": {"type": "Polygon", "coordinates": [[[35.6216487, 33.220967], [35.6213518, 33.2208199], [35.6214238, 33.2207182], [35.6217207, 33.2208652], [35.6216487, 33.220967]]]}}, {"type": "Feature", "properties": {"height": 4.9, "num_floors": null, "subtype": null, "class": null, "roof_height": null, "height_source": "ndsm"}, "geometry": {"type": "Polygon", "coordinates": [[[35.6217661, 33.2213592], [35.6216534, 33.2214849], [35.6214753, 33.2214502], [35.6213996, 33.221327], [35.6215408, 33.2212022], [35.6217661, 33.2213592]]]}}, {"type": "Feature", "properties": {"height": 4.7, "num_floors": null, "subtype": null, "class": null, "roof_height": null, "height_source": "ndsm"}, "geometry": {"type": "Polygon", "coordinates": [[[35.621809, 33.2213099], [35.6215756, 33.2211932], [35.6216346, 33.2211349], [35.6218278, 33.2212493], [35.621809, 33.2213099]]]}}, {"type": "Feature", "properties": {"height": 4.9, "num_floors": null, "subtype": null, "class": null, "roof_height": null, "height_source": "ndsm"}, "geometry": {"type": "Polygon", "coordinates": [[[35.6217909, 33.2213617], [35.6218396, 33.2213867], [35.621814, 33.2214217], [35.6217652, 33.2213967], [35.6217909, 33.2213617]]]}}, {"type": "Feature", "properties": {"height": 5.2, "num_floors": null, "subtype": null, "class": null, "roof_height": null, "height_source": "ndsm"}, "geometry": {"type": "Polygon", "coordinates": [[[35.6218841, 33.2220773], [35.6217929, 33.2220481], [35.6218385, 33.2219651], [35.6219002, 33.2219897], [35.6218841, 33.2220773]]]}}, {"type": "Feature", "properties": {"height": 6.1, "num_floors": null, "subtype": null, "class": null, "roof_height": null, "height_source": "ndsm"}, "geometry": {"type": "Polygon", "coordinates": [[[35.6217553, 33.2220167], [35.6216219, 33.2219727], [35.6216575, 33.2219025], [35.6217687, 33.2219337], [35.6217553, 33.2220167]]]}}, {"type": "Feature", "properties": {"height": 4.9, "num_floors": null, "subtype": null, "class": null, "roof_height": null, "height_source": "ndsm"}, "geometry": {"type": "Polygon", "coordinates": [[[35.6217014, 33.2215874], [35.6217476, 33.2215955], [35.6217412, 33.2216213], [35.6216949, 33.2216132], [35.6217014, 33.2215874]]]}}, {"type": "Feature", "properties": {"height": 6.1, "num_floors": null, "subtype": null, "class": null, "roof_height": null, "height_source": "ndsm"}, "geometry": {"type": "Polygon", "coordinates": [[[35.6215756, 33.2219987], [35.6214764, 33.2220055], [35.621471, 33.2219359], [35.6215703, 33.2219359], [35.6215756, 33.2219987]]]}}, {"type": "Feature", "properties": {"height": 6.1, "num_floors": null, "subtype": null, "class": null, "roof_height": null, "height_source": "ndsm"}, "geometry": {"type": "Polygon", "coordinates": [[[35.6213852, 33.2220077], [35.6211974, 33.2220324], [35.6211921, 33.2219673], [35.6213852, 33.2219359], [35.6213852, 33.2220077]]]}}, {"type": "Feature", "properties": {"height": 4.9, "num_floors": null, "subtype": null, "class": null, "roof_height": null, "height_source": "ndsm"}, "geometry": {"type": "Polygon", "coordinates": [[[35.6213494, 33.2218617], [35.621178, 33.2218748], [35.6211663, 33.2217477], [35.6213221, 33.2217314], [35.6213494, 33.2218617]]]}}, {"type": "Feature", "properties": {"height": 4.7, "num_floors": null, "subtype": null, "class": null, "roof_height": null, "height_source": "ndsm"}, "geometry": {"type": "Polygon", "coordinates": [[[35.6215201, 33.2210562], [35.6214563, 33.2211248], [35.6213044, 33.2210257], [35.6213743, 33.2209648], [35.6215201, 33.2210562]]]}}, {"type": "Feature", "properties": {"height": 4.7, "num_floors": null, "subtype": null, "class": null, "roof_height": null, "height_source": "ndsm"}, "geometry": {"type": "Polygon", "coordinates": [[[35.6214096, 33.2211862], [35.6213408, 33.2212552], [35.6210485, 33.2210884], [35.6210795, 33.2210078], [35.6214096, 33.2211862]]]}}, {"type": "Feature", "properties": {"height": 4.1, "num_floors": null, "subtype": null, "class": null, "roof_height": null, "height_source": "ndsm"}, "geometry": {"type": "Polygon", "coordinates": [[[35.6211897, 33.2210213], [35.6209366, 33.2208877], [35.6209911, 33.2207965], [35.6212793, 33.2208812], [35.6211897, 33.2210213]]]}}, {"type": "Feature", "properties": {"height": 4.9, "num_floors": null, "subtype": null, "class": null, "roof_height": null, "height_source": "ndsm"}, "geometry": {"type": "Polygon", "coordinates": [[[35.6211624, 33.2215718], [35.6209794, 33.2214969], [35.6210729, 33.2214155], [35.621217, 33.2214611], [35.6211624, 33.2215718]]]}}, {"type": "Feature", "properties": {"height": 6.1, "num_floors": null, "subtype": null, "class": null, "roof_height": null, "height_source": "ndsm"}, "geometry": {"type": "Polygon", "coordinates": [[[35.6210956, 33.2220195], [35.6210995, 33.2221159], [35.6210512, 33.2221172], [35.6210474, 33.2220209], [35.6210956, 33.2220195]]]}}, {"type": "Feature", "properties": {"height": 6.1, "num_floors": null, "subtype": "commercial", "class": "hotel", "roof_height": null, "height_source": "ndsm"}, "geometry": {"type": "Polygon", "coordinates": [[[35.621704, 33.2226924], [35.6212175, 33.2228342], [35.6211419, 33.2226995], [35.6208639, 33.2226924], [35.6207429, 33.2223043], [35.6210876, 33.2222262], [35.6213062, 33.2222921], [35.6214784, 33.2225377], [35.6217148, 33.2224969], [35.621704, 33.2226924]]]}}, {"type": "Feature", "properties": {"height": 3.0, "num_floors": null, "subtype": null, "class": null, "roof_height": null, "height_source": "floored"}, "geometry": {"type": "Polygon", "coordinates": [[[35.6210229, 33.2233071], [35.6209581, 33.2232855], [35.6209886, 33.2232216], [35.6210534, 33.2232432], [35.6210229, 33.2233071]]]}}, {"type": "Feature", "properties": {"height": 3.0, "num_floors": 1, "subtype": "commercial", "class": "retail", "roof_height": null, "height_source": "num_floors"}, "geometry": {"type": "Polygon", "coordinates": [[[35.621943, 33.2236933], [35.6219578, 33.2238112], [35.6217408, 33.2238302], [35.6217158, 33.2236302], [35.6219327, 33.2236111], [35.621943, 33.2236933]]]}}, {"type": "Feature", "properties": {"height": 3.0, "num_floors": null, "subtype": null, "class": null, "roof_height": null, "height_source": "floored"}, "geometry": {"type": "Polygon", "coordinates": [[[35.6217594, 33.2238608], [35.621897, 33.2238344], [35.6219157, 33.2239027], [35.6217781, 33.2239291], [35.6217594, 33.2238608]]]}}, {"type": "Feature", "properties": {"height": 5.2, "num_floors": null, "subtype": null, "class": null, "roof_height": null, "height_source": "ndsm"}, "geometry": {"type": "Polygon", "coordinates": [[[35.6218704, 33.2230251], [35.6217923, 33.2231431], [35.6214496, 33.2230124], [35.6215529, 33.2228712], [35.6218704, 33.2230251]]]}}, {"type": "Feature", "properties": {"height": 5.2, "num_floors": null, "subtype": null, "class": null, "roof_height": null, "height_source": "ndsm"}, "geometry": {"type": "Polygon", "coordinates": [[[35.6218503, 33.2227299], [35.6217596, 33.2227004], [35.6217873, 33.2226308], [35.6218805, 33.2226583], [35.6218503, 33.2227299]]]}}, {"type": "Feature", "properties": {"height": 5.2, "num_floors": null, "subtype": null, "class": null, "roof_height": null, "height_source": "ndsm"}, "geometry": {"type": "Polygon", "coordinates": [[[35.6218908, 33.2227533], [35.6219189, 33.2228448], [35.6218232, 33.2228653], [35.6217952, 33.2227738], [35.6218908, 33.2227533]]]}}, {"type": "Feature", "properties": {"height": 3.0, "num_floors": null, "subtype": "residential", "class": "house", "roof_height": null, "height_source": "floored"}, "geometry": {"type": "Polygon", "coordinates": [[[35.6230515, 33.2239898], [35.6228767, 33.2239974], [35.6228767, 33.2238739], [35.6230493, 33.2238701], [35.6230515, 33.2239898]]]}}, {"type": "Feature", "properties": {"height": 3.0, "num_floors": null, "subtype": "residential", "class": "house", "roof_height": null, "height_source": "floored"}, "geometry": {"type": "Polygon", "coordinates": [[[35.6229811, 33.2238302], [35.6228653, 33.2238321], [35.6228767, 33.223663], [35.6230288, 33.223682], [35.6229811, 33.2238302]]]}}, {"type": "Feature", "properties": {"height": 4.3, "num_floors": null, "subtype": null, "class": null, "roof_height": null, "height_source": "ndsm"}, "geometry": {"type": "Polygon", "coordinates": [[[35.6229773, 33.2224014], [35.6228488, 33.2223786], [35.6228137, 33.222434], [35.6227164, 33.2224112], [35.6227359, 33.2223362], [35.622658, 33.2223134], [35.6227047, 33.2221864], [35.6229578, 33.2222776], [35.6229344, 33.2223037], [35.6230201, 33.2223395], [35.6229773, 33.2224014]]]}}, {"type": "Feature", "properties": {"height": 4.3, "num_floors": null, "subtype": null, "class": null, "roof_height": null, "height_source": "ndsm"}, "geometry": {"type": "Polygon", "coordinates": [[[35.6227323, 33.2218616], [35.622797, 33.221763], [35.6231633, 33.2219313], [35.6230986, 33.2220299], [35.6227323, 33.2218616]]]}}, {"type": "Feature", "properties": {"height": 3.4, "num_floors": null, "subtype": null, "class": null, "roof_height": null, "height_source": "ndsm"}, "geometry": {"type": "Polygon", "coordinates": [[[35.6226061, 33.221408], [35.6226954, 33.2214118], [35.6226923, 33.2214633], [35.622603, 33.2214595], [35.6226061, 33.221408]]]}}, {"type": "Feature", "properties": {"height": 4.3, "num_floors": null, "subtype": null, "class": null, "roof_height": null, "height_source": "ndsm"}, "geometry": {"type": "Polygon", "coordinates": [[[35.6227122, 33.2207546], [35.6227246, 33.2208648], [35.622621, 33.2208645], [35.6226129, 33.2207658], [35.6227122, 33.2207546]]]}}, {"type": "Feature", "properties": {"height": 4.3, "num_floors": null, "subtype": null, "class": null, "roof_height": null, "height_source": "ndsm"}, "geometry": {"type": "Polygon", "coordinates": [[[35.6227792, 33.2211944], [35.6227068, 33.2213514], [35.6222964, 33.2211697], [35.6223689, 33.2210306], [35.6227792, 33.2211944]]]}}, {"type": "Feature", "properties": {"height": 4.3, "num_floors": null, "subtype": null, "class": null, "roof_height": null, "height_source": "ndsm"}, "geometry": {"type": "Polygon", "coordinates": [[[35.6224369, 33.222004], [35.6225039, 33.221895], [35.6228548, 33.2220458], [35.6227878, 33.2221548], [35.6224369, 33.222004]]]}}, {"type": "Feature", "properties": {"height": 4.3, "num_floors": null, "subtype": null, "class": null, "roof_height": null, "height_source": "ndsm"}, "geometry": {"type": "Polygon", "coordinates": [[[35.6223518, 33.2223263], [35.6223944, 33.2223295], [35.6223906, 33.2223651], [35.622348, 33.2223619], [35.6223518, 33.2223263]]]}}, {"type": "Feature", "properties": {"height": 4.7, "num_floors": null, "subtype": "residential", "class": "house", "roof_height": null, "height_source": "ndsm"}, "geometry": {"type": "Polygon", "coordinates": [[[35.6225644, 33.221725], [35.622219, 33.2216029], [35.6222784, 33.2214855], [35.6226237, 33.2216075], [35.6225644, 33.221725]]]}}, {"type": "Feature", "properties": {"height": 4.7, "num_floors": null, "subtype": null, "class": null, "roof_height": null, "height_source": "ndsm"}, "geometry": {"type": "Polygon", "coordinates": [[[35.6221383, 33.2221188], [35.6222158, 33.2219969], [35.6225654, 33.2221526], [35.6224879, 33.2222745], [35.6221383, 33.2221188]]]}}, {"type": "Feature", "properties": {"height": 4.9, "num_floors": null, "subtype": null, "class": null, "roof_height": null, "height_source": "ndsm"}, "geometry": {"type": "Polygon", "coordinates": [[[35.6222623, 33.2218439], [35.6218009, 33.2216779], [35.6218814, 33.2215096], [35.622324, 33.2216936], [35.6222623, 33.2218439]]]}}, {"type": "Feature", "properties": {"height": 4.9, "num_floors": null, "subtype": "residential", "class": "house", "roof_height": null, "height_source": "ndsm"}, "geometry": {"type": "Polygon", "coordinates": [[[35.6220332, 33.2215162], [35.6219072, 33.2214662], [35.6219758, 33.2213451], [35.6222391, 33.2214496], [35.6221491, 33.2216083], [35.6220119, 33.2215539], [35.6220332, 33.2215162]]]}}, {"type": "Feature", "properties": {"height": 3.0, "num_floors": null, "subtype": "military", "class": "bunker", "roof_height": null, "height_source": "floored"}, "geometry": {"type": "Polygon", "coordinates": [[[35.6221543, 33.2211405], [35.6221033, 33.2211876], [35.6220282, 33.221127], [35.6219592, 33.221051], [35.6221328, 33.2210777], [35.6221301, 33.2211203], [35.6221543, 33.2211405]]]}}, {"type": "Feature", "properties": {"height": 4.3, "num_floors": null, "subtype": null, "class": null, "roof_height": null, "height_source": "ndsm"}, "geometry": {"type": "Polygon", "coordinates": [[[35.6222953, 33.221004], [35.6222388, 33.221074], [35.6219696, 33.2209166], [35.6221125, 33.2208696], [35.6222953, 33.221004]]]}}, {"type": "Feature", "properties": {"height": 4.3, "num_floors": null, "subtype": null, "class": null, "roof_height": null, "height_source": "ndsm"}, "geometry": {"type": "Polygon", "coordinates": [[[35.6224922, 33.2208668], [35.6223367, 33.220878], [35.6223154, 33.2207862], [35.6225003, 33.2207613], [35.6224922, 33.2208668]]]}}, {"type": "Feature", "properties": {"height": 3.0, "num_floors": 1, "subtype": "residential", "class": "house", "roof_height": null, "height_source": "num_floors"}, "geometry": {"type": "Polygon", "coordinates": [[[35.6225374, 33.220177], [35.6223366, 33.2201896], [35.6223249, 33.2200586], [35.6225257, 33.2200461], [35.6225374, 33.220177]]]}}, {"type": "Feature", "properties": {"height": 3.0, "num_floors": 1, "subtype": "residential", "class": "house", "roof_height": null, "height_source": "num_floors"}, "geometry": {"type": "Polygon", "coordinates": [[[35.6223733, 33.2204954], [35.6221812, 33.2205254], [35.622155, 33.220408], [35.6223471, 33.220378], [35.6223733, 33.2204954]]]}}, {"type": "Feature", "properties": {"height": 3.0, "num_floors": null, "subtype": "residential", "class": "house", "roof_height": null, "height_source": "floored"}, "geometry": {"type": "Polygon", "coordinates": [[[35.6221355, 33.2206303], [35.6219344, 33.2206513], [35.621913, 33.2205077], [35.6221141, 33.2204868], [35.6221355, 33.2206303]]]}}, {"type": "Feature", "properties": {"height": 3.0, "num_floors": 1, "subtype": "residential", "class": "house", "roof_height": null, "height_source": "num_floors"}, "geometry": {"type": "Polygon", "coordinates": [[[35.622247, 33.2201585], [35.6220394, 33.2201759], [35.6220242, 33.2200489], [35.6222318, 33.2200314], [35.622247, 33.2201585]]]}}, {"type": "Feature", "properties": {"height": 3.0, "num_floors": null, "subtype": null, "class": null, "roof_height": null, "height_source": "floored"}, "geometry": {"type": "Polygon", "coordinates": [[[35.6222043, 33.2195842], [35.6222541, 33.2196076], [35.622225, 33.2196511], [35.6221752, 33.2196277], [35.6222043, 33.2195842]]]}}, {"type": "Feature", "properties": {"height": 3.0, "num_floors": null, "subtype": null, "class": null, "roof_height": null, "height_source": "floored"}, "geometry": {"type": "Polygon", "coordinates": [[[35.6220998, 33.2194362], [35.621965, 33.2193564], [35.6220286, 33.2192813], [35.6221633, 33.2193611], [35.6220998, 33.2194362]]]}}, {"type": "Feature", "properties": {"height": 3.0, "num_floors": null, "subtype": "medical", "class": "hospital", "roof_height": null, "height_source": "floored"}, "geometry": {"type": "Polygon", "coordinates": [[[35.6222465, 33.2197032], [35.6222985, 33.2197217], [35.6222825, 33.219753], [35.6222763, 33.2197653], [35.6223393, 33.2197878], [35.6223096, 33.2198463], [35.6221493, 33.2197892], [35.622177, 33.2197346], [35.6222223, 33.2197507], [35.6222465, 33.2197032]]]}}, {"type": "Feature", "properties": {"height": 3.0, "num_floors": null, "subtype": null, "class": null, "roof_height": null, "height_source": "floored"}, "geometry": {"type": "Polygon", "coordinates": [[[35.6223335, 33.2196696], [35.6222933, 33.2196545], [35.6223318, 33.2195826], [35.622372, 33.2195976], [35.6223335, 33.2196696]]]}}, {"type": "Feature", "properties": {"height": 3.0, "num_floors": null, "subtype": null, "class": null, "roof_height": null, "height_source": "floored"}, "geometry": {"type": "Polygon", "coordinates": [[[35.6225271, 33.2192341], [35.6222949, 33.2192134], [35.6223134, 33.2190968], [35.6225581, 33.2191202], [35.6225271, 33.2192341]]]}}, {"type": "Feature", "properties": {"height": 3.0, "num_floors": null, "subtype": null, "class": null, "roof_height": null, "height_source": "floored"}, "geometry": {"type": "Polygon", "coordinates": [[[35.6228471, 33.2194304], [35.622823, 33.2195213], [35.6225525, 33.2195294], [35.6224728, 33.2194284], [35.6228471, 33.2194304]]]}}, {"type": "Feature", "properties": {"height": 3.0, "num_floors": 1, "subtype": "residential", "class": "residential", "roof_height": null, "height_source": "num_floors"}, "geometry": {"type": "Polygon", "coordinates": [[[35.6225431, 33.2198979], [35.6223806, 33.2198105], [35.622449, 33.2197215], [35.622341, 33.2196634], [35.6224287, 33.2195493], [35.6226992, 33.2196948], [35.6225759, 33.2198552], [35.6225431, 33.2198979]]]}}, {"type": "Feature", "properties": {"height": 3.0, "num_floors": null, "subtype": "residential", "class": "house", "roof_height": null, "height_source": "floored"}, "geometry": {"type": "Polygon", "coordinates": [[[35.6226182, 33.2204649], [35.6224191, 33.2204704], [35.6224139, 33.2203385], [35.622613, 33.220333], [35.6226182, 33.2204649]]]}}, {"type": "Feature", "properties": {"height": 3.0, "num_floors": null, "subtype": null, "class": null, "roof_height": null, "height_source": "floored"}, "geometry": {"type": "Polygon", "coordinates": [[[35.6230108, 33.2202015], [35.6230133, 33.2202485], [35.6229045, 33.2202526], [35.622902, 33.2202055], [35.6230108, 33.2202015]]]}}, {"type": "Feature", "properties": {"height": 3.0, "num_floors": null, "subtype": null, "class": null, "roof_height": null, "height_source": "floored"}, "geometry": {"type": "Polygon", "coordinates": [[[35.6230119, 33.2200463], [35.623007, 33.220201], [35.6228918, 33.2201985], [35.6228966, 33.2200438], [35.6230119, 33.2200463]]]}}, {"type": "Feature", "properties": {"height": 3.0, "num_floors": null, "subtype": null, "class": null, "roof_height": null, "height_source": "floored"}, "geometry": {"type": "Polygon", "coordinates": [[[35.62305, 33.2195294], [35.6230911, 33.2197213], [35.622823, 33.2197476], [35.6227167, 33.2195435], [35.62305, 33.2195294]]]}}, {"type": "Feature", "properties": {"height": 3.0, "num_floors": null, "subtype": null, "class": null, "roof_height": null, "height_source": "floored"}, "geometry": {"type": "Polygon", "coordinates": [[[35.6229049, 33.2192341], [35.6227098, 33.2192238], [35.6227005, 33.2191331], [35.6228925, 33.219159], [35.6229049, 33.2192341]]]}}, {"type": "Feature", "properties": {"height": 3.0, "num_floors": null, "subtype": null, "class": null, "roof_height": null, "height_source": "floored"}, "geometry": {"type": "Polygon", "coordinates": [[[35.6229841, 33.2191151], [35.6229766, 33.2190734], [35.6230133, 33.2190687], [35.6230208, 33.2191104], [35.6229841, 33.2191151]]]}}, {"type": "Feature", "properties": {"height": 3.0, "num_floors": null, "subtype": null, "class": null, "roof_height": null, "height_source": "floored"}, "geometry": {"type": "Polygon", "coordinates": [[[35.6233167, 33.2191331], [35.6231092, 33.2191901], [35.6230287, 33.2190528], [35.6232362, 33.2189906], [35.6233167, 33.2191331]]]}}, {"type": "Feature", "properties": {"height": 3.0, "num_floors": null, "subtype": null, "class": null, "roof_height": null, "height_source": "floored"}, "geometry": {"type": "Polygon", "coordinates": [[[35.623467, 33.219657], [35.6234685, 33.2197467], [35.6233665, 33.2197479], [35.6233651, 33.2196582], [35.623467, 33.219657]]]}}, {"type": "Feature", "properties": {"height": 3.0, "num_floors": null, "subtype": null, "class": null, "roof_height": null, "height_source": "floored"}, "geometry": {"type": "Polygon", "coordinates": [[[35.6234702, 33.2195072], [35.6232142, 33.2195152], [35.6231828, 33.2193738], [35.6234678, 33.2193698], [35.6234702, 33.2195072]]]}}, {"type": "Feature", "properties": {"height": 3.0, "num_floors": null, "subtype": null, "class": null, "roof_height": null, "height_source": "floored"}, "geometry": {"type": "Polygon", "coordinates": [[[35.6233855, 33.2201856], [35.623383, 33.2202697], [35.6231647, 33.2202653], [35.6231679, 33.2201552], [35.6232823, 33.2201575], [35.6232815, 33.2201834], [35.6233855, 33.2201856]]]}}, {"type": "Feature", "properties": {"height": 3.0, "num_floors": null, "subtype": "civic", "class": "civic", "roof_height": null, "height_source": "floored"}, "geometry": {"type": "Polygon", "coordinates": [[[35.6228469, 33.2204503], [35.6228498, 33.2203191], [35.6229894, 33.2203212], [35.6229875, 33.2204057], [35.6232555, 33.2204098], [35.6232575, 33.2203186], [35.6233924, 33.2203207], [35.6233894, 33.2204586], [35.6228469, 33.2204503]]]}}, {"type": "Feature", "properties": {"height": 3.0, "num_floors": null, "subtype": null, "class": null, "roof_height": null, "height_source": "floored"}, "geometry": {"type": "Polygon", "coordinates": [[[35.6230703, 33.2203486], [35.6230641, 33.2203883], [35.6230051, 33.2203818], [35.6230114, 33.2203421], [35.6230703, 33.2203486]]]}}, {"type": "Feature", "properties": {"height": 4.3, "num_floors": null, "subtype": null, "class": null, "roof_height": null, "height_source": "ndsm"}, "geometry": {"type": "Polygon", "coordinates": [[[35.6232046, 33.2207723], [35.6231964, 33.2208914], [35.6229198, 33.220878], [35.622928, 33.2207589], [35.6232046, 33.2207723]]]}}, {"type": "Feature", "properties": {"height": 3.0, "num_floors": null, "subtype": null, "class": null, "roof_height": null, "height_source": "floored"}, "geometry": {"type": "Polygon", "coordinates": [[[35.6232822, 33.2210317], [35.6231377, 33.2209698], [35.6231801, 33.2209005], [35.6233246, 33.2209623], [35.6232822, 33.2210317]]]}}, {"type": "Feature", "properties": {"height": 3.0, "num_floors": null, "subtype": null, "class": null, "roof_height": null, "height_source": "floored"}, "geometry": {"type": "Polygon", "coordinates": [[[35.6231193, 33.2211074], [35.6230764, 33.221082], [35.6231498, 33.2209954], [35.6231927, 33.2210208], [35.6231193, 33.2211074]]]}}, {"type": "Feature", "properties": {"height": 4.3, "num_floors": null, "subtype": null, "class": null, "roof_height": null, "height_source": "ndsm"}, "geometry": {"type": "Polygon", "coordinates": [[[35.6231459, 33.2211248], [35.6230957, 33.2212242], [35.6228345, 33.2211429], [35.6228549, 33.2210223], [35.6231459, 33.2211248]]]}}, {"type": "Feature", "properties": {"height": 3.4, "num_floors": null, "subtype": "education", "class": "kindergarten", "roof_height": null, "height_source": "ndsm"}, "geometry": {"type": "Polygon", "coordinates": [[[35.6229987, 33.2216222], [35.6228061, 33.2215266], [35.6229549, 33.2213977], [35.6231621, 33.2215455], [35.6230877, 33.22161], [35.6229987, 33.2216222]]]}}, {"type": "Feature", "properties": {"height": 3.5, "num_floors": null, "subtype": null, "class": null, "roof_height": null, "height_source": "ndsm"}, "geometry": {"type": "Polygon", "coordinates": [[[35.6232499, 33.2221929], [35.6231876, 33.2222548], [35.6231019, 33.2222092], [35.623063, 33.2222613], [35.6229929, 33.222219], [35.6230552, 33.2220984], [35.6232499, 33.2221929]]]}}, {"type": "Feature", "properties": {"height": 3.0, "num_floors": null, "subtype": null, "class": null, "roof_height": null, "height_source": "floored"}, "geometry": {"type": "Polygon", "coordinates": [[[35.623115, 33.2222518], [35.6231865, 33.222273], [35.6231658, 33.2223218], [35.6230943, 33.2223006], [35.623115, 33.2222518]]]}}, {"type": "Feature", "properties": {"height": 3.0, "num_floors": null, "subtype": null, "class": null, "roof_height": null, "height_source": "floored"}, "geometry": {"type": "Polygon", "coordinates": [[[35.6231151, 33.2218099], [35.6231755, 33.2216977], [35.6235396, 33.2218348], [35.6234792, 33.221947], [35.6231151, 33.2218099]]]}}, {"type": "Feature", "properties": {"height": 3.0, "num_floors": null, "subtype": null, "class": null, "roof_height": null, "height_source": "floored"}, "geometry": {"type": "Polygon", "coordinates": [[[35.6233264, 33.2223291], [35.6233364, 33.2222858], [35.6233726, 33.2222916], [35.6233626, 33.2223349], [35.6233264, 33.2223291]]]}}, {"type": "Feature", "properties": {"height": 3.0, "num_floors": null, "subtype": null, "class": null, "roof_height": null, "height_source": "floored"}, "geometry": {"type": "Polygon", "coordinates": [[[35.6234127, 33.2222958], [35.6233511, 33.2222255], [35.6232499, 33.2221929], [35.6232966, 33.2221571], [35.6233277, 33.222118], [35.6232927, 33.2220822], [35.6233355, 33.2220528], [35.6233706, 33.2220854], [35.623538, 33.2221375], [35.6234899, 33.2222543], [35.6234775, 33.2223006], [35.6234127, 33.2222958]]]}}, {"type": "Feature", "properties": {"height": 3.0, "num_floors": null, "subtype": null, "class": null, "roof_height": null, "height_source": "floored"}, "geometry": {"type": "Polygon", "coordinates": [[[35.6231756, 33.2214072], [35.6232679, 33.221275], [35.6233959, 33.2213375], [35.6233036, 33.2214697], [35.6231756, 33.2214072]]]}}, {"type": "Feature", "properties": {"height": 3.0, "num_floors": null, "subtype": null, "class": null, "roof_height": null, "height_source": "floored"}, "geometry": {"type": "Polygon", "coordinates": [[[35.623208, 33.2209182], [35.6232212, 33.2208861], [35.6233108, 33.2209119], [35.6232976, 33.220944], [35.623208, 33.2209182]]]}}, {"type": "Feature", "properties": {"height": 3.0, "num_floors": null, "subtype": "military", "class": "bunker", "roof_height": null, "height_source": "floored"}, "geometry": {"type": "Polygon", "coordinates": [[[35.623629, 33.2207524], [35.6236253, 33.2208706], [35.6235198, 33.220869], [35.623516, 33.2207461], [35.623629, 33.2207524]]]}}, {"type": "Feature", "properties": {"height": 3.0, "num_floors": null, "subtype": null, "class": null, "roof_height": null, "height_source": "floored"}, "geometry": {"type": "Polygon", "coordinates": [[[35.6238157, 33.2220997], [35.6237435, 33.2221688], [35.6234718, 33.2220451], [35.6235853, 33.2219616], [35.6238157, 33.2220997]]]}}, {"type": "Feature", "properties": {"height": 3.0, "num_floors": null, "subtype": null, "class": null, "roof_height": null, "height_source": "floored"}, "geometry": {"type": "Polygon", "coordinates": [[[35.6236707, 33.2221395], [35.6237312, 33.2221643], [35.6237137, 33.2221941], [35.6236532, 33.2221693], [35.6236707, 33.2221395]]]}}, {"type": "Feature", "properties": {"height": 3.0, "num_floors": null, "subtype": null, "class": null, "roof_height": null, "height_source": "floored"}, "geometry": {"type": "Polygon", "coordinates": [[[35.6238822, 33.221699], [35.6237879, 33.2216818], [35.6238148, 33.221579], [35.6240951, 33.2216301], [35.6240694, 33.2217288], [35.6239991, 33.2217159], [35.6239718, 33.2218205], [35.623856, 33.2217993], [35.6238822, 33.221699]]]}}, {"type": "Feature", "properties": {"height": 3.0, "num_floors": null, "subtype": null, "class": null, "roof_height": null, "height_source": "floored"}, "geometry": {"type": "Polygon", "coordinates": [[[35.6237616, 33.2204683], [35.6236872, 33.2204333], [35.6237855, 33.2202871], [35.6240963, 33.2204333], [35.6239979, 33.2205797], [35.6241008, 33.2206281], [35.6241379, 33.2205729], [35.6242013, 33.2206027], [35.6241028, 33.2207493], [35.6239892, 33.2206959], [35.6239169, 33.2208035], [35.6236277, 33.2206675], [35.6237616, 33.2204683]]]}}, {"type": "Feature", "properties": {"height": 3.0, "num_floors": null, "subtype": null, "class": null, "roof_height": null, "height_source": "floored"}, "geometry": {"type": "Polygon", "coordinates": [[[35.6237624, 33.2203109], [35.6236951, 33.2202762], [35.6237191, 33.2202437], [35.6237864, 33.2202784], [35.6237624, 33.2203109]]]}}, {"type": "Feature", "properties": {"height": 3.0, "num_floors": null, "subtype": null, "class": null, "roof_height": null, "height_source": "floored"}, "geometry": {"type": "Polygon", "coordinates": [[[35.6237755, 33.2196163], [35.6236004, 33.2196049], [35.6235868, 33.2194745], [35.6237563, 33.2194653], [35.6237641, 33.2195269], [35.6237755, 33.2196163]]]}}, {"type": "Feature", "properties": {"height": 3.0, "num_floors": null, "subtype": null, "class": null, "roof_height": null, "height_source": "floored"}, "geometry": {"type": "Polygon", "coordinates": [[[35.6236264, 33.2192367], [35.6234127, 33.2192808], [35.6233631, 33.2191616], [35.6235396, 33.219115], [35.6236264, 33.2192367]]]}}, {"type": "Feature", "properties": {"height": 3.1, "num_floors": null, "subtype": "residential", "class": "house", "roof_height": null, "height_source": "ndsm"}, "geometry": {"type": "Polygon", "coordinates": [[[35.6236443, 33.2191915], [35.6235826, 33.2190226], [35.6238811, 33.2189463], [35.6239126, 33.2190325], [35.6237133, 33.2190835], [35.6237435, 33.2191661], [35.6236443, 33.2191915]]]}}, {"type": "Feature", "properties": {"height": 3.1, "num_floors": null, "subtype": null, "class": null, "roof_height": null, "height_source": "ndsm"}, "geometry": {"type": "Polygon", "coordinates": [[[35.6238193, 33.2193669], [35.6237396, 33.2193286], [35.6237251, 33.2192538], [35.6238338, 33.2192154], [35.6239184, 33.2191124], [35.6239739, 33.2191386], [35.6239184, 33.2192033], [35.623928, 33.21927], [35.6239184, 33.2193366], [35.6238193, 33.2193669]]]}}, {"type": "Feature", "properties": {"height": 3.0, "num_floors": null, "subtype": "civic", "class": null, "roof_height": null, "height_source": "floored"}, "geometry": {"type": "Polygon", "coordinates": [[[35.6238274, 33.2194699], [35.6238548, 33.2195317], [35.623813, 33.2195295], [35.6237641, 33.2195269], [35.6237563, 33.2194653], [35.6238274, 33.2194699]]]}}, {"type": "Feature", "properties": {"height": 3.1, "num_floors": null, "subtype": null, "class": null, "roof_height": null, "height_source": "ndsm"}, "geometry": {"type": "Polygon", "coordinates": [[[35.6240121, 33.2196142], [35.6240791, 33.2196029], [35.6240874, 33.2196374], [35.6240204, 33.2196487], [35.6240121, 33.2196142]]]}}, {"type": "Feature", "properties": {"height": 3.5, "num_floors": null, "subtype": null, "class": null, "roof_height": null, "height_source": "ndsm"}, "geometry": {"type": "Polygon", "coordinates": [[[35.6242508, 33.219455], [35.6242533, 33.219502], [35.6241944, 33.2195042], [35.6241919, 33.2194572], [35.6242508, 33.219455]]]}}, {"type": "Feature", "properties": {"height": 3.5, "num_floors": null, "subtype": null, "class": null, "roof_height": null, "height_source": "ndsm"}, "geometry": {"type": "Polygon", "coordinates": [[[35.6244451, 33.2193255], [35.624123, 33.2193512], [35.6241088, 33.2191868], [35.6244238, 33.2191669], [35.6244451, 33.2193255]]]}}, {"type": "Feature", "properties": {"height": 3.5, "num_floors": null, "subtype": null, "class": null, "roof_height": null, "height_source": "ndsm"}, "geometry": {"type": "Polygon", "coordinates": [[[35.6248203, 33.2194748], [35.6244254, 33.219498], [35.6244042, 33.2193397], [35.6246603, 33.2193228], [35.6246756, 33.2193782], [35.6248117, 33.2193707], [35.6248308, 33.2194026], [35.6248203, 33.2194748]]]}}, {"type": "Feature", "properties": {"height": 3.5, "num_floors": null, "subtype": null, "class": null, "roof_height": null, "height_source": "ndsm"}, "geometry": {"type": "Polygon", "coordinates": [[[35.6251562, 33.2190758], [35.6251579, 33.2191982], [35.6245674, 33.2192078], [35.6245674, 33.2190918], [35.6251562, 33.2190758]]]}}, {"type": "Feature", "properties": {"height": 3.5, "num_floors": null, "subtype": null, "class": null, "roof_height": null, "height_source": "ndsm"}, "geometry": {"type": "Polygon", "coordinates": [[[35.6251579, 33.2191982], [35.6251553, 33.2193856], [35.6248308, 33.2194026], [35.6248117, 33.2193707], [35.6246756, 33.2193782], [35.6246603, 33.2193228], [35.6245674, 33.219326], [35.6245674, 33.2192078], [35.6251579, 33.2191982]]]}}, {"type": "Feature", "properties": {"height": 3.0, "num_floors": null, "subtype": null, "class": null, "roof_height": null, "height_source": "floored"}, "geometry": {"type": "Polygon", "coordinates": [[[35.6249288, 33.2204133], [35.6246518, 33.2202706], [35.6247638, 33.2201185], [35.6249422, 33.2202104], [35.6249653, 33.2201791], [35.6250638, 33.2202298], [35.6249288, 33.2204133]]]}}, {"type": "Feature", "properties": {"height": 3.0, "num_floors": null, "subtype": null, "class": null, "roof_height": null, "height_source": "floored"}, "geometry": {"type": "Polygon", "coordinates": [[[35.6244257, 33.2215922], [35.6244157, 33.2214352], [35.6245474, 33.2214293], [35.6245496, 33.2214645], [35.6246954, 33.221458], [35.6247004, 33.2215369], [35.6245497, 33.2215436], [35.6245524, 33.2215865], [35.6244257, 33.2215922]]]}}, {"type": "Feature", "properties": {"height": 3.0, "num_floors": null, "subtype": null, "class": null, "roof_height": null, "height_source": "floored"}, "geometry": {"type": "Polygon", "coordinates": [[[35.624754, 33.2211683], [35.6243834, 33.2211607], [35.6243834, 33.2210489], [35.624757, 33.2210565], [35.624754, 33.2211683]]]}}, {"type": "Feature", "properties": {"height": 3.0, "num_floors": null, "subtype": null, "class": null, "roof_height": null, "height_source": "floored"}, "geometry": {"type": "Polygon", "coordinates": [[[35.6247703, 33.2213085], [35.6247682, 33.22123], [35.6248486, 33.2212285], [35.6248507, 33.221307], [35.6247703, 33.2213085]]]}}, {"type": "Feature", "properties": {"height": 3.0, "num_floors": null, "subtype": null, "class": null, "roof_height": null, "height_source": "floored"}, "geometry": {"type": "Polygon", "coordinates": [[[35.6247839, 33.2222841], [35.6246228, 33.2222127], [35.6246654, 33.2221394], [35.624817, 33.2222286], [35.6247839, 33.2222841]]]}}, {"type": "Feature", "properties": {"height": 3.0, "num_floors": null, "subtype": null, "class": null, "roof_height": null, "height_source": "floored"}, "geometry": {"type": "Polygon", "coordinates": [[[35.624589, 33.2216208], [35.624587, 33.2216487], [35.6245416, 33.2216464], [35.6245436, 33.2216186], [35.624589, 33.2216208]]]}}, {"type": "Feature", "properties": {"height": 3.0, "num_floors": null, "subtype": null, "class": null, "roof_height": null, "height_source": "floored"}, "geometry": {"type": "Polygon", "coordinates": [[[35.624701, 33.2218521], [35.624592, 33.2219571], [35.6243362, 33.2217986], [35.6244309, 33.2216935], [35.624701, 33.2218521]]]}}, {"type": "Feature", "properties": {"height": 3.0, "num_floors": 1, "subtype": "residential", "class": "apartments", "roof_height": null, "height_source": "num_floors"}, "geometry": {"type": "Polygon", "coordinates": [[[35.6244601, 33.222276], [35.6242765, 33.2221906], [35.6243328, 33.222106], [35.6244061, 33.2221401], [35.6245163, 33.2221914], [35.6244601, 33.222276]]]}}, {"type": "Feature", "properties": {"height": 3.0, "num_floors": null, "subtype": null, "class": null, "roof_height": null, "height_source": "floored"}, "geometry": {"type": "Polygon", "coordinates": [[[35.6243522, 33.2214352], [35.6243591, 33.2215301], [35.6243034, 33.2215801], [35.6241951, 33.2215879], [35.6241424, 33.2215301], [35.6241596, 33.2214409], [35.6243522, 33.2214352]]]}}, {"type": "Feature", "properties": {"height": 3.0, "num_floors": null, "subtype": null, "class": null, "roof_height": null, "height_source": "floored"}, "geometry": {"type": "Polygon", "coordinates": [[[35.6242358, 33.2217319], [35.6242494, 33.2217662], [35.6241963, 33.221781], [35.6241827, 33.2217467], [35.6242358, 33.2217319]]]}}, {"type": "Feature", "properties": {"height": 3.0, "num_floors": null, "subtype": "residential", "class": "house", "roof_height": null, "height_source": "floored"}, "geometry": {"type": "Polygon", "coordinates": [[[35.6242351, 33.2220798], [35.6240635, 33.2219971], [35.6241396, 33.2218866], [35.6243112, 33.2219694], [35.6242351, 33.2220798]]]}}, {"type": "Feature", "properties": {"height": 3.0, "num_floors": null, "subtype": null, "class": null, "roof_height": null, "height_source": "floored"}, "geometry": {"type": "Polygon", "coordinates": [[[35.6241588, 33.2222603], [35.6239946, 33.222164], [35.6240501, 33.2220977], [35.6242144, 33.222194], [35.6241588, 33.2222603]]]}}, {"type": "Feature", "properties": {"height": 3.0, "num_floors": null, "subtype": null, "class": null, "roof_height": null, "height_source": "floored"}, "geometry": {"type": "Polygon", "coordinates": [[[35.6241624, 33.2227003], [35.6241528, 33.2226711], [35.6242102, 33.2226579], [35.6242198, 33.2226872], [35.6241624, 33.2227003]]]}}, {"type": "Feature", "properties": {"height": 3.0, "num_floors": null, "subtype": "residential", "class": "house", "roof_height": null, "height_source": "floored"}, "geometry": {"type": "Polygon", "coordinates": [[[35.6240463, 33.2239746], [35.62401, 33.2238093], [35.6241485, 33.2237751], [35.6241576, 33.2239537], [35.6240463, 33.2239746]]]}}, {"type": "Feature", "properties": {"height": 3.0, "num_floors": null, "subtype": null, "class": null, "roof_height": null, "height_source": "floored"}, "geometry": {"type": "Polygon", "coordinates": [[[35.6241386, 33.2239734], [35.6241465, 33.224001], [35.6241034, 33.2240096], [35.6240955, 33.223982], [35.6241386, 33.2239734]]]}}, {"type": "Feature", "properties": {"height": 3.0, "num_floors": 1, "subtype": "residential", "class": "house", "roof_height": null, "height_source": "num_floors"}, "geometry": {"type": "Polygon", "coordinates": [[[35.6242134, 33.2239446], [35.6241667, 33.2237727], [35.6242695, 33.223761], [35.6243442, 33.2239173], [35.6242134, 33.2239446]]]}}, {"type": "Feature", "properties": {"height": 4.0, "num_floors": null, "subtype": "residential", "class": "residential", "roof_height": null, "height_source": "ndsm"}, "geometry": {"type": "Polygon", "coordinates": [[[35.6246225, 33.2233658], [35.6245259, 33.2235236], [35.6241002, 33.2232882], [35.6241968, 33.2231603], [35.6246225, 33.2233658]]]}}, {"type": "Feature", "properties": {"height": 3.0, "num_floors": null, "subtype": "residential", "class": "residential", "roof_height": null, "height_source": "floored"}, "geometry": {"type": "Polygon", "coordinates": [[[35.6246693, 33.2228438], [35.6245802, 33.2229631], [35.6242266, 33.2227783], [35.6243157, 33.222659], [35.6246693, 33.2228438]]]}}, {"type": "Feature", "properties": {"height": 3.0, "num_floors": null, "subtype": "residential", "class": "residential", "roof_height": null, "height_source": "floored"}, "geometry": {"type": "Polygon", "coordinates": [[[35.6245008, 33.2231716], [35.6241965, 33.2230085], [35.624277, 33.2229034], [35.6245813, 33.2230665], [35.6245008, 33.2231716]]]}}, {"type": "Feature", "properties": {"height": 3.0, "num_floors": null, "subtype": "residential", "class": "residential", "roof_height": null, "height_source": "floored"}, "geometry": {"type": "Polygon", "coordinates": [[[35.6245771, 33.2226855], [35.6242923, 33.2225377], [35.6243777, 33.2224225], [35.6246625, 33.2225704], [35.6245771, 33.2226855]]]}}, {"type": "Feature", "properties": {"height": 3.0, "num_floors": null, "subtype": null, "class": null, "roof_height": null, "height_source": "floored"}, "geometry": {"type": "Polygon", "coordinates": [[[35.62496, 33.223241], [35.6248408, 33.2232234], [35.6248685, 33.2230917], [35.6249878, 33.2231093], [35.62496, 33.223241]]]}}, {"type": "Feature", "properties": {"height": 3.0, "num_floors": null, "subtype": "residential", "class": "house", "roof_height": null, "height_source": "floored"}, "geometry": {"type": "Polygon", "coordinates": [[[35.6246396, 33.2237155], [35.6244948, 33.2238149], [35.6243499, 33.2236813], [35.6244368, 33.2235912], [35.6246396, 33.2237155]]]}}, {"type": "Feature", "properties": {"height": 3.0, "num_floors": null, "subtype": "residential", "class": "house", "roof_height": null, "height_source": "floored"}, "geometry": {"type": "Polygon", "coordinates": [[[35.6238964, 33.2239879], [35.6238646, 33.223815], [35.6239759, 33.2237979], [35.6240077, 33.2239784], [35.6238964, 33.2239879]]]}}, {"type": "Feature", "properties": {"height": 3.0, "num_floors": null, "subtype": "residential", "class": "house", "roof_height": null, "height_source": "floored"}, "geometry": {"type": "Polygon", "coordinates": [[[35.6237374, 33.2239993], [35.6237352, 33.2238188], [35.6238419, 33.2238036], [35.6238464, 33.2239936], [35.6237374, 33.2239993]]]}}, {"type": "Feature", "properties": {"height": 4.6, "num_floors": null, "subtype": "residential", "class": "house", "roof_height": null, "height_source": "ndsm"}, "geometry": {"type": "Polygon", "coordinates": [[[35.624083, 33.2236477], [35.6238631, 33.2236635], [35.6238495, 33.2235313], [35.6240694, 33.2235155], [35.624083, 33.2236477]]]}}, {"type": "Feature", "properties": {"height": 4.6, "num_floors": null, "subtype": "residential", "class": "residential", "roof_height": null, "height_source": "ndsm"}, "geometry": {"type": "Polygon", "coordinates": [[[35.6239915, 33.2232494], [35.6236644, 33.2230713], [35.6237338, 33.2229822], [35.6240608, 33.2231603], [35.6239915, 33.2232494]]]}}, {"type": "Feature", "properties": {"height": 4.4, "num_floors": null, "subtype": "residential", "class": "residential", "roof_height": null, "height_source": "ndsm"}, "geometry": {"type": "Polygon", "coordinates": [[[35.6239023, 33.2226649], [35.6235645, 33.2224891], [35.6236483, 33.2223763], [35.6239862, 33.222552], [35.6239023, 33.2226649]]]}}, {"type": "Feature", "properties": {"height": 4.4, "num_floors": null, "subtype": null, "class": null, "roof_height": null, "height_source": "ndsm"}, "geometry": {"type": "Polygon", "coordinates": [[[35.6236712, 33.2226003], [35.6237149, 33.2226237], [35.6236893, 33.2226571], [35.6236456, 33.2226337], [35.6236712, 33.2226003]]]}}, {"type": "Feature", "properties": {"height": 4.6, "num_floors": null, "subtype": "residential", "class": "house", "roof_height": null, "height_source": "ndsm"}, "geometry": {"type": "Polygon", "coordinates": [[[35.6233574, 33.223508], [35.6235104, 33.2233627], [35.6236732, 33.2234825], [35.6235202, 33.2236279], [35.6233574, 33.223508]]]}}, {"type": "Feature", "properties": {"height": 4.6, "num_floors": null, "subtype": "residential", "class": "house", "roof_height": null, "height_source": "ndsm"}, "geometry": {"type": "Polygon", "coordinates": [[[35.6237803, 33.2236846], [35.6236467, 33.2236758], [35.6236605, 33.2235291], [35.6237941, 33.223538], [35.6237803, 33.2236846]]]}}, {"type": "Feature", "properties": {"height": 3.0, "num_floors": null, "subtype": "residential", "class": "house", "roof_height": null, "height_source": "floored"}, "geometry": {"type": "Polygon", "coordinates": [[[35.6236988, 33.2240316], [35.6235875, 33.2240449], [35.6235671, 33.2238435], [35.6236875, 33.2238283], [35.6236988, 33.2240316]]]}}, {"type": "Feature", "properties": {"height": 3.0, "num_floors": null, "subtype": "residential", "class": "house", "roof_height": null, "height_source": "floored"}, "geometry": {"type": "Polygon", "coordinates": [[[35.6235262, 33.2240392], [35.6234172, 33.2240525], [35.6234195, 33.2238321], [35.6235353, 33.223834], [35.6235262, 33.2240392]]]}}, {"type": "Feature", "properties": {"height": 3.0, "num_floors": null, "subtype": "residential", "class": "house", "roof_height": null, "height_source": "floored"}, "geometry": {"type": "Polygon", "coordinates": [[[35.6233695, 33.2240221], [35.6232537, 33.224024], [35.6232628, 33.223834], [35.6233672, 33.2238454], [35.6233695, 33.2240221]]]}}, {"type": "Feature", "properties": {"height": 4.6, "num_floors": null, "subtype": "residential", "class": "house", "roof_height": null, "height_source": "ndsm"}, "geometry": {"type": "Polygon", "coordinates": [[[35.6233262, 33.2234559], [35.62316, 33.2233176], [35.6233195, 33.2231835], [35.6234856, 33.2233218], [35.6233262, 33.2234559]]]}}, {"type": "Feature", "properties": {"height": 4.6, "num_floors": null, "subtype": "residential", "class": "residential", "roof_height": null, "height_source": "ndsm"}, "geometry": {"type": "Polygon", "coordinates": [[[35.6232001, 33.222771], [35.6232666, 33.222661], [35.62367, 33.2228316], [35.6236036, 33.2229416], [35.6232001, 33.222771]]]}}, {"type": "Feature", "properties": {"height": 4.6, "num_floors": null, "subtype": null, "class": null, "roof_height": null, "height_source": "ndsm"}, "geometry": {"type": "Polygon", "coordinates": [[[35.6234272, 33.2229647], [35.623378, 33.2229409], [35.6234181, 33.2228829], [35.6234672, 33.2229066], [35.6234272, 33.2229647]]]}}, {"type": "Feature", "properties": {"height": 4.4, "num_floors": null, "subtype": "residential", "class": "residential", "roof_height": null, "height_source": "ndsm"}, "geometry": {"type": "Polygon", "coordinates": [[[35.6235084, 33.2227004], [35.6232194, 33.2225429], [35.6232975, 33.2224426], [35.6235865, 33.2226001], [35.6235084, 33.2227004]]]}}, {"type": "Feature", "properties": {"height": 4.6, "num_floors": 1, "subtype": "residential", "class": "house", "roof_height": null, "height_source": "ndsm"}, "geometry": {"type": "Polygon", "coordinates": [[[35.6230092, 33.2231843], [35.6228724, 33.223108], [35.6230482, 33.2230045], [35.6231264, 33.2230671], [35.6230092, 33.2231843]]]}}, {"type": "Feature", "properties": {"height": 4.6, "num_floors": null, "subtype": "residential", "class": "house", "roof_height": null, "height_source": "ndsm"}, "geometry": {"type": "Polygon", "coordinates": [[[35.6230311, 33.223625], [35.6228971, 33.2236231], [35.6229266, 33.2234179], [35.623072, 33.2234559], [35.6230311, 33.223625]]]}}, {"type": "Feature", "properties": {"height": 4.6, "num_floors": null, "subtype": "residential", "class": "house", "roof_height": null, "height_source": "ndsm"}, "geometry": {"type": "Polygon", "coordinates": [[[35.6231288, 33.2233001], [35.623047, 33.2232051], [35.6231447, 33.2231177], [35.6232401, 33.2232108], [35.6231288, 33.2233001]]]}}, {"type": "Feature", "properties": {"height": 4.6, "num_floors": null, "subtype": "residential", "class": "house", "roof_height": null, "height_source": "ndsm"}, "geometry": {"type": "Polygon", "coordinates": [[[35.6231946, 33.2236725], [35.6230493, 33.2236611], [35.6230856, 33.2235091], [35.6231855, 33.2235262], [35.6231946, 33.2236725]]]}}, {"type": "Feature", "properties": {"height": 3.0, "num_floors": null, "subtype": "residential", "class": "house", "roof_height": null, "height_source": "floored"}, "geometry": {"type": "Polygon", "coordinates": [[[35.6232037, 33.224024], [35.6230856, 33.2240183], [35.6231083, 33.2238131], [35.623231, 33.2238264], [35.6232037, 33.224024]]]}}, {"type": "Feature", "properties": {"height": 3.0, "num_floors": null, "subtype": null, "class": null, "roof_height": null, "height_source": "floored"}, "geometry": {"type": "Polygon", "coordinates": [[[35.6231303, 33.2240732], [35.6231288, 33.2241248], [35.6230671, 33.2241235], [35.6230686, 33.224072], [35.6231303, 33.2240732]]]}}, {"type": "Feature", "properties": {"height": 12.0, "num_floors": 4, "subtype": "commercial", "class": "hotel", "roof_height": null, "height_source": "num_floors"}, "geometry": {"type": "Polygon", "coordinates": [[[35.6205754, 33.2218608], [35.620548, 33.2216832], [35.6209826, 33.2216363], [35.6210099, 33.2218139], [35.6205754, 33.2218608]]]}}, {"type": "Feature", "properties": {"height": 6.1, "num_floors": null, "subtype": "commercial", "class": "hotel", "roof_height": null, "height_source": "ndsm"}, "geometry": {"type": "Polygon", "coordinates": [[[35.6207603, 33.2221541], [35.6207194, 33.2219773], [35.6209931, 33.221933], [35.621034, 33.2221098], [35.6207603, 33.2221541]]]}}, {"type": "Feature", "properties": {"height": 4.1, "num_floors": null, "subtype": null, "class": null, "roof_height": null, "height_source": "ndsm"}, "geometry": {"type": "Polygon", "coordinates": [[[35.6208977, 33.2208617], [35.6207575, 33.2208128], [35.6208276, 33.220702], [35.6209794, 33.2207476], [35.6208977, 33.2208617]]]}}, {"type": "Feature", "properties": {"height": 3.0, "num_floors": null, "subtype": null, "class": null, "roof_height": null, "height_source": "floored"}, "geometry": {"type": "Polygon", "coordinates": [[[35.6211443, 33.2206062], [35.6210289, 33.2207053], [35.6207768, 33.220558], [35.6208299, 33.2204966], [35.6211443, 33.2206062]]]}}, {"type": "Feature", "properties": {"height": 3.0, "num_floors": null, "subtype": null, "class": null, "roof_height": null, "height_source": "floored"}, "geometry": {"type": "Polygon", "coordinates": [[[35.6210229, 33.219278], [35.6208549, 33.2191997], [35.6209252, 33.2190941], [35.6210932, 33.2191724], [35.6210229, 33.219278]]]}}, {"type": "Feature", "properties": {"height": 3.0, "num_floors": null, "subtype": null, "class": null, "roof_height": null, "height_source": "floored"}, "geometry": {"type": "Polygon", "coordinates": [[[35.6206354, 33.2196814], [35.620846, 33.2196883], [35.6208435, 33.2197411], [35.6206329, 33.2197342], [35.6206354, 33.2196814]]]}}, {"type": "Feature", "properties": {"height": 3.0, "num_floors": null, "subtype": null, "class": null, "roof_height": null, "height_source": "floored"}, "geometry": {"type": "Polygon", "coordinates": [[[35.6207637, 33.2195992], [35.6207747, 33.2196701], [35.6205778, 33.2196678], [35.6205805, 33.2195878], [35.6207637, 33.2195992]]]}}, {"type": "Feature", "properties": {"height": 3.0, "num_floors": null, "subtype": null, "class": null, "roof_height": null, "height_source": "floored"}, "geometry": {"type": "Polygon", "coordinates": [[[35.6207795, 33.2193303], [35.6206227, 33.2192436], [35.620671, 33.2191825], [35.6208278, 33.2192692], [35.6207795, 33.2193303]]]}}, {"type": "Feature", "properties": {"height": 3.0, "num_floors": null, "subtype": null, "class": null, "roof_height": null, "height_source": "floored"}, "geometry": {"type": "Polygon", "coordinates": [[[35.620724, 33.2206413], [35.6207812, 33.22067], [35.6207445, 33.2207212], [35.6206873, 33.2206925], [35.620724, 33.2206413]]]}}, {"type": "Feature", "properties": {"height": 4.3, "num_floors": null, "subtype": null, "class": null, "roof_height": null, "height_source": "ndsm"}, "geometry": {"type": "Polygon", "coordinates": [[[35.6201346, 33.219726], [35.6201308, 33.2197109], [35.6201975, 33.2196991], [35.6201872, 33.2196583], [35.6203156, 33.2196356], [35.6203297, 33.2196914], [35.6201346, 33.219726]]]}}, {"type": "Feature", "properties": {"height": 3.0, "num_floors": null, "subtype": null, "class": null, "roof_height": null, "height_source": "floored"}, "geometry": {"type": "Polygon", "coordinates": [[[35.6201085, 33.2201389], [35.6201627, 33.2201268], [35.6201842, 33.2201938], [35.62013, 33.2202059], [35.6201085, 33.2201389]]]}}, {"type": "Feature", "properties": {"height": 4.3, "num_floors": null, "subtype": "entertainment", "class": "sports_centre", "roof_height": null, "height_source": "ndsm"}, "geometry": {"type": "Polygon", "coordinates": [[[35.6197492, 33.2195931], [35.6196758, 33.2192402], [35.6199508, 33.2192017], [35.6199282, 33.2191318], [35.6202491, 33.2190713], [35.6203014, 33.2192654], [35.6200387, 33.2193149], [35.6199831, 33.2193254], [35.6200404, 33.2195381], [35.6197492, 33.2195931]]]}}, {"type": "Feature", "properties": {"height": 3.0, "num_floors": null, "subtype": "residential", "class": "detached", "roof_height": null, "height_source": "floored"}, "geometry": {"type": "Polygon", "coordinates": [[[35.6189838, 33.2191184], [35.6188232, 33.2191591], [35.6187891, 33.2190651], [35.6188626, 33.2190465], [35.6188463, 33.2190015], [35.6189335, 33.2189795], [35.6189838, 33.2191184]]]}}, {"type": "Feature", "properties": {"height": 3.0, "num_floors": null, "subtype": "residential", "class": "detached", "roof_height": null, "height_source": "floored"}, "geometry": {"type": "Polygon", "coordinates": [[[35.6187875, 33.2192059], [35.6186627, 33.2192703], [35.6185817, 33.2191605], [35.6186288, 33.2191361], [35.6186054, 33.2191043], [35.618683, 33.2190642], [35.6187875, 33.2192059]]]}}, {"type": "Feature", "properties": {"height": 3.0, "num_floors": null, "subtype": null, "class": null, "roof_height": null, "height_source": "floored"}, "geometry": {"type": "Polygon", "coordinates": [[[35.6186579, 33.2193822], [35.6185952, 33.2193589], [35.6186231, 33.2193064], [35.6186858, 33.2193298], [35.6186579, 33.2193822]]]}}, {"type": "Feature", "properties": {"height": 3.1, "num_floors": null, "subtype": null, "class": null, "roof_height": null, "height_source": "ndsm"}, "geometry": {"type": "Polygon", "coordinates": [[[35.6186379, 33.2201731], [35.6186325, 33.2202513], [35.618572, 33.2202484], [35.6185774, 33.2201701], [35.6186379, 33.2201731]]]}}, {"type": "Feature", "properties": {"height": 5.4, "num_floors": null, "subtype": null, "class": null, "roof_height": null, "height_source": "ndsm"}, "geometry": {"type": "Polygon", "coordinates": [[[35.6186306, 33.2205045], [35.6186888, 33.2204986], [35.6186939, 33.220534], [35.6186358, 33.2205399], [35.6186306, 33.2205045]]]}}, {"type": "Feature", "properties": {"height": 5.4, "num_floors": null, "subtype": null, "class": null, "roof_height": null, "height_source": "ndsm"}, "geometry": {"type": "Polygon", "coordinates": [[[35.6185911, 33.2204187], [35.6185836, 33.2203362], [35.6186529, 33.2203318], [35.6186604, 33.2204143], [35.6185911, 33.2204187]]]}}, {"type": "Feature", "properties": {"height": 3.0, "num_floors": null, "subtype": "residential", "class": "detached", "roof_height": null, "height_source": "floored"}, "geometry": {"type": "Polygon", "coordinates": [[[35.6184966, 33.2205182], [35.6183207, 33.2205316], [35.6183092, 33.2204263], [35.6184851, 33.2204129], [35.6184966, 33.2205182]]]}}, {"type": "Feature", "properties": {"height": 3.0, "num_floors": null, "subtype": "residential", "class": "detached", "roof_height": null, "height_source": "floored"}, "geometry": {"type": "Polygon", "coordinates": [[[35.6185169, 33.2206936], [35.618341, 33.220707], [35.6183296, 33.2206017], [35.6185055, 33.2205884], [35.6185169, 33.2206936]]]}}, {"type": "Feature", "properties": {"height": 3.0, "num_floors": null, "subtype": "residential", "class": "detached", "roof_height": null, "height_source": "floored"}, "geometry": {"type": "Polygon", "coordinates": [[[35.6184789, 33.2203391], [35.618303, 33.2203524], [35.6182916, 33.2202472], [35.6184674, 33.2202338], [35.6184789, 33.2203391]]]}}, {"type": "Feature", "properties": {"height": 3.0, "num_floors": null, "subtype": "residential", "class": "detached", "roof_height": null, "height_source": "floored"}, "geometry": {"type": "Polygon", "coordinates": [[[35.6184559, 33.2201481], [35.61828, 33.2201615], [35.6182685, 33.2200562], [35.6184444, 33.2200428], [35.6184559, 33.2201481]]]}}, {"type": "Feature", "properties": {"height": 3.0, "num_floors": null, "subtype": "residential", "class": "detached", "roof_height": null, "height_source": "floored"}, "geometry": {"type": "Polygon", "coordinates": [[[35.6184352, 33.2199887], [35.6182786, 33.220001], [35.6182642, 33.2198722], [35.6184207, 33.2198599], [35.6184352, 33.2199887]]]}}, {"type": "Feature", "properties": {"height": 3.0, "num_floors": null, "subtype": "residential", "class": "detached", "roof_height": null, "height_source": "floored"}, "geometry": {"type": "Polygon", "coordinates": [[[35.6185239, 33.2193057], [35.6184843, 33.2193462], [35.6183779, 33.2192733], [35.6184939, 33.2191548], [35.6186116, 33.2192355], [35.6185782, 33.2192696], [35.6186043, 33.2192874], [35.6185613, 33.2193313], [35.6185239, 33.2193057]]]}}, {"type": "Feature", "properties": {"height": 3.0, "num_floors": null, "subtype": "residential", "class": "detached", "roof_height": null, "height_source": "floored"}, "geometry": {"type": "Polygon", "coordinates": [[[35.6183406, 33.2197041], [35.6182204, 33.2196829], [35.6182489, 33.21957], [35.6184023, 33.2195971], [35.6183887, 33.2196511], [35.6183555, 33.2196452], [35.6183406, 33.2197041]]]}}, {"type": "Feature", "properties": {"height": 3.0, "num_floors": null, "subtype": "residential", "class": "detached", "roof_height": null, "height_source": "floored"}, "geometry": {"type": "Polygon", "coordinates": [[[35.6184519, 33.2195418], [35.6182704, 33.2194714], [35.6183297, 33.2193644], [35.6185112, 33.2194347], [35.6184519, 33.2195418]]]}}, {"type": "Feature", "properties": {"height": 3.0, "num_floors": null, "subtype": null, "class": null, "roof_height": null, "height_source": "floored"}, "geometry": {"type": "Polygon", "coordinates": [[[35.6181969, 33.220191], [35.6181922, 33.220145], [35.6182428, 33.2201415], [35.6182475, 33.2201874], [35.6181969, 33.220191]]]}}, {"type": "Feature", "properties": {"height": 3.0, "num_floors": null, "subtype": "residential", "class": "detached", "roof_height": null, "height_source": "floored"}, "geometry": {"type": "Polygon", "coordinates": [[[35.618437, 33.2207731], [35.6183449, 33.2207815], [35.6183381, 33.220729], [35.6184302, 33.2207207], [35.618437, 33.2207731]]]}}, {"type": "Feature", "properties": {"height": 3.4, "num_floors": null, "subtype": null, "class": null, "roof_height": null, "height_source": "ndsm"}, "geometry": {"type": "Polygon", "coordinates": [[[35.6184838, 33.2220031], [35.6184751, 33.221948], [35.6185463, 33.2219401], [35.618555, 33.2219952], [35.6184838, 33.2220031]]]}}, {"type": "Feature", "properties": {"height": 3.0, "num_floors": null, "subtype": null, "class": null, "roof_height": null, "height_source": "floored"}, "geometry": {"type": "Polygon", "coordinates": [[[35.6178389, 33.2207882], [35.6178353, 33.2207662], [35.617888, 33.2207602], [35.6178916, 33.2207822], [35.6178389, 33.2207882]]]}}, {"type": "Feature", "properties": {"height": 3.0, "num_floors": null, "subtype": null, "class": null, "roof_height": null, "height_source": "floored"}, "geometry": {"type": "Polygon", "coordinates": [[[35.6178658, 33.2207444], [35.6178628, 33.2206741], [35.6179003, 33.220673], [35.6179033, 33.2207433], [35.6178658, 33.2207444]]]}}, {"type": "Feature", "properties": {"height": 3.0, "num_floors": null, "subtype": "residential", "class": "detached", "roof_height": null, "height_source": "floored"}, "geometry": {"type": "Polygon", "coordinates": [[[35.6181096, 33.220749], [35.6179302, 33.2207653], [35.617914, 33.2206404], [35.6180933, 33.2206241], [35.6181096, 33.220749]]]}}, {"type": "Feature", "properties": {"height": 3.0, "num_floors": null, "subtype": "residential", "class": "detached", "roof_height": null, "height_source": "floored"}, "geometry": {"type": "Polygon", "coordinates": [[[35.6179748, 33.2205619], [35.6179276, 33.220566], [35.6179156, 33.2204701], [35.6180686, 33.2204567], [35.6180833, 33.2205739], [35.6179774, 33.2205832], [35.6179748, 33.2205619]]]}}, {"type": "Feature", "properties": {"height": 3.0, "num_floors": null, "subtype": "residential", "class": "detached", "roof_height": null, "height_source": "floored"}, "geometry": {"type": "Polygon", "coordinates": [[[35.6180626, 33.2203958], [35.6178578, 33.2204178], [35.6178372, 33.2202839], [35.618042, 33.2202618], [35.6180626, 33.2203958]]]}}, {"type": "Feature", "properties": {"height": 3.0, "num_floors": null, "subtype": "residential", "class": "detached", "roof_height": null, "height_source": "floored"}, "geometry": {"type": "Polygon", "coordinates": [[[35.6179944, 33.2200373], [35.6177894, 33.2200544], [35.617781, 33.2199836], [35.6178218, 33.2199802], [35.6178144, 33.2199179], [35.6179786, 33.2199042], [35.6179944, 33.2200373]]]}}, {"type": "Feature", "properties": {"height": 3.0, "num_floors": null, "subtype": "residential", "class": "detached", "roof_height": null, "height_source": "floored"}, "geometry": {"type": "Polygon", "coordinates": [[[35.6180346, 33.2202163], [35.6178559, 33.2202317], [35.617839, 33.2200939], [35.6180176, 33.2200785], [35.6180346, 33.2202163]]]}}, {"type": "Feature", "properties": {"height": 3.0, "num_floors": null, "subtype": "residential", "class": "detached", "roof_height": null, "height_source": "floored"}, "geometry": {"type": "Polygon", "coordinates": [[[35.6180627, 33.2192483], [35.6179082, 33.219171], [35.6179833, 33.2190658], [35.6181379, 33.2191431], [35.6180627, 33.2192483]]]}}, {"type": "Feature", "properties": {"height": 3.0, "num_floors": null, "subtype": "residential", "class": "detached", "roof_height": null, "height_source": "floored"}, "geometry": {"type": "Polygon", "coordinates": [[[35.6179131, 33.2193589], [35.6178509, 33.2193385], [35.6178935, 33.2192475], [35.6180477, 33.2192979], [35.6179929, 33.2194151], [35.6179008, 33.219385], [35.6179131, 33.2193589]]]}}, {"type": "Feature", "properties": {"height": 3.0, "num_floors": null, "subtype": "residential", "class": "detached", "roof_height": null, "height_source": "floored"}, "geometry": {"type": "Polygon", "coordinates": [[[35.6179414, 33.2195811], [35.617767, 33.2195544], [35.6177815, 33.2194883], [35.6178318, 33.219496], [35.6178437, 33.2194416], [35.6179978, 33.2194652], [35.6179835, 33.2195306], [35.6179535, 33.219526], [35.6179414, 33.2195811]]]}}, {"type": "Feature", "properties": {"height": 3.0, "num_floors": null, "subtype": "residential", "class": "detached", "roof_height": null, "height_source": "floored"}, "geometry": {"type": "Polygon", "coordinates": [[[35.6179262, 33.2197508], [35.6177935, 33.2197525], [35.6177915, 33.2196404], [35.6179242, 33.2196387], [35.6179262, 33.2197508]]]}}, {"type": "Feature", "properties": {"height": 3.0, "num_floors": null, "subtype": null, "class": null, "roof_height": null, "height_source": "floored"}, "geometry": {"type": "Polygon", "coordinates": [[[35.6176756, 33.2194103], [35.6176166, 33.2194091], [35.6176184, 33.2193508], [35.6176774, 33.219352], [35.6176756, 33.2194103]]]}}, {"type": "Feature", "properties": {"height": 3.0, "num_floors": null, "subtype": null, "class": null, "roof_height": null, "height_source": "floored"}, "geometry": {"type": "Polygon", "coordinates": [[[35.6173927, 33.2205923], [35.6172613, 33.220606], [35.6172339, 33.2204221], [35.6174111, 33.2204036], [35.617424, 33.2204904], [35.6173782, 33.2204952], [35.6173927, 33.2205923]]]}}, {"type": "Feature", "properties": {"height": 3.0, "num_floors": null, "subtype": null, "class": null, "roof_height": null, "height_source": "floored"}, "geometry": {"type": "Polygon", "coordinates": [[[35.6172929, 33.2191713], [35.6172185, 33.2191419], [35.6172949, 33.2190065], [35.6173665, 33.2190348], [35.6173485, 33.2190665], [35.6174516, 33.2191072], [35.6174056, 33.2191886], [35.6172976, 33.2191459], [35.6172929, 33.2191713]]]}}, {"type": "Feature", "properties": {"height": 3.0, "num_floors": null, "subtype": null, "class": null, "roof_height": null, "height_source": "floored"}, "geometry": {"type": "Polygon", "coordinates": [[[35.617264, 33.2196941], [35.6171342, 33.2197078], [35.6171114, 33.2195565], [35.617194, 33.2195478], [35.6171973, 33.2195699], [35.6172814, 33.2195611], [35.6172883, 33.219607], [35.6172515, 33.2196109], [35.617264, 33.2196941]]]}}, {"type": "Feature", "properties": {"height": 3.0, "num_floors": null, "subtype": null, "class": null, "roof_height": null, "height_source": "floored"}, "geometry": {"type": "Polygon", "coordinates": [[[35.6171992, 33.2190068], [35.6172248, 33.2190115], [35.6172119, 33.2190607], [35.6171863, 33.219056], [35.6171992, 33.2190068]]]}}, {"type": "Feature", "properties": {"height": 3.0, "num_floors": null, "subtype": null, "class": null, "roof_height": null, "height_source": "floored"}, "geometry": {"type": "Polygon", "coordinates": [[[35.6173332, 33.2201501], [35.6171647, 33.220171], [35.6171349, 33.2200027], [35.6173034, 33.2199818], [35.6173332, 33.2201501]]]}}, {"type": "Feature", "properties": {"height": 3.0, "num_floors": null, "subtype": null, "class": null, "roof_height": null, "height_source": "floored"}, "geometry": {"type": "Polygon", "coordinates": [[[35.6171255, 33.2205695], [35.6170343, 33.2205783], [35.6170205, 33.2204786], [35.6170902, 33.2204719], [35.6170842, 33.2204288], [35.6171848, 33.2204191], [35.6172114, 33.2206118], [35.6171324, 33.2206194], [35.6171255, 33.2205695]]]}}, {"type": "Feature", "properties": {"height": 3.0, "num_floors": null, "subtype": null, "class": null, "roof_height": null, "height_source": "floored"}, "geometry": {"type": "Polygon", "coordinates": [[[35.6171018, 33.2206536], [35.6171068, 33.2206845], [35.6170383, 33.2206922], [35.6170333, 33.2206614], [35.6171018, 33.2206536]]]}}, {"type": "Feature", "properties": {"height": 3.0, "num_floors": null, "subtype": null, "class": null, "roof_height": null, "height_source": "floored"}, "geometry": {"type": "Polygon", "coordinates": [[[35.6170313, 33.2206986], [35.6171019, 33.2206893], [35.6171057, 33.220709], [35.617035, 33.2207183], [35.6170313, 33.2206986]]]}}, {"type": "Feature", "properties": {"height": 3.0, "num_floors": null, "subtype": null, "class": null, "roof_height": null, "height_source": "floored"}, "geometry": {"type": "Polygon", "coordinates": [[[35.6172262, 33.2209035], [35.6170879, 33.2209183], [35.6170583, 33.220725], [35.6173511, 33.2206935], [35.6173681, 33.220804], [35.6172135, 33.2208206], [35.6172262, 33.2209035]]]}}, {"type": "Feature", "properties": {"height": 3.0, "num_floors": null, "subtype": null, "class": null, "roof_height": null, "height_source": "floored"}, "geometry": {"type": "Polygon", "coordinates": [[[35.6174553, 33.2212768], [35.6172153, 33.2213], [35.6171932, 33.2211394], [35.6173373, 33.2211255], [35.617351, 33.2212248], [35.6174469, 33.2212155], [35.6174553, 33.2212768]]]}}, {"type": "Feature", "properties": {"height": 3.0, "num_floors": null, "subtype": null, "class": null, "roof_height": null, "height_source": "floored"}, "geometry": {"type": "Polygon", "coordinates": [[[35.6173859, 33.2214596], [35.6172364, 33.2214745], [35.6172191, 33.2213534], [35.6173686, 33.2213385], [35.6173859, 33.2214596]]]}}, {"type": "Feature", "properties": {"height": 3.0, "num_floors": null, "subtype": null, "class": null, "roof_height": null, "height_source": "floored"}, "geometry": {"type": "Polygon", "coordinates": [[[35.6175458, 33.2216827], [35.6172789, 33.2217015], [35.6172638, 33.2215526], [35.6175308, 33.2215338], [35.6175458, 33.2216827]]]}}, {"type": "Feature", "properties": {"height": 3.0, "num_floors": null, "subtype": null, "class": null, "roof_height": null, "height_source": "floored"}, "geometry": {"type": "Polygon", "coordinates": [[[35.6171569, 33.2222537], [35.6170912, 33.2222256], [35.6171467, 33.2221348], [35.6173392, 33.2222171], [35.6173021, 33.2222778], [35.6172793, 33.2222681], [35.6172349, 33.2223407], [35.6171309, 33.2222962], [35.6171569, 33.2222537]]]}}, {"type": "Feature", "properties": {"height": 3.0, "num_floors": null, "subtype": null, "class": null, "roof_height": null, "height_source": "floored"}, "geometry": {"type": "Polygon", "coordinates": [[[35.6172376, 33.2216375], [35.6172346, 33.2216912], [35.6171822, 33.2216891], [35.6171851, 33.2216354], [35.6172376, 33.2216375]]]}}, {"type": "Feature", "properties": {"height": 3.0, "num_floors": null, "subtype": null, "class": null, "roof_height": null, "height_source": "floored"}, "geometry": {"type": "Polygon", "coordinates": [[[35.6170524, 33.2223414], [35.617029, 33.222326], [35.6170795, 33.2222723], [35.6172801, 33.2224041], [35.6172232, 33.2224646], [35.6171738, 33.2224321], [35.6171606, 33.2224462], [35.6171026, 33.2224081], [35.6170866, 33.2224251], [35.6170168, 33.2223793], [35.6170524, 33.2223414]]]}}, {"type": "Feature", "properties": {"height": 3.0, "num_floors": null, "subtype": null, "class": null, "roof_height": null, "height_source": "floored"}, "geometry": {"type": "Polygon", "coordinates": [[[35.6329543, 33.2259815], [35.6328008, 33.2260355], [35.632742, 33.2259188], [35.6328955, 33.2258647], [35.6329543, 33.2259815]]]}}, {"type": "Feature", "properties": {"height": 3.0, "num_floors": null, "subtype": null, "class": null, "roof_height": null, "height_source": "floored"}, "geometry": {"type": "Polygon", "coordinates": [[[35.6328976, 33.2257937], [35.632916, 33.2258402], [35.6328738, 33.225852], [35.6328554, 33.2258055], [35.6328976, 33.2257937]]]}}, {"type": "Feature", "properties": {"height": 3.0, "num_floors": null, "subtype": null, "class": null, "roof_height": null, "height_source": "floored"}, "geometry": {"type": "Polygon", "coordinates": [[[35.6323702, 33.2208949], [35.6323731, 33.2208855], [35.6324745, 33.2209076], [35.6324508, 33.2209842], [35.632294, 33.2209501], [35.6323149, 33.2208829], [35.6323702, 33.2208949]]]}}, {"type": "Feature", "properties": {"height": 3.0, "num_floors": null, "subtype": null, "class": null, "roof_height": null, "height_source": "floored"}, "geometry": {"type": "Polygon", "coordinates": [[[35.6321464, 33.2212059], [35.6321444, 33.2211611], [35.6322425, 33.2211581], [35.6322407, 33.2211155], [35.6322862, 33.2211141], [35.6322923, 33.2212553], [35.632213, 33.2212577], [35.6322107, 33.2212039], [35.6321464, 33.2212059]]]}}, {"type": "Feature", "properties": {"height": 3.0, "num_floors": null, "subtype": null, "class": null, "roof_height": null, "height_source": "floored"}, "geometry": {"type": "Polygon", "coordinates": [[[35.6314984, 33.2219189], [35.6315157, 33.2219914], [35.6314099, 33.222009], [35.6313926, 33.2219365], [35.6314984, 33.2219189]]]}}, {"type": "Feature", "properties": {"height": 3.0, "num_floors": null, "subtype": null, "class": null, "roof_height": null, "height_source": "floored"}, "geometry": {"type": "Polygon", "coordinates": [[[35.6313858, 33.2219284], [35.6313526, 33.221874], [35.631464, 33.2218264], [35.6314973, 33.2218808], [35.6313858, 33.2219284]]]}}, {"type": "Feature", "properties": {"height": 3.0, "num_floors": null, "subtype": null, "class": null, "roof_height": null, "height_source": "floored"}, "geometry": {"type": "Polygon", "coordinates": [[[35.631357, 33.2218585], [35.6313396, 33.2218154], [35.6314623, 33.2217806], [35.6314798, 33.2218238], [35.631357, 33.2218585]]]}}, {"type": "Feature", "properties": {"height": 3.0, "num_floors": null, "subtype": null, "class": null, "roof_height": null, "height_source": "floored"}, "geometry": {"type": "Polygon", "coordinates": [[[35.6312312, 33.2218216], [35.6312051, 33.2217665], [35.6312861, 33.2217396], [35.6313123, 33.2217947], [35.6312312, 33.2218216]]]}}, {"type": "Feature", "properties": {"height": 3.0, "num_floors": null, "subtype": null, "class": null, "roof_height": null, "height_source": "floored"}, "geometry": {"type": "Polygon", "coordinates": [[[35.6312517, 33.2218194], [35.6313381, 33.2218081], [35.6313583, 33.2219164], [35.6312719, 33.2219276], [35.6312517, 33.2218194]]]}}, {"type": "Feature", "properties": {"height": 3.0, "num_floors": null, "subtype": null, "class": null, "roof_height": null, "height_source": "floored"}, "geometry": {"type": "Polygon", "coordinates": [[[35.6318255, 33.2227503], [35.6318936, 33.2227109], [35.6319456, 33.2227736], [35.6318776, 33.2228131], [35.6318255, 33.2227503]]]}}, {"type": "Feature", "properties": {"height": 3.3, "num_floors": null, "subtype": null, "class": null, "roof_height": null, "height_source": "ndsm"}, "geometry": {"type": "Polygon", "coordinates": [[[35.6299697, 33.2235621], [35.6299727, 33.2235151], [35.6300571, 33.2235189], [35.630054, 33.2235659], [35.6299697, 33.2235621]]]}}, {"type": "Feature", "properties": {"height": 3.0, "num_floors": null, "subtype": null, "class": null, "roof_height": null, "height_source": "floored"}, "geometry": {"type": "Polygon", "coordinates": [[[35.6304018, 33.2228867], [35.6303934, 33.2228678], [35.630443, 33.2228524], [35.6304514, 33.2228714], [35.6304018, 33.2228867]]]}}, {"type": "Feature", "properties": {"height": 3.0, "num_floors": null, "subtype": null, "class": null, "roof_height": null, "height_source": "floored"}, "geometry": {"type": "Polygon", "coordinates": [[[35.6304822, 33.2200269], [35.6304934, 33.2199277], [35.6305183, 33.2199296], [35.6305071, 33.2200288], [35.6304822, 33.2200269]]]}}, {"type": "Feature", "properties": {"height": 3.0, "num_floors": null, "subtype": null, "class": null, "roof_height": null, "height_source": "floored"}, "geometry": {"type": "Polygon", "coordinates": [[[35.6303999, 33.2201913], [35.6303977, 33.2203012], [35.6303655, 33.2203008], [35.6303678, 33.2201909], [35.6303999, 33.2201913]]]}}, {"type": "Feature", "properties": {"height": 3.0, "num_floors": null, "subtype": null, "class": null, "roof_height": null, "height_source": "floored"}, "geometry": {"type": "Polygon", "coordinates": [[[35.6297001, 33.2207175], [35.6297333, 33.2206323], [35.6298481, 33.2206636], [35.629815, 33.2207488], [35.6297001, 33.2207175]]]}}, {"type": "Feature", "properties": {"height": 3.0, "num_floors": null, "subtype": null, "class": null, "roof_height": null, "height_source": "floored"}, "geometry": {"type": "Polygon", "coordinates": [[[35.6292883, 33.2233119], [35.6293339, 33.223325], [35.6293142, 33.2233732], [35.6292685, 33.2233601], [35.6292883, 33.2233119]]]}}, {"type": "Feature", "properties": {"height": 3.0, "num_floors": null, "subtype": null, "class": null, "roof_height": null, "height_source": "floored"}, "geometry": {"type": "Polygon", "coordinates": [[[35.6260599, 33.2258758], [35.6260516, 33.225932], [35.6259234, 33.2259187], [35.6259317, 33.2258625], [35.6260599, 33.2258758]]]}}, {"type": "Feature", "properties": {"height": 3.0, "num_floors": null, "subtype": null, "class": null, "roof_height": null, "height_source": "floored"}, "geometry": {"type": "Polygon", "coordinates": [[[35.6262569, 33.2250812], [35.6262674, 33.2251148], [35.6261745, 33.2251351], [35.626164, 33.2251015], [35.6262569, 33.2250812]]]}}, {"type": "Feature", "properties": {"height": 3.0, "num_floors": null, "subtype": null, "class": null, "roof_height": null, "height_source": "floored"}, "geometry": {"type": "Polygon", "coordinates": [[[35.6262191, 33.2251785], [35.6263053, 33.2251569], [35.626356, 33.2252991], [35.6262698, 33.2253206], [35.6262191, 33.2251785]]]}}, {"type": "Feature", "properties": {"height": 3.0, "num_floors": null, "subtype": null, "class": null, "roof_height": null, "height_source": "floored"}, "geometry": {"type": "Polygon", "coordinates": [[[35.6262678, 33.2253042], [35.6262937, 33.2253529], [35.6262242, 33.2253787], [35.6261984, 33.22533], [35.6262678, 33.2253042]]]}}, {"type": "Feature", "properties": {"height": 3.0, "num_floors": null, "subtype": null, "class": null, "roof_height": null, "height_source": "floored"}, "geometry": {"type": "Polygon", "coordinates": [[[35.6254935, 33.2235568], [35.6253582, 33.2235385], [35.6253879, 33.2233851], [35.6254445, 33.2233927], [35.6254387, 33.2234225], [35.6255174, 33.2234331], [35.6254935, 33.2235568]]]}}, {"type": "Feature", "properties": {"height": 3.0, "num_floors": null, "subtype": null, "class": null, "roof_height": null, "height_source": "floored"}, "geometry": {"type": "Polygon", "coordinates": [[[35.6251099, 33.2238533], [35.6250686, 33.2238438], [35.6250867, 33.2237886], [35.625128, 33.2237981], [35.6251099, 33.2238533]]]}}, {"type": "Feature", "properties": {"height": 3.0, "num_floors": null, "subtype": null, "class": null, "roof_height": null, "height_source": "floored"}, "geometry": {"type": "Polygon", "coordinates": [[[35.6251729, 33.2233005], [35.6250161, 33.2232879], [35.625027, 33.2231935], [35.6251147, 33.2232005], [35.6251185, 33.2231672], [35.6251876, 33.2231727], [35.6251729, 33.2233005]]]}}, {"type": "Feature", "properties": {"height": 3.0, "num_floors": null, "subtype": null, "class": null, "roof_height": null, "height_source": "floored"}, "geometry": {"type": "Polygon", "coordinates": [[[35.6251519, 33.2234652], [35.6250108, 33.2234416], [35.625035, 33.2233403], [35.6251761, 33.2233639], [35.6251519, 33.2234652]]]}}, {"type": "Feature", "properties": {"height": 3.0, "num_floors": null, "subtype": null, "class": null, "roof_height": null, "height_source": "floored"}, "geometry": {"type": "Polygon", "coordinates": [[[35.625224, 33.2231759], [35.6250461, 33.2231493], [35.6250809, 33.222987], [35.6251933, 33.2230038], [35.6251868, 33.2230342], [35.6252523, 33.2230441], [35.625224, 33.2231759]]]}}, {"type": "Feature", "properties": {"height": 3.0, "num_floors": null, "subtype": null, "class": null, "roof_height": null, "height_source": "floored"}, "geometry": {"type": "Polygon", "coordinates": [[[35.6251793, 33.2229361], [35.6251016, 33.2229228], [35.6251272, 33.2228181], [35.6252834, 33.2228449], [35.6252638, 33.2229249], [35.6251853, 33.2229115], [35.6251793, 33.2229361]]]}}, {"type": "Feature", "properties": {"height": 3.0, "num_floors": null, "subtype": null, "class": null, "roof_height": null, "height_source": "floored"}, "geometry": {"type": "Polygon", "coordinates": [[[35.6249218, 33.2229823], [35.625026, 33.2229972], [35.62501, 33.2230757], [35.6249058, 33.2230608], [35.6249218, 33.2229823]]]}}, {"type": "Feature", "properties": {"height": 3.0, "num_floors": null, "subtype": null, "class": null, "roof_height": null, "height_source": "floored"}, "geometry": {"type": "Polygon", "coordinates": [[[35.6249694, 33.2229881], [35.6249731, 33.2229524], [35.625029, 33.2229565], [35.6250253, 33.2229921], [35.6249694, 33.2229881]]]}}, {"type": "Feature", "properties": {"height": 3.0, "num_floors": null, "subtype": null, "class": null, "roof_height": null, "height_source": "floored"}, "geometry": {"type": "Polygon", "coordinates": [[[35.6249392, 33.2228333], [35.6249077, 33.2228293], [35.624924, 33.2227406], [35.6250636, 33.2227584], [35.625037, 33.2229038], [35.6249288, 33.22289], [35.6249392, 33.2228333]]]}}, {"type": "Feature", "properties": {"height": 3.0, "num_floors": null, "subtype": null, "class": null, "roof_height": null, "height_source": "floored"}, "geometry": {"type": "Polygon", "coordinates": [[[35.625067, 33.2227366], [35.6249616, 33.2227288], [35.6249703, 33.2226465], [35.624945, 33.2226446], [35.6249519, 33.2225799], [35.625025, 33.2225853], [35.6250224, 33.2226092], [35.6250802, 33.2226135], [35.625067, 33.2227366]]]}}, {"type": "Feature", "properties": {"height": 3.0, "num_floors": null, "subtype": null, "class": null, "roof_height": null, "height_source": "floored"}, "geometry": {"type": "Polygon", "coordinates": [[[35.6251022, 33.2224743], [35.6251052, 33.222537], [35.6250463, 33.222539], [35.6250433, 33.2224763], [35.6251022, 33.2224743]]]}}, {"type": "Feature", "properties": {"height": 3.0, "num_floors": null, "subtype": null, "class": null, "roof_height": null, "height_source": "floored"}, "geometry": {"type": "Polygon", "coordinates": [[[35.625339, 33.2226535], [35.6251458, 33.2225929], [35.6251913, 33.2224914], [35.6253498, 33.2225412], [35.6253331, 33.2225783], [35.6253679, 33.2225892], [35.625339, 33.2226535]]]}}, {"type": "Feature", "properties": {"height": 3.0, "num_floors": null, "subtype": null, "class": null, "roof_height": null, "height_source": "floored"}, "geometry": {"type": "Polygon", "coordinates": [[[35.6252689, 33.2227892], [35.625145, 33.2227728], [35.6251656, 33.2226637], [35.625312, 33.2226831], [35.625303, 33.2227309], [35.6252804, 33.222728], [35.6252689, 33.2227892]]]}}, {"type": "Feature", "properties": {"height": 3.0, "num_floors": null, "subtype": null, "class": null, "roof_height": null, "height_source": "floored"}, "geometry": {"type": "Polygon", "coordinates": [[[35.6255098, 33.2227288], [35.625456, 33.2226972], [35.6254774, 33.2226717], [35.6255312, 33.2227033], [35.6255098, 33.2227288]]]}}, {"type": "Feature", "properties": {"height": 3.0, "num_floors": null, "subtype": null, "class": null, "roof_height": null, "height_source": "floored"}, "geometry": {"type": "Polygon", "coordinates": [[[35.6254506, 33.2226967], [35.6253715, 33.2226621], [35.6254519, 33.2225335], [35.6256162, 33.2226054], [35.6255545, 33.222704], [35.6254693, 33.2226667], [35.6254506, 33.2226967]]]}}, {"type": "Feature", "properties": {"height": 3.0, "num_floors": null, "subtype": null, "class": null, "roof_height": null, "height_source": "floored"}, "geometry": {"type": "Polygon", "coordinates": [[[35.6256006, 33.222808], [35.6255576, 33.2228176], [35.6255296, 33.2227296], [35.625601, 33.2227137], [35.6256199, 33.222773], [35.6256773, 33.2227602], [35.6257026, 33.2228399], [35.6256168, 33.222859], [35.6256006, 33.222808]]]}}, {"type": "Feature", "properties": {"height": 3.0, "num_floors": null, "subtype": null, "class": null, "roof_height": null, "height_source": "floored"}, "geometry": {"type": "Polygon", "coordinates": [[[35.6257512, 33.2228614], [35.6257436, 33.2230069], [35.6255815, 33.223001], [35.6255857, 33.2229204], [35.6256327, 33.2229221], [35.6256361, 33.2228572], [35.6257512, 33.2228614]]]}}, {"type": "Feature", "properties": {"height": 3.0, "num_floors": null, "subtype": null, "class": null, "roof_height": null, "height_source": "floored"}, "geometry": {"type": "Polygon", "coordinates": [[[35.6256963, 33.2232334], [35.6256122, 33.2232224], [35.6256393, 33.223078], [35.6257615, 33.223094], [35.6257473, 33.2231703], [35.6257091, 33.2231653], [35.6256963, 33.2232334]]]}}, {"type": "Feature", "properties": {"height": 3.0, "num_floors": null, "subtype": null, "class": null, "roof_height": null, "height_source": "floored"}, "geometry": {"type": "Polygon", "coordinates": [[[35.6255697, 33.2232094], [35.6254176, 33.2231927], [35.6254315, 33.2231041], [35.6255836, 33.2231208], [35.6255697, 33.2232094]]]}}, {"type": "Feature", "properties": {"height": 3.0, "num_floors": null, "subtype": null, "class": null, "roof_height": null, "height_source": "floored"}, "geometry": {"type": "Polygon", "coordinates": [[[35.6256783, 33.2235577], [35.6255518, 33.2235377], [35.6255734, 33.2234418], [35.6256412, 33.2234525], [35.6256441, 33.22344], [35.6257027, 33.2234493], [35.6256783, 33.2235577]]]}}, {"type": "Feature", "properties": {"height": 3.0, "num_floors": null, "subtype": null, "class": null, "roof_height": null, "height_source": "floored"}, "geometry": {"type": "Polygon", "coordinates": [[[35.6259599, 33.2226026], [35.625836, 33.2225797], [35.6258691, 33.2224519], [35.6260046, 33.2224869], [35.6259599, 33.2226026]]]}}, {"type": "Feature", "properties": {"height": 3.0, "num_floors": null, "subtype": "residential", "class": "house", "roof_height": null, "height_source": "floored"}, "geometry": {"type": "Polygon", "coordinates": [[[35.6259419, 33.2221463], [35.6257061, 33.2220136], [35.625781, 33.2219204], [35.6260168, 33.2220531], [35.6259419, 33.2221463]]]}}, {"type": "Feature", "properties": {"height": 3.0, "num_floors": null, "subtype": null, "class": null, "roof_height": null, "height_source": "floored"}, "geometry": {"type": "Polygon", "coordinates": [[[35.6258747, 33.2216587], [35.6257987, 33.2217425], [35.6255952, 33.2216206], [35.625659, 33.2215443], [35.6258747, 33.2216587]]]}}, {"type": "Feature", "properties": {"height": 3.0, "num_floors": null, "subtype": null, "class": null, "roof_height": null, "height_source": "floored"}, "geometry": {"type": "Polygon", "coordinates": [[[35.6258564, 33.2207288], [35.6258868, 33.2209092], [35.6256529, 33.2209244], [35.6256226, 33.2207211], [35.6258564, 33.2207288]]]}}, {"type": "Feature", "properties": {"height": 3.0, "num_floors": null, "subtype": null, "class": null, "roof_height": null, "height_source": "floored"}, "geometry": {"type": "Polygon", "coordinates": [[[35.6257742, 33.2211042], [35.6257232, 33.2210791], [35.6257554, 33.2210334], [35.6258064, 33.2210585], [35.6257742, 33.2211042]]]}}, {"type": "Feature", "properties": {"height": 3.0, "num_floors": null, "subtype": null, "class": null, "roof_height": null, "height_source": "floored"}, "geometry": {"type": "Polygon", "coordinates": [[[35.6257828, 33.2213076], [35.6255854, 33.2212034], [35.625634, 33.2211374], [35.6258223, 33.2212365], [35.6257828, 33.2213076]]]}}, {"type": "Feature", "properties": {"height": 3.0, "num_floors": null, "subtype": "residential", "class": "house", "roof_height": null, "height_source": "floored"}, "geometry": {"type": "Polygon", "coordinates": [[[35.6256619, 33.2219762], [35.6254207, 33.2218544], [35.6254788, 33.2217738], [35.6257201, 33.2218957], [35.6256619, 33.2219762]]]}}, {"type": "Feature", "properties": {"height": 3.0, "num_floors": null, "subtype": "commercial", "class": "retail", "roof_height": null, "height_source": "floored"}, "geometry": {"type": "Polygon", "coordinates": [[[35.6256952, 33.2223615], [35.6255853, 33.2223529], [35.6255916, 33.2222533], [35.625671, 33.2222604], [35.6256724, 33.2222266], [35.6257816, 33.2222343], [35.6257631, 33.2223488], [35.6256952, 33.2223615]]]}}, {"type": "Feature", "properties": {"height": 3.0, "num_floors": null, "subtype": null, "class": null, "roof_height": null, "height_source": "floored"}, "geometry": {"type": "Polygon", "coordinates": [[[35.6255164, 33.2222913], [35.6254361, 33.222288], [35.6254401, 33.2222209], [35.6255203, 33.2222242], [35.6255164, 33.2222913]]]}}, {"type": "Feature", "properties": {"height": 3.0, "num_floors": null, "subtype": "military", "class": "bunker", "roof_height": null, "height_source": "floored"}, "geometry": {"type": "Polygon", "coordinates": [[[35.6253853, 33.2216808], [35.6252564, 33.2216242], [35.6253326, 33.2215029], [35.6254615, 33.2215596], [35.6253853, 33.2216808]]]}}, {"type": "Feature", "properties": {"height": 3.0, "num_floors": null, "subtype": "residential", "class": "house", "roof_height": null, "height_source": "floored"}, "geometry": {"type": "Polygon", "coordinates": [[[35.6253466, 33.2219204], [35.6251374, 33.2218294], [35.625187, 33.2217495], [35.6253962, 33.2218405], [35.6253466, 33.2219204]]]}}, {"type": "Feature", "properties": {"height": 6.0, "num_floors": 2, "subtype": null, "class": null, "roof_height": null, "height_source": "num_floors"}, "geometry": {"type": "Polygon", "coordinates": [[[35.6253532, 33.2222523], [35.6252004, 33.2222427], [35.6252063, 33.2221771], [35.6252101, 33.2221351], [35.6253629, 33.2221448], [35.6253532, 33.2222523]]]}}, {"type": "Feature", "properties": {"height": 3.0, "num_floors": null, "subtype": null, "class": null, "roof_height": null, "height_source": "floored"}, "geometry": {"type": "Polygon", "coordinates": [[[35.6251246, 33.2215747], [35.6250819, 33.2216469], [35.6249305, 33.2216554], [35.6248566, 33.2215248], [35.6249141, 33.2214559], [35.6251246, 33.2215747]]]}}, {"type": "Feature", "properties": {"height": 3.0, "num_floors": null, "subtype": null, "class": null, "roof_height": null, "height_source": "floored"}, "geometry": {"type": "Polygon", "coordinates": [[[35.6253524, 33.2213408], [35.6252576, 33.2214458], [35.6249118, 33.2212774], [35.6250184, 33.2211922], [35.6253524, 33.2213408]]]}}, {"type": "Feature", "properties": {"height": 3.0, "num_floors": null, "subtype": null, "class": null, "roof_height": null, "height_source": "floored"}, "geometry": {"type": "Polygon", "coordinates": [[[35.6253819, 33.2210118], [35.625051, 33.2208442], [35.6251325, 33.2207317], [35.6254633, 33.2208994], [35.6253819, 33.2210118]]]}}, {"type": "Feature", "properties": {"height": 3.0, "num_floors": null, "subtype": null, "class": null, "roof_height": null, "height_source": "floored"}, "geometry": {"type": "Polygon", "coordinates": [[[35.6255137, 33.2203096], [35.6252382, 33.2203622], [35.6252011, 33.2202262], [35.6254766, 33.2201736], [35.6255137, 33.2203096]]]}}, {"type": "Feature", "properties": {"height": 3.0, "num_floors": null, "subtype": null, "class": null, "roof_height": null, "height_source": "floored"}, "geometry": {"type": "Polygon", "coordinates": [[[35.625046, 33.2206316], [35.6250079, 33.2204898], [35.6252902, 33.2204366], [35.6253283, 33.2205784], [35.625046, 33.2206316]]]}}, {"type": "Feature", "properties": {"height": 3.0, "num_floors": null, "subtype": null, "class": null, "roof_height": null, "height_source": "floored"}, "geometry": {"type": "Polygon", "coordinates": [[[35.6254282, 33.2193671], [35.6251866, 33.219381], [35.6251562, 33.2190758], [35.625151, 33.2190243], [35.6253998, 33.2190243], [35.6254282, 33.2193671]]]}}, {"type": "Feature", "properties": {"height": 3.0, "num_floors": null, "subtype": null, "class": null, "roof_height": null, "height_source": "floored"}, "geometry": {"type": "Polygon", "coordinates": [[[35.6253881, 33.2201476], [35.6254119, 33.2199625], [35.6256879, 33.2199303], [35.6256938, 33.2201216], [35.6253881, 33.2201476]]]}}, {"type": "Feature", "properties": {"height": 3.0, "num_floors": null, "subtype": null, "class": null, "roof_height": null, "height_source": "floored"}, "geometry": {"type": "Polygon", "coordinates": [[[35.6258406, 33.2206312], [35.6256036, 33.2206526], [35.6256135, 33.2204493], [35.6258312, 33.2204332], [35.6258406, 33.2206312]]]}}, {"type": "Feature", "properties": {"height": 3.0, "num_floors": null, "subtype": null, "class": null, "roof_height": null, "height_source": "floored"}, "geometry": {"type": "Polygon", "coordinates": [[[35.6257141, 33.2203744], [35.6256853, 33.2202442], [35.6258617, 33.2202169], [35.6258904, 33.2203471], [35.6257141, 33.2203744]]]}}, {"type": "Feature", "properties": {"height": 3.0, "num_floors": null, "subtype": null, "class": null, "roof_height": null, "height_source": "floored"}, "geometry": {"type": "Polygon", "coordinates": [[[35.6260812, 33.2207034], [35.6258989, 33.2207288], [35.6258716, 33.2205941], [35.6260508, 33.2205585], [35.6260812, 33.2207034]]]}}, {"type": "Feature", "properties": {"height": 3.0, "num_floors": null, "subtype": null, "class": null, "roof_height": null, "height_source": "floored"}, "geometry": {"type": "Polygon", "coordinates": [[[35.626233, 33.2209447], [35.625987, 33.2209422], [35.6259658, 33.2207948], [35.6262027, 33.2207796], [35.626233, 33.2209447]]]}}, {"type": "Feature", "properties": {"height": 3.0, "num_floors": null, "subtype": null, "class": null, "roof_height": null, "height_source": "floored"}, "geometry": {"type": "Polygon", "coordinates": [[[35.6263393, 33.2211632], [35.6260812, 33.2211683], [35.6259961, 33.2210997], [35.6260964, 33.2210032], [35.6263302, 33.2209803], [35.6263393, 33.2211632]]]}}, {"type": "Feature", "properties": {"height": 3.0, "num_floors": null, "subtype": null, "class": null, "roof_height": null, "height_source": "floored"}, "geometry": {"type": "Polygon", "coordinates": [[[35.6260562, 33.2213635], [35.6258891, 33.2212822], [35.6259529, 33.2211831], [35.6261169, 33.2212822], [35.6260562, 33.2213635]]]}}, {"type": "Feature", "properties": {"height": 3.0, "num_floors": null, "subtype": null, "class": null, "roof_height": null, "height_source": "floored"}, "geometry": {"type": "Polygon", "coordinates": [[[35.6262748, 33.2215464], [35.6261351, 33.2217294], [35.6258618, 33.2215439], [35.6259438, 33.2213762], [35.6262748, 33.2215464]]]}}, {"type": "Feature", "properties": {"height": 3.0, "num_floors": null, "subtype": null, "class": null, "roof_height": null, "height_source": "floored"}, "geometry": {"type": "Polygon", "coordinates": [[[35.6261443, 33.2218035], [35.6260974, 33.2219043], [35.6258989, 33.2217857], [35.6259324, 33.2217095], [35.6261443, 33.2218035]]]}}, {"type": "Feature", "properties": {"height": 3.0, "num_floors": null, "subtype": null, "class": null, "roof_height": null, "height_source": "floored"}, "geometry": {"type": "Polygon", "coordinates": [[[35.6261469, 33.2223248], [35.6260363, 33.222414], [35.6259402, 33.2223307], [35.6259058, 33.2223008], [35.6260165, 33.2222116], [35.6261469, 33.2223248]]]}}, {"type": "Feature", "properties": {"height": 3.0, "num_floors": null, "subtype": null, "class": null, "roof_height": null, "height_source": "floored"}, "geometry": {"type": "Polygon", "coordinates": [[[35.6262785, 33.2219825], [35.6263152, 33.2219941], [35.626301, 33.2220255], [35.6262644, 33.222014], [35.6262785, 33.2219825]]]}}, {"type": "Feature", "properties": {"height": 3.0, "num_floors": null, "subtype": null, "class": null, "roof_height": null, "height_source": "floored"}, "geometry": {"type": "Polygon", "coordinates": [[[35.6265426, 33.2220885], [35.6261909, 33.2218682], [35.6263013, 33.2217449], [35.626653, 33.2219652], [35.6265426, 33.2220885]]]}}, {"type": "Feature", "properties": {"height": 3.5, "num_floors": null, "subtype": null, "class": null, "roof_height": null, "height_source": "ndsm"}, "geometry": {"type": "Polygon", "coordinates": [[[35.6263386, 33.2215236], [35.6261655, 33.2214092], [35.6262414, 33.221333], [35.6264146, 33.2214575], [35.6263386, 33.2215236]]]}}, {"type": "Feature", "properties": {"height": 3.0, "num_floors": null, "subtype": null, "class": null, "roof_height": null, "height_source": "floored"}, "geometry": {"type": "Polygon", "coordinates": [[[35.6266335, 33.2218447], [35.6263439, 33.2216549], [35.6264646, 33.221526], [35.6267542, 33.2217158], [35.6266335, 33.2218447]]]}}, {"type": "Feature", "properties": {"height": 3.0, "num_floors": null, "subtype": null, "class": null, "roof_height": null, "height_source": "floored"}, "geometry": {"type": "Polygon", "coordinates": [[[35.6269427, 33.2219672], [35.6269577, 33.2220274], [35.626897, 33.2220379], [35.6268821, 33.2219777], [35.6269427, 33.2219672]]]}}, {"type": "Feature", "properties": {"height": 3.4, "num_floors": null, "subtype": null, "class": null, "roof_height": null, "height_source": "ndsm"}, "geometry": {"type": "Polygon", "coordinates": [[[35.6275649, 33.2215589], [35.6275725, 33.2215843], [35.6275129, 33.2215968], [35.6275053, 33.2215715], [35.6275649, 33.2215589]]]}}, {"type": "Feature", "properties": {"height": 3.0, "num_floors": null, "subtype": null, "class": null, "roof_height": null, "height_source": "floored"}, "geometry": {"type": "Polygon", "coordinates": [[[35.6274863, 33.2220233], [35.6275411, 33.2220158], [35.6275621, 33.2221229], [35.6275073, 33.2221304], [35.6274863, 33.2220233]]]}}, {"type": "Feature", "properties": {"height": 4.1, "num_floors": null, "subtype": null, "class": null, "roof_height": null, "height_source": "ndsm"}, "geometry": {"type": "Polygon", "coordinates": [[[35.6272698, 33.221512], [35.6272029, 33.2213236], [35.6272809, 33.2213042], [35.6273477, 33.2214927], [35.6272698, 33.221512]]]}}, {"type": "Feature", "properties": {"height": 3.0, "num_floors": null, "subtype": null, "class": null, "roof_height": null, "height_source": "floored"}, "geometry": {"type": "Polygon", "coordinates": [[[35.6274247, 33.216058], [35.6273878, 33.2159887], [35.6274157, 33.2159783], [35.6274526, 33.2160476], [35.6274247, 33.216058]]]}}, {"type": "Feature", "properties": {"height": 3.6, "num_floors": null, "subtype": null, "class": null, "roof_height": null, "height_source": "ndsm"}, "geometry": {"type": "Polygon", "coordinates": [[[35.6262388, 33.2191046], [35.625946, 33.2191256], [35.6259083, 33.2189209], [35.6259815, 33.2189086], [35.6259292, 33.2185044], [35.6262908, 33.2184699], [35.626312, 33.2188964], [35.626312, 33.2189944], [35.6262367, 33.2189979], [35.6262388, 33.2191046]]]}}, {"type": "Feature", "properties": {"height": 3.0, "num_floors": null, "subtype": null, "class": null, "roof_height": null, "height_source": "floored"}, "geometry": {"type": "Polygon", "coordinates": [[[35.6258704, 33.2181912], [35.6258423, 33.2180701], [35.6259638, 33.2180504], [35.6259919, 33.2181715], [35.6258704, 33.2181912]]]}}, {"type": "Feature", "properties": {"height": 3.0, "num_floors": null, "subtype": null, "class": null, "roof_height": null, "height_source": "floored"}, "geometry": {"type": "Polygon", "coordinates": [[[35.6257328, 33.2181388], [35.6257296, 33.2181938], [35.6256466, 33.2181904], [35.6256498, 33.2181354], [35.6257328, 33.2181388]]]}}, {"type": "Feature", "properties": {"height": 3.0, "num_floors": null, "subtype": "outbuilding", "class": "roof", "roof_height": null, "height_source": "floored"}, "geometry": {"type": "Polygon", "coordinates": [[[35.6256465, 33.2183854], [35.6256378, 33.2183135], [35.6257526, 33.2183037], [35.6257613, 33.2183756], [35.6256465, 33.2183854]]]}}, {"type": "Feature", "properties": {"height": 3.0, "num_floors": null, "subtype": null, "class": null, "roof_height": null, "height_source": "floored"}, "geometry": {"type": "Polygon", "coordinates": [[[35.6256354, 33.2188735], [35.6256307, 33.2187974], [35.6258875, 33.2187863], [35.6258982, 33.2189586], [35.6253739, 33.2189814], [35.6253679, 33.2188851], [35.6256354, 33.2188735]]]}}, {"type": "Feature", "properties": {"height": 3.0, "num_floors": null, "subtype": null, "class": null, "roof_height": null, "height_source": "floored"}, "geometry": {"type": "Polygon", "coordinates": [[[35.6253503, 33.2184273], [35.6253676, 33.21821], [35.6254765, 33.2182161], [35.6254676, 33.2183278], [35.6254239, 33.2183254], [35.6254155, 33.2184309], [35.6253503, 33.2184273]]]}}, {"type": "Feature", "properties": {"height": 3.0, "num_floors": null, "subtype": null, "class": null, "roof_height": null, "height_source": "floored"}, "geometry": {"type": "Polygon", "coordinates": [[[35.6252583, 33.2189764], [35.6252597, 33.2189056], [35.6252999, 33.2189061], [35.6253003, 33.218885], [35.6253658, 33.2188858], [35.625364, 33.2189778], [35.6252583, 33.2189764]]]}}, {"type": "Feature", "properties": {"height": 3.0, "num_floors": null, "subtype": null, "class": null, "roof_height": null, "height_source": "floored"}, "geometry": {"type": "Polygon", "coordinates": [[[35.6251659, 33.2188977], [35.6252516, 33.2188954], [35.6252538, 33.2189527], [35.6251681, 33.218955], [35.6251659, 33.2188977]]]}}, {"type": "Feature", "properties": {"height": 3.0, "num_floors": null, "subtype": null, "class": null, "roof_height": null, "height_source": "floored"}, "geometry": {"type": "Polygon", "coordinates": [[[35.6251186, 33.2189554], [35.6251182, 33.218897], [35.6251611, 33.2188968], [35.6251615, 33.2189551], [35.6251186, 33.2189554]]]}}, {"type": "Feature", "properties": {"height": 3.0, "num_floors": null, "subtype": null, "class": null, "roof_height": null, "height_source": "floored"}, "geometry": {"type": "Polygon", "coordinates": [[[35.625112, 33.2189111], [35.6251151, 33.2189559], [35.6250552, 33.2189588], [35.6250521, 33.218914], [35.625112, 33.2189111]]]}}, {"type": "Feature", "properties": {"height": 3.5, "num_floors": null, "subtype": null, "class": null, "roof_height": null, "height_source": "ndsm"}, "geometry": {"type": "Polygon", "coordinates": [[[35.6250354, 33.2189119], [35.6250308, 33.2189519], [35.6249166, 33.2189427], [35.6249212, 33.2189027], [35.6250354, 33.2189119]]]}}, {"type": "Feature", "properties": {"height": 3.0, "num_floors": null, "subtype": null, "class": null, "roof_height": null, "height_source": "floored"}, "geometry": {"type": "Polygon", "coordinates": [[[35.6253579, 33.2181895], [35.6253742, 33.2180158], [35.6255335, 33.2180279], [35.625506, 33.218203], [35.6253579, 33.2181895]]]}}, {"type": "Feature", "properties": {"height": 3.0, "num_floors": null, "subtype": null, "class": null, "roof_height": null, "height_source": "floored"}, "geometry": {"type": "Polygon", "coordinates": [[[35.6268696, 33.2104578], [35.6268731, 33.2103255], [35.6270206, 33.2103283], [35.6270171, 33.2104606], [35.6268696, 33.2104578]]]}}, {"type": "Feature", "properties": {"height": 3.0, "num_floors": null, "subtype": null, "class": null, "roof_height": null, "height_source": "floored"}, "geometry": {"type": "Polygon", "coordinates": [[[35.6297007, 33.2188724], [35.6296134, 33.2188695], [35.6296165, 33.2188031], [35.6297038, 33.218806], [35.6297007, 33.2188724]]]}}, {"type": "Feature", "properties": {"height": 3.0, "num_floors": null, "subtype": null, "class": null, "roof_height": null, "height_source": "floored"}, "geometry": {"type": "Polygon", "coordinates": [[[35.6298647, 33.2188451], [35.629872, 33.2187896], [35.6299557, 33.2187973], [35.6299546, 33.2188062], [35.6300086, 33.2188111], [35.6300026, 33.2188577], [35.6298647, 33.2188451]]]}}, {"type": "Feature", "properties": {"height": 3.0, "num_floors": null, "subtype": null, "class": null, "roof_height": null, "height_source": "floored"}, "geometry": {"type": "Polygon", "coordinates": [[[35.6301474, 33.2188346], [35.6301407, 33.218872], [35.6300935, 33.2188661], [35.6301001, 33.2188288], [35.6301474, 33.2188346]]]}}, {"type": "Feature", "properties": {"height": 3.0, "num_floors": null, "subtype": null, "class": null, "roof_height": null, "height_source": "floored"}, "geometry": {"type": "Polygon", "coordinates": [[[35.630193, 33.2188033], [35.6301948, 33.2188383], [35.6301547, 33.2188397], [35.6301528, 33.2188048], [35.630193, 33.2188033]]]}}, {"type": "Feature", "properties": {"height": 3.0, "num_floors": null, "subtype": null, "class": null, "roof_height": null, "height_source": "floored"}, "geometry": {"type": "Polygon", "coordinates": [[[35.6302014, 33.2188832], [35.6301552, 33.2188751], [35.6301643, 33.2188385], [35.6302106, 33.2188466], [35.6302014, 33.2188832]]]}}, {"type": "Feature", "properties": {"height": 3.0, "num_floors": null, "subtype": null, "class": null, "roof_height": null, "height_source": "floored"}, "geometry": {"type": "Polygon", "coordinates": [[[35.630228, 33.2189466], [35.6302319, 33.2188952], [35.6302773, 33.2188976], [35.6302734, 33.218949], [35.630228, 33.2189466]]]}}, {"type": "Feature", "properties": {"height": 3.0, "num_floors": null, "subtype": null, "class": null, "roof_height": null, "height_source": "floored"}, "geometry": {"type": "Polygon", "coordinates": [[[35.6303636, 33.2188663], [35.6304082, 33.2188717], [35.6304016, 33.2189104], [35.6303569, 33.218905], [35.6303636, 33.2188663]]]}}, {"type": "Feature", "properties": {"height": 3.0, "num_floors": null, "subtype": null, "class": null, "roof_height": null, "height_source": "floored"}, "geometry": {"type": "Polygon", "coordinates": [[[35.6304968, 33.2187762], [35.6305415, 33.2187868], [35.6305309, 33.218818], [35.6304862, 33.2188074], [35.6304968, 33.2187762]]]}}, {"type": "Feature", "properties": {"height": 3.0, "num_floors": null, "subtype": null, "class": null, "roof_height": null, "height_source": "floored"}, "geometry": {"type": "Polygon", "coordinates": [[[35.6305233, 33.2189285], [35.6305281, 33.2188908], [35.6305759, 33.2188951], [35.6305711, 33.2189328], [35.6305233, 33.2189285]]]}}, {"type": "Feature", "properties": {"height": 3.0, "num_floors": null, "subtype": null, "class": null, "roof_height": null, "height_source": "floored"}, "geometry": {"type": "Polygon", "coordinates": [[[35.6329418, 33.2257858], [35.6329513, 33.2258222], [35.6329154, 33.2258287], [35.6329059, 33.2257923], [35.6329418, 33.2257858]]]}}, {"type": "Feature", "properties": {"height": 3.0, "num_floors": null, "subtype": null, "class": null, "roof_height": null, "height_source": "floored"}, "geometry": {"type": "Polygon", "coordinates": [[[35.6331711, 33.2260005], [35.6330639, 33.226018], [35.6330272, 33.2258599], [35.6331343, 33.2258424], [35.6331711, 33.2260005]]]}}, {"type": "Feature", "properties": {"height": 3.0, "num_floors": null, "subtype": null, "class": null, "roof_height": null, "height_source": "floored"}, "geometry": {"type": "Polygon", "coordinates": [[[35.6333483, 33.2259842], [35.633214, 33.2259751], [35.6332253, 33.2258579], [35.6333596, 33.225867], [35.6333483, 33.2259842]]]}}, {"type": "Feature", "properties": {"height": 3.0, "num_floors": null, "subtype": null, "class": null, "roof_height": null, "height_source": "floored"}, "geometry": {"type": "Polygon", "coordinates": [[[35.6334998, 33.2260633], [35.6334016, 33.2260272], [35.6334901, 33.2258586], [35.6335885, 33.2258948], [35.6334998, 33.2260633]]]}}, {"type": "Feature", "properties": {"height": 3.0, "num_floors": null, "subtype": null, "class": null, "roof_height": null, "height_source": "floored"}, "geometry": {"type": "Polygon", "coordinates": [[[35.6336766, 33.226131], [35.6335787, 33.2260594], [35.6336806, 33.2259619], [35.6337491, 33.2260119], [35.633722, 33.2260379], [35.6337514, 33.2260594], [35.6336766, 33.226131]]]}}, {"type": "Feature", "properties": {"height": 3.0, "num_floors": null, "subtype": null, "class": null, "roof_height": null, "height_source": "floored"}, "geometry": {"type": "Polygon", "coordinates": [[[35.6365611, 33.2254935], [35.6365862, 33.225421], [35.6366406, 33.2254342], [35.6366156, 33.2255067], [35.6365611, 33.2254935]]]}}, {"type": "Feature", "properties": {"height": 3.0, "num_floors": null, "subtype": null, "class": null, "roof_height": null, "height_source": "floored"}, "geometry": {"type": "Polygon", "coordinates": [[[35.6378111, 33.2222487], [35.6378244, 33.2221916], [35.6378699, 33.222199], [35.6378566, 33.2222561], [35.6378111, 33.2222487]]]}}, {"type": "Feature", "properties": {"height": 4.0, "num_floors": null, "subtype": null, "class": null, "roof_height": null, "height_source": "ndsm"}, "geometry": {"type": "Polygon", "coordinates": [[[35.6384097, 33.224446], [35.6383114, 33.224416], [35.6383324, 33.2243677], [35.6384307, 33.2243976], [35.6384097, 33.224446]]]}}, {"type": "Feature", "properties": {"height": 4.0, "num_floors": null, "subtype": null, "class": null, "roof_height": null, "height_source": "ndsm"}, "geometry": {"type": "Polygon", "coordinates": [[[35.6384361, 33.2252287], [35.6384398, 33.2252981], [35.6383675, 33.2253008], [35.6383638, 33.2252314], [35.6384361, 33.2252287]]]}}, {"type": "Feature", "properties": {"height": 3.0, "num_floors": null, "subtype": null, "class": null, "roof_height": null, "height_source": "floored"}, "geometry": {"type": "Polygon", "coordinates": [[[35.6381831, 33.2256388], [35.6382358, 33.2255733], [35.6383926, 33.2256617], [35.6383399, 33.2257271], [35.6381831, 33.2256388]]]}}, {"type": "Feature", "properties": {"height": 3.0, "num_floors": null, "subtype": null, "class": null, "roof_height": null, "height_source": "floored"}, "geometry": {"type": "Polygon", "coordinates": [[[35.6383236, 33.2255363], [35.6380608, 33.2254187], [35.638092, 33.2253698], [35.6383131, 33.2254688], [35.638302, 33.2254862], [35.6383437, 33.2255049], [35.6383236, 33.2255363]]]}}, {"type": "Feature", "properties": {"height": 3.0, "num_floors": null, "subtype": null, "class": null, "roof_height": null, "height_source": "floored"}, "geometry": {"type": "Polygon", "coordinates": [[[35.6379998, 33.2254262], [35.6379844, 33.2254173], [35.6379129, 33.2255038], [35.6378575, 33.2254718], [35.6379735, 33.2253315], [35.6380443, 33.2253725], [35.6379998, 33.2254262]]]}}, {"type": "Feature", "properties": {"height": 3.0, "num_floors": null, "subtype": null, "class": null, "roof_height": null, "height_source": "floored"}, "geometry": {"type": "Polygon", "coordinates": [[[35.6379124, 33.2253107], [35.6379615, 33.225339], [35.6378575, 33.2254652], [35.6378084, 33.2254369], [35.6379124, 33.2253107]]]}}, {"type": "Feature", "properties": {"height": 3.0, "num_floors": null, "subtype": null, "class": null, "roof_height": null, "height_source": "floored"}, "geometry": {"type": "Polygon", "coordinates": [[[35.637714, 33.2254732], [35.6378699, 33.2255414], [35.6378375, 33.2255932], [35.6376816, 33.2255251], [35.637714, 33.2254732]]]}}, {"type": "Feature", "properties": {"height": 3.0, "num_floors": null, "subtype": null, "class": null, "roof_height": null, "height_source": "floored"}, "geometry": {"type": "Polygon", "coordinates": [[[35.6375589, 33.2254687], [35.6376092, 33.2254083], [35.6376887, 33.2254546], [35.6376384, 33.225515], [35.6375589, 33.2254687]]]}}, {"type": "Feature", "properties": {"height": 3.0, "num_floors": null, "subtype": null, "class": null, "roof_height": null, "height_source": "floored"}, "geometry": {"type": "Polygon", "coordinates": [[[35.6374352, 33.2256937], [35.6374512, 33.2256493], [35.6375078, 33.2256635], [35.6374918, 33.2257079], [35.6374352, 33.2256937]]]}}, {"type": "Feature", "properties": {"height": 3.0, "num_floors": null, "subtype": null, "class": null, "roof_height": null, "height_source": "floored"}, "geometry": {"type": "Polygon", "coordinates": [[[35.637472, 33.2256517], [35.6373939, 33.2256279], [35.6374387, 33.2255248], [35.6375169, 33.2255486], [35.637472, 33.2256517]]]}}, {"type": "Feature", "properties": {"height": 3.0, "num_floors": null, "subtype": null, "class": null, "roof_height": null, "height_source": "floored"}, "geometry": {"type": "Polygon", "coordinates": [[[35.6380455, 33.2259321], [35.6379589, 33.2258944], [35.6380104, 33.2258114], [35.638097, 33.225849], [35.6380455, 33.2259321]]]}}, {"type": "Feature", "properties": {"height": 3.0, "num_floors": null, "subtype": null, "class": null, "roof_height": null, "height_source": "floored"}, "geometry": {"type": "Polygon", "coordinates": [[[35.6383499, 33.2258202], [35.6385, 33.2258578], [35.6384778, 33.2259196], [35.6383277, 33.2258819], [35.6383499, 33.2258202]]]}}, {"type": "Feature", "properties": {"height": 3.0, "num_floors": null, "subtype": null, "class": null, "roof_height": null, "height_source": "floored"}, "geometry": {"type": "Polygon", "coordinates": [[[35.6385517, 33.2257503], [35.6384676, 33.2257341], [35.6384841, 33.2256744], [35.6385681, 33.2256906], [35.6385517, 33.2257503]]]}}, {"type": "Feature", "properties": {"height": 3.0, "num_floors": null, "subtype": null, "class": null, "roof_height": null, "height_source": "floored"}, "geometry": {"type": "Polygon", "coordinates": [[[35.6400896, 33.2205463], [35.6401249, 33.2204932], [35.6402518, 33.2205524], [35.6402165, 33.2206055], [35.6400896, 33.2205463]]]}}, {"type": "Feature", "properties": {"height": 3.0, "num_floors": null, "subtype": null, "class": null, "roof_height": null, "height_source": "floored"}, "geometry": {"type": "Polygon", "coordinates": [[[35.6407456, 33.2074828], [35.6407255, 33.2074546], [35.6407651, 33.2074349], [35.6407852, 33.207463], [35.6407456, 33.2074828]]]}}, {"type": "Feature", "properties": {"height": 3.0, "num_floors": null, "subtype": null, "class": null, "roof_height": null, "height_source": "floored"}, "geometry": {"type": "Polygon", "coordinates": [[[35.6410946, 33.207194], [35.6410966, 33.2072509], [35.6410483, 33.2072521], [35.6410464, 33.2071951], [35.6410946, 33.207194]]]}}, {"type": "Feature", "properties": {"height": 3.0, "num_floors": null, "subtype": null, "class": null, "roof_height": null, "height_source": "floored"}, "geometry": {"type": "Polygon", "coordinates": [[[35.6427184, 33.207047], [35.6427362, 33.207012], [35.6427941, 33.2070325], [35.6427764, 33.2070676], [35.6427184, 33.207047]]]}}, {"type": "Feature", "properties": {"height": 3.0, "num_floors": null, "subtype": null, "class": null, "roof_height": null, "height_source": "floored"}, "geometry": {"type": "Polygon", "coordinates": [[[35.6426553, 33.2071996], [35.6428332, 33.2071413], [35.6428477, 33.2071724], [35.6426699, 33.2072307], [35.6426553, 33.2071996]]]}}, {"type": "Feature", "properties": {"height": 3.0, "num_floors": null, "subtype": null, "class": null, "roof_height": null, "height_source": "floored"}, "geometry": {"type": "Polygon", "coordinates": [[[35.642859, 33.2072395], [35.6428677, 33.2073183], [35.6426868, 33.2073322], [35.6426835, 33.2073023], [35.642641, 33.2073056], [35.6426356, 33.2072567], [35.642859, 33.2072395]]]}}, {"type": "Feature", "properties": {"height": 3.0, "num_floors": null, "subtype": null, "class": null, "roof_height": null, "height_source": "floored"}, "geometry": {"type": "Polygon", "coordinates": [[[35.6427316, 33.2074434], [35.6427463, 33.2074908], [35.6426936, 33.2075023], [35.6426788, 33.2074549], [35.6427316, 33.2074434]]]}}, {"type": "Feature", "properties": {"height": 3.0, "num_floors": null, "subtype": null, "class": null, "roof_height": null, "height_source": "floored"}, "geometry": {"type": "Polygon", "coordinates": [[[35.6426706, 33.2075774], [35.642659, 33.2075207], [35.6426955, 33.2075155], [35.6427071, 33.2075722], [35.6426706, 33.2075774]]]}}, {"type": "Feature", "properties": {"height": 3.0, "num_floors": null, "subtype": null, "class": null, "roof_height": null, "height_source": "floored"}, "geometry": {"type": "Polygon", "coordinates": [[[35.6417817, 33.2162103], [35.6418434, 33.2162095], [35.6418443, 33.2162575], [35.6417826, 33.2162583], [35.6417817, 33.2162103]]]}}, {"type": "Feature", "properties": {"height": 3.0, "num_floors": null, "subtype": null, "class": null, "roof_height": null, "height_source": "floored"}, "geometry": {"type": "Polygon", "coordinates": [[[35.642772, 33.2074898], [35.642747, 33.2074297], [35.6428881, 33.2073886], [35.6429131, 33.2074486], [35.642772, 33.2074898]]]}}, {"type": "Feature", "properties": {"height": 3.0, "num_floors": null, "subtype": null, "class": null, "roof_height": null, "height_source": "floored"}, "geometry": {"type": "Polygon", "coordinates": [[[35.6429887, 33.2074333], [35.6429864, 33.2073917], [35.643036, 33.2073898], [35.6430383, 33.2074313], [35.6429887, 33.2074333]]]}}, {"type": "Feature", "properties": {"height": 3.0, "num_floors": null, "subtype": null, "class": null, "roof_height": null, "height_source": "floored"}, "geometry": {"type": "Polygon", "coordinates": [[[35.6429511, 33.2072797], [35.6429364, 33.2072374], [35.6429809, 33.2072266], [35.6429956, 33.2072689], [35.6429511, 33.2072797]]]}}, {"type": "Feature", "properties": {"height": 3.0, "num_floors": null, "subtype": null, "class": null, "roof_height": null, "height_source": "floored"}, "geometry": {"type": "Polygon", "coordinates": [[[35.6428566, 33.2198829], [35.6428308, 33.2197797], [35.6429567, 33.2197576], [35.6429825, 33.2198608], [35.6428566, 33.2198829]]]}}, {"type": "Feature", "properties": {"height": 3.0, "num_floors": null, "subtype": null, "class": null, "roof_height": null, "height_source": "floored"}, "geometry": {"type": "Polygon", "coordinates": [[[35.6428761, 33.220097], [35.6428554, 33.2200723], [35.6429021, 33.2200449], [35.6429228, 33.2200696], [35.6428761, 33.220097]]]}}, {"type": "Feature", "properties": {"height": 3.0, "num_floors": null, "subtype": null, "class": null, "roof_height": null, "height_source": "floored"}, "geometry": {"type": "Polygon", "coordinates": [[[35.6428427, 33.2200244], [35.6428229, 33.2199856], [35.642906, 33.2199559], [35.6429258, 33.2199947], [35.6428427, 33.2200244]]]}}, {"type": "Feature", "properties": {"height": 3.0, "num_floors": null, "subtype": null, "class": null, "roof_height": null, "height_source": "floored"}, "geometry": {"type": "Polygon", "coordinates": [[[35.6430317, 33.219952], [35.6430835, 33.2200549], [35.6429969, 33.2200854], [35.6429451, 33.2199825], [35.6430317, 33.219952]]]}}, {"type": "Feature", "properties": {"height": 3.0, "num_floors": null, "subtype": null, "class": null, "roof_height": null, "height_source": "floored"}, "geometry": {"type": "Polygon", "coordinates": [[[35.6429819, 33.2209728], [35.6429877, 33.2210532], [35.642806, 33.2210624], [35.6427987, 33.2209618], [35.642919, 33.2209557], [35.6429205, 33.2209758], [35.6429819, 33.2209728]]]}}, {"type": "Feature", "properties": {"height": 3.0, "num_floors": null, "subtype": null, "class": null, "roof_height": null, "height_source": "floored"}, "geometry": {"type": "Polygon", "coordinates": [[[35.6428764, 33.2213085], [35.6429063, 33.221187], [35.6430659, 33.2212145], [35.6430359, 33.221336], [35.6428764, 33.2213085]]]}}, {"type": "Feature", "properties": {"height": 3.0, "num_floors": null, "subtype": null, "class": null, "roof_height": null, "height_source": "floored"}, "geometry": {"type": "Polygon", "coordinates": [[[35.6429893, 33.2207857], [35.6430684, 33.2207629], [35.6431055, 33.2208533], [35.6430263, 33.220876], [35.6429893, 33.2207857]]]}}, {"type": "Feature", "properties": {"height": 3.0, "num_floors": null, "subtype": null, "class": null, "roof_height": null, "height_source": "floored"}, "geometry": {"type": "Polygon", "coordinates": [[[35.6428723, 33.2217098], [35.6428691, 33.2216089], [35.6430407, 33.2216051], [35.6430453, 33.2217521], [35.6429097, 33.2217551], [35.6429082, 33.221709], [35.6428723, 33.2217098]]]}}, {"type": "Feature", "properties": {"height": 3.0, "num_floors": null, "subtype": null, "class": null, "roof_height": null, "height_source": "floored"}, "geometry": {"type": "Polygon", "coordinates": [[[35.6428733, 33.2218141], [35.6430044, 33.2217911], [35.6430232, 33.2218664], [35.6428922, 33.2218894], [35.6428733, 33.2218141]]]}}, {"type": "Feature", "properties": {"height": 3.0, "num_floors": null, "subtype": null, "class": null, "roof_height": null, "height_source": "floored"}, "geometry": {"type": "Polygon", "coordinates": [[[35.642065, 33.2226981], [35.6420555, 33.2226547], [35.6421074, 33.2226467], [35.6421169, 33.2226901], [35.642065, 33.2226981]]]}}, {"type": "Feature", "properties": {"height": 3.0, "num_floors": null, "subtype": null, "class": null, "roof_height": null, "height_source": "floored"}, "geometry": {"type": "Polygon", "coordinates": [[[35.6421797, 33.2226326], [35.6420369, 33.2226544], [35.6420104, 33.2225328], [35.6422311, 33.2224991], [35.6422533, 33.2226012], [35.6423442, 33.2225874], [35.6423607, 33.2226634], [35.642192, 33.2226891], [35.6421797, 33.2226326]]]}}, {"type": "Feature", "properties": {"height": 3.0, "num_floors": null, "subtype": null, "class": null, "roof_height": null, "height_source": "floored"}, "geometry": {"type": "Polygon", "coordinates": [[[35.6422553, 33.2225748], [35.6422313, 33.2224912], [35.642282, 33.222481], [35.642306, 33.2225646], [35.6422553, 33.2225748]]]}}, {"type": "Feature", "properties": {"height": 3.0, "num_floors": null, "subtype": null, "class": null, "roof_height": null, "height_source": "floored"}, "geometry": {"type": "Polygon", "coordinates": [[[35.6426993, 33.2218293], [35.6427138, 33.2218802], [35.6426615, 33.2218906], [35.642647, 33.2218397], [35.6426993, 33.2218293]]]}}, {"type": "Feature", "properties": {"height": 3.0, "num_floors": null, "subtype": null, "class": null, "roof_height": null, "height_source": "floored"}, "geometry": {"type": "Polygon", "coordinates": [[[35.6425733, 33.2215954], [35.6425632, 33.2215741], [35.6425872, 33.221566], [35.6426482, 33.2216938], [35.6425811, 33.2217162], [35.6425303, 33.2216097], [35.6425733, 33.2215954]]]}}, {"type": "Feature", "properties": {"height": 3.0, "num_floors": null, "subtype": null, "class": null, "roof_height": null, "height_source": "floored"}, "geometry": {"type": "Polygon", "coordinates": [[[35.6423263, 33.2217823], [35.6423115, 33.2217012], [35.6425579, 33.2216697], [35.6425835, 33.2218101], [35.6425138, 33.221819], [35.6425248, 33.2218791], [35.6423989, 33.2218952], [35.6423772, 33.2217758], [35.6423263, 33.2217823]]]}}, {"type": "Feature", "properties": {"height": 3.0, "num_floors": null, "subtype": null, "class": null, "roof_height": null, "height_source": "floored"}, "geometry": {"type": "Polygon", "coordinates": [[[35.6425269, 33.2212173], [35.6425237, 33.2212867], [35.6423925, 33.2212825], [35.6423956, 33.2212131], [35.6425269, 33.2212173]]]}}, {"type": "Feature", "properties": {"height": 3.0, "num_floors": null, "subtype": null, "class": null, "roof_height": null, "height_source": "floored"}, "geometry": {"type": "Polygon", "coordinates": [[[35.6423146, 33.2207409], [35.6423319, 33.2208096], [35.6422805, 33.2208187], [35.6422633, 33.2207499], [35.6423146, 33.2207409]]]}}, {"type": "Feature", "properties": {"height": 3.0, "num_floors": null, "subtype": null, "class": null, "roof_height": null, "height_source": "floored"}, "geometry": {"type": "Polygon", "coordinates": [[[35.6427169, 33.2207232], [35.6426883, 33.2206307], [35.6427663, 33.2206138], [35.6427598, 33.2205928], [35.6428277, 33.2205781], [35.6428627, 33.2206917], [35.6427169, 33.2207232]]]}}, {"type": "Feature", "properties": {"height": 3.0, "num_floors": null, "subtype": null, "class": null, "roof_height": null, "height_source": "floored"}, "geometry": {"type": "Polygon", "coordinates": [[[35.6426024, 33.2202021], [35.6425818, 33.2201358], [35.6426596, 33.2201188], [35.6426803, 33.2201852], [35.6426024, 33.2202021]]]}}, {"type": "Feature", "properties": {"height": 3.0, "num_floors": null, "subtype": null, "class": null, "roof_height": null, "height_source": "floored"}, "geometry": {"type": "Polygon", "coordinates": [[[35.6426831, 33.2198733], [35.6427367, 33.2198654], [35.6427478, 33.2199176], [35.6426942, 33.2199255], [35.6426831, 33.2198733]]]}}, {"type": "Feature", "properties": {"height": 3.0, "num_floors": null, "subtype": null, "class": null, "roof_height": null, "height_source": "floored"}, "geometry": {"type": "Polygon", "coordinates": [[[35.6423121, 33.2205904], [35.6423262, 33.2206255], [35.6422675, 33.220642], [35.6422534, 33.2206069], [35.6423121, 33.2205904]]]}}, {"type": "Feature", "properties": {"height": 3.0, "num_floors": null, "subtype": null, "class": null, "roof_height": null, "height_source": "floored"}, "geometry": {"type": "Polygon", "coordinates": [[[35.641837, 33.2196058], [35.6417795, 33.219598], [35.6418003, 33.21949], [35.6418579, 33.2194977], [35.641837, 33.2196058]]]}}, {"type": "Feature", "properties": {"height": 3.0, "num_floors": null, "subtype": null, "class": null, "roof_height": null, "height_source": "floored"}, "geometry": {"type": "Polygon", "coordinates": [[[35.6419737, 33.2202249], [35.6418943, 33.2202106], [35.6419429, 33.2200219], [35.6420224, 33.2200363], [35.6419737, 33.2202249]]]}}, {"type": "Feature", "properties": {"height": 3.0, "num_floors": null, "subtype": null, "class": null, "roof_height": null, "height_source": "floored"}, "geometry": {"type": "Polygon", "coordinates": [[[35.6419937, 33.2206182], [35.6419913, 33.2205712], [35.6420368, 33.2205696], [35.6420392, 33.2206166], [35.6419937, 33.2206182]]]}}, {"type": "Feature", "properties": {"height": 3.0, "num_floors": null, "subtype": null, "class": null, "roof_height": null, "height_source": "floored"}, "geometry": {"type": "Polygon", "coordinates": [[[35.6417812, 33.2204448], [35.6417702, 33.2203538], [35.6419188, 33.2203411], [35.6419299, 33.2204322], [35.6417812, 33.2204448]]]}}, {"type": "Feature", "properties": {"height": 3.0, "num_floors": null, "subtype": null, "class": null, "roof_height": null, "height_source": "floored"}, "geometry": {"type": "Polygon", "coordinates": [[[35.6418653, 33.2206824], [35.6419204, 33.2206646], [35.6419583, 33.2207465], [35.6419033, 33.2207643], [35.6418653, 33.2206824]]]}}, {"type": "Feature", "properties": {"height": 3.0, "num_floors": null, "subtype": null, "class": null, "roof_height": null, "height_source": "floored"}, "geometry": {"type": "Polygon", "coordinates": [[[35.6422162, 33.220728], [35.6422107, 33.2206497], [35.6423444, 33.2206432], [35.6423499, 33.2207214], [35.6422162, 33.220728]]]}}, {"type": "Feature", "properties": {"height": 3.0, "num_floors": null, "subtype": null, "class": null, "roof_height": null, "height_source": "floored"}, "geometry": {"type": "Polygon", "coordinates": [[[35.6415684, 33.220945], [35.6416084, 33.2209586], [35.6416613, 33.2208496], [35.6417627, 33.220884], [35.6416972, 33.2210189], [35.6416043, 33.2209873], [35.6415887, 33.2210193], [35.6415404, 33.2210028], [35.6415684, 33.220945]]]}}, {"type": "Feature", "properties": {"height": 3.3, "num_floors": null, "subtype": null, "class": null, "roof_height": null, "height_source": "ndsm"}, "geometry": {"type": "Polygon", "coordinates": [[[35.6410288, 33.2219372], [35.6410242, 33.2220043], [35.6409734, 33.2220019], [35.640978, 33.2219348], [35.6410288, 33.2219372]]]}}]}